UNITS=INCH
#Layer_Physical_Order=1
#Layer_Color=255
#
#Feature symbol names
#
$0 rect35.4331x57.0866xr7.0866
$1 rect212.5984x61.0236
$2 rect61.0236x212.5984
$3 rect35.4331x27.5591xr6.8898
$4 rect37.4016x29.5276xr7.3819
$5 rect79.9213x51.1811
$6 rect124.0157x77.1654
$7 rect57.0866x35.4331xr7.0866
$8 rect27.5591x35.4331xr6.8898
$9 rect39.3701x39.3701xr3.937
$10 oval23.622x68.8976
$11 rect70.8661x53.1496xr7.9724
$12 rect29.5276x37.4016xr7.3819
$13 rect35.8268x48.0315
$14 rect125.9843x236.2205
$15 rect137.7953x62.9921
$16 s229.9213
$17 rect11.811x55.1181
$18 rect55.1181x11.811
$19 oval72.8346x13.7795
$20 rect57.0866x80.7087
$21 rect23.622x55.1181
$22 rect51.1811x37.4016xr7.4803
$23 rect62.9921x137.7953
$24 rect59.0551x94.4882
$25 rect59.0551x41.3386
$26 rect23.622x59.0551xr5.9055
$27 rect23.622x27.5591
$28 rect25.5906x35.4331
$29 rect51.1811x27.5591
$30 rect27.5591x51.1811
$31 rect40x67.5
$32 rect40x67.5xr10
$33 oval81.8898x42.126
$34 rect106.2992x53.1496xr7.9724
$35 rect37.4016x51.1811xr7.4803
$36 rect43.3071x145.669
$37 oval45x29.9213
$38 rect88.9764x117.7165
$39 rect191.3386x132.2835
$40 rect54.7244x55.1181
$41 rect27.5591x11.811
$42 rect39.3701x26.378
$43 rect118.1102x122.0472
$44 oval55.1181x17.7165
$45 rect47.2441x15.748xr1.9685
$46 r39.3701
$47 r6
$48 r10
$49 r32
$50 r16
$51 r8
$52 r60
$53 r68.8976
$54 r275.5906
$55 r21.6535
$56 r29.5276
$57 r25.5906

#
#Feature attribute names
#
@0 .geometry
@1 .pad_usage
@2 .smd

#
#Feature attribute text strings
#
&0 SMD_RoundRectX35.4331Y57.0866
&1 SMD_RectX212.5984Y61.0236
&2 SMD_RectX61.0236Y212.5984
&3 SMD_RoundRectX35.4331Y27.5591
&4 SMD_RoundRectX37.4016Y29.5276
&5 SMD_RectX79.9213Y51.1811
&6 SMD_RectX124.0157Y77.1654
&7 SMD_RoundRectX57.0866Y35.4331
&8 SMD_RoundRectX27.5591Y35.4331
&9 SMD_RoundRectX39.3701Y39.3701
&10 SMD_OvalX23.6220Y68.8976
&11 SMD_RoundRectX70.8661Y53.1496
&12 SMD_RoundRectX29.5276Y37.4016
&13 SMD_RectX35.8268Y48.0315
&14 SMD_RectX125.9843Y236.2205
&15 SMD_RectX137.7953Y62.9921
&16 SMD_SquareX229.9213Y229.9213
&17 SMD_RectX11.8110Y55.1181
&18 SMD_RectX55.1181Y11.8110
&19 SMD_OvalX72.8346Y13.7795
&20 SMD_RectX57.0866Y80.7087
&21 SMD_RectX23.6220Y55.1181
&22 SMD_RoundRectX51.1811Y37.4016
&23 SMD_RectX62.9921Y137.7953
&24 SMD_RectX59.0551Y94.4882
&25 SMD_RectX59.0551Y41.3386
&26 SMD_RoundRectX23.6220Y59.0551
&27 SMD_RectX23.6220Y27.5591
&28 SMD_RectX25.5906Y35.4331
&29 SMD_RectX51.1811Y27.5591
&30 SMD_RectX27.5591Y51.1811
&31 SMD_RectX40.0000Y67.5000
&32 SMD_RoundRectX40.0000Y67.5000
&33 SMD_OvalX81.8898Y42.1260
&34 SMD_RoundRectX106.2992Y53.1496
&35 SMD_RoundRectX37.4016Y51.1811
&36 SMD_RectX43.3071Y145.6690
&37 SMD_OvalX45.0000Y29.9213
&38 SMD_RectX88.9764Y117.7165
&39 SMD_RectX191.3386Y132.2835
&40 SMD_RectX54.7244Y55.1181
&41 SMD_RectX27.5591Y11.8110
&42 SMD_RectX39.3701Y26.3780
&43 SMD_RectX118.1102Y122.0472
&44 SMD_OvalX55.1181Y17.7165
&45 SMD_RoundRectX47.2441Y15.7480
&46 SMD_RoundX39.3701Y39.3701
&47 Pad_Simple_X39.3701Y39.3701H117.9921C157.9921
&48 Pad_Simple_X60.0000Y60.0000H40.0000C80.0000
&49 Pad_Simple_X68.8976Y68.8976H39.3701C79.3701
&50 Pad_Simple_X275.5906Y275.5906H125.9843C165.9843
&51 VIA_RoundD21.6535H11.8110C51.8110
&52 VIA_RoundD29.5276H19.6850C59.6850
&53 VIA_RoundD25.5906H15.7480C55.7480

#
#Layer features
#
L 0.1875 2.5163386 0.1875 2.5318899 48 P 0
L 0.1875 2.5163386 0.2053149 2.4985237 48 P 0
L 0.1875 2.5318899 0.2053149 2.5497048 48 P 0
L 0.1894253 2.177933 0.1894253 2.2082246 48 P 0
L 0.1894253 2.177933 0.1944252 2.1729331 48 P 0
L 0.1894253 2.2082246 0.2053149 2.2241142 48 P 0
L 0.1944252 2.1729331 0.2348425 2.1729331 48 P 0
L 0.19921 1.84951 0.19921 2.01201 48 P 0
L 0.19921 1.84951 0.21122 1.8375 48 P 0
L 0.19921 2.01201 0.21171 2.02451 48 P 0
L 0.2 1.55 0.2 1.675 48 P 0
L 0.2 1.55 0.2125 1.5375 48 P 0
L 0.2 1.675 0.25 1.725 48 P 0
L 0.2053149 2.2241142 0.2348425 2.2241142 48 P 0
L 0.2053149 2.4985237 0.2348425 2.4985237 48 P 0
L 0.2053149 2.5497048 0.2348425 2.5497048 48 P 0
L 0.21 2.09 0.21 2.1107276 48 P 0
L 0.21 2.1107276 0.2200624 2.12079 48 P 0
L 0.21122 1.8375 0.2339567 1.8375 48 P 0
L 0.21171 2.02451 0.25 2.025 48 P 0
L 0.2125 1.5375 0.22844 1.5375 48 P 0
L 0.2200624 2.12079 0.2417789 2.12079 48 P 0
L 0.2216557 2.42329 0.25329 2.42329 48 P 0
L 0.2339567 1.5147992 0.2339567 1.5375 48 P 0
L 0.2339567 1.5147992 0.2492459 1.49951 48 P 0
L 0.2339567 1.8147992 0.2339567 1.8375 48 P 0
L 0.2339567 1.8147992 0.2487701 1.7999858 48 P 0
L 0.2348425 2.1602697 0.2348425 2.1729331 48 P 0
L 0.2348425 2.1602697 0.2417789 2.1533333 48 P 0
L 0.2348425 2.1985237 0.2914763 2.1985237 48 P 0
L 0.2348425 2.2497048 0.2802952 2.2497048 48 P 0
L 0.2348425 2.2752953 0.3059914 2.2752953 47 P 0
L 0.2348425 2.3008859 0.3291141 2.3008859 47 P 0
L 0.2348425 2.352067 0.335433 2.352067 47 P 0
L 0.2348425 2.4729331 0.2860286 2.4729331 48 P 0
L 0.2348425 2.5241142 0.2758858 2.5241142 48 P 0
L 0.2348425 2.5497048 0.2848418 2.5497048 48 P 0
L 0.2348425 2.5752953 0.3617953 2.5752953 47 P 0
L 0.2348425 2.6008859 0.2752598 2.6008859 47 P 0
L 0.2348425 2.6264764 0.2752598 2.6264764 47 P 0
L 0.2348425 2.652067 0.2752598 2.652067 47 P 0
L 0.236 2.3265 0.3375 2.3265 47 P 0
L 0.2417789 2.12079 0.2417789 2.1533333 48 P 0
L 0.2487701 1.7999858 0.2625 1.7999858 48 P 0
L 0.24921 0.6249016 0.3749016 0.6249016 49 P 0
L 0.24921 0.7500985 0.24921 0.7895013 49 P 0
L 0.24921 0.7895013 0.25 0.7902913 49 P 0
L 0.24921 1.28701 0.25 1.325 48 P 0
L 0.24921 1.28701 0.26171 1.27451 48 P 0
L 0.24921 1.37451 0.25 1.325 48 P 0
L 0.24921 1.37451 0.25 1.425 48 P 0
L 0.24921 1.37451 1.2375 1.375 48 P 0
L 0.2492459 1.49951 0.88671 1.49951 48 P 0
L 0.25 0.7902913 0.25 0.8149606 49 P 0
L 0.25 0.9084646 0.25 1 49 P 0
L 0.25 0.9084646 0.3540354 0.9084646 47 P 0
L 0.25 1.242559 0.25121 1.242559 50 P 0
L 0.25 1.425 0.29951 1.47451 48 P 0
L 0.25 1.625 0.2910433 1.5839567 48 P 0
L 0.25 1.925 0.2910433 1.8839567 48 P 0
L 0.25121 1.242559 0.295 1.242559 50 P 0
L 0.25329 2.42329 0.26 2.43 48 P 0
L 0.26 2.43 0.2756478 2.4456478 48 P 0
L 0.26171 1.27451 0.90049 1.27451 48 P 0
L 0.2625 1.7999858 1.09921 1.79951 48 P 0
L 0.2725 2.3875 0.2789939 2.3939939 48 P 0
L 0.2752598 2.6008859 0.2756457 2.6005 47 P 0
L 0.2752598 2.6264764 0.2752834 2.6265 47 P 0
L 0.2752598 2.652067 0.2756928 2.6525 47 P 0
L 0.2752834 2.6265 0.3124232 2.6265 47 P 0
L 0.2756457 2.6005 0.33471 2.6005 47 P 0
L 0.2756478 2.4456478 0.2756478 2.4594081 48 P 0
L 0.2756478 2.4594081 0.2875 2.4712603 48 P 0
L 0.2756928 2.6525 0.2876495 2.6525 47 P 0
L 0.2758858 2.5241142 0.2875 2.5125 48 P 0
L 0.2789939 2.3939939 0.2838951 2.3939939 48 P 0
L 0.2802952 2.2497048 0.2911811 2.2388189 48 P 0
L 0.2821332 2.12079 0.3224876 2.12079 48 P 0
L 0.2838951 2.3939939 0.3023644 2.4124632 48 P 0
L 0.2848418 2.5497048 0.3023644 2.5321822 48 P 0
L 0.2860286 2.4729331 0.2875 2.4744045 48 P 0
L 0.2875 2.4712603 0.2875 2.4744045 48 P 0
L 0.2875 2.4744045 0.2875 2.5125 48 P 0
L 0.2910433 1.5375 0.2910433 1.5839567 48 P 0
L 0.2910433 1.8375 0.2910433 1.8839567 48 P 0
L 0.2911811 2.1988189 0.2911811 2.2388189 48 P 0
L 0.2911811 2.1988189 0.2914763 2.1985237 48 P 0
L 0.2914763 2.1985237 0.3224876 2.1675124 48 P 0
L 0.295 1.155 0.295 1.1874409 51 P 0
L 0.295 1.242559 0.35 1.242559 50 P 0
L 0.29951 1.47451 0.89921 1.47451 48 P 0
L 0.3023644 2.4124632 0.3023644 2.42329 48 P 0
L 0.3023644 2.42329 0.3023644 2.5321822 48 P 0
L 0.3059914 2.2752953 0.31 2.2712867 47 P 0
L 0.3085512 1.9078314 0.3085512 2.0485512 47 P 0
L 0.3085512 1.9078314 0.3328314 1.8835512 47 P 0
L 0.3085512 2.0485512 0.3475 2.0875 47 P 0
L 0.3224876 2.12079 0.3224876 2.1675124 48 P 0
L 0.3291141 2.3008859 0.3475 2.2825 47 P 0
L 0.3328314 1.8835512 0.4495453 1.8835512 47 P 0
L 0.33471 2.6005 0.335 2.60079 47 P 0
L 0.335433 2.352067 0.3675 2.32 47 P 0
L 0.3375 2.3265 0.3575 2.3065 47 P 0
L 0.3475 2.0875 0.3475 2.2825 47 P 0
L 0.3485 2.0265 0.35 2.025 47 P 0
L 0.35 1.155 0.35 1.1874409 51 P 0
L 0.35 1.242559 0.405 1.242559 50 P 0
L 0.35 1.925 0.375 1.925 47 P 0
L 0.35 2.025 0.3675 2.0425 47 P 0
L 0.3540354 0.9084646 0.3875 0.875 47 P 0
L 0.3575 2.1033579 0.3575 2.3065 47 P 0
L 0.3575 2.1033579 0.3675 2.0933579 47 P 0
L 0.3617953 2.5752953 0.362 2.5755 47 P 0
L 0.362 2.5755 0.3625 2.575 47 P 0
L 0.3675 2.0425 0.3675 2.0933579 47 P 0
L 0.3675 2.1075 0.3675 2.32 47 P 0
L 0.3675 2.1075 0.4 2.075 47 P 0
L 0.3749016 0.6249016 0.3875 0.6375 49 P 0
L 0.375 1.925 0.4 1.95 47 P 0
L 0.375 3.3625 0.4096457 3.3625 50 P 0
L 0.375 3.4875 0.4224409 3.4875 50 P 0
L 0.3775 2.1442158 0.3775 2.2823324 47 P 0
L 0.3775 2.1442158 0.4435426 2.0781732 47 P 0
L 0.3775 2.2823324 0.4216676 2.3265 47 P 0
L 0.3875 2.6525 0.3988895 2.6525 47 P 0
L 0.39 2.1458579 0.39 2.2692419 47 P 0
L 0.39 2.1458579 0.4476847 2.0881732 47 P 0
L 0.39 2.2692419 0.421644 2.3008859 47 P 0
L 0.3988895 2.6525 0.4249131 2.6264764 47 P 0
L 0.4 1.95 0.4 2.075 47 P 0
L 0.4 2.15 0.4 2.2505551 47 P 0
L 0.4 2.15 0.4518268 2.0981732 47 P 0
L 0.4 2.2505551 0.4247402 2.2752953 47 P 0
L 0.405 1.155 0.405 1.1874409 51 P 0
L 0.4096457 3.3625 0.4214567 3.3625 50 P 0
L 0.4125 2.1625 0.4125 2.2375 47 P 0
L 0.4125 2.1625 0.4668268 2.1081732 47 P 0
L 0.4125 2.2375 0.4247048 2.2497048 47 P 0
L 0.4125 2.6080218 0.4196359 2.6008859 47 P 0
L 0.41875 2.46875 0.41875 2.5428663 47 P 0
L 0.41875 2.46875 0.4375 2.45 47 P 0
L 0.41875 2.5428663 0.4247402 2.5488565 47 P 0
L 0.41875 2.575 0.4244449 2.575 47 P 0
L 0.4196359 2.6008859 0.4651575 2.6008859 47 P 0
L 0.421644 2.3008859 0.4651575 2.3008859 47 P 0
L 0.4216676 2.3265 0.464 2.3265 47 P 0
L 0.4244449 2.575 0.4247402 2.5752953 47 P 0
L 0.4247048 2.2497048 0.4651575 2.2497048 47 P 0
L 0.4247402 2.2752953 0.4651575 2.2752953 47 P 0
L 0.4247402 2.5488565 0.4247402 2.5497048 47 P 0
L 0.4247402 2.5497048 0.4651575 2.5497048 47 P 0
L 0.4247402 2.5752953 0.4651575 2.5752953 47 P 0
L 0.4249131 2.6264764 0.4651575 2.6264764 47 P 0
L 0.4279297 2.3597672 0.4279297 2.3605085 47 P 0
L 0.4279297 2.3597672 0.4356299 2.352067 47 P 0
L 0.4279297 2.3605085 0.45 2.3825788 47 P 0
L 0.4356299 2.352067 0.4651575 2.352067 47 P 0
L 0.4375 2.4424213 0.4375 2.45 47 P 0
L 0.4435426 2.0781732 0.4554442 2.0781732 47 P 0
L 0.4476847 2.0881732 0.4605468 2.0881732 47 P 0
L 0.4495453 1.8835512 0.45 1.8840059 47 P 0
L 0.45 1.8840059 0.45 1.925 47 P 0
L 0.45 2.9375 0.4653543 2.9375 49 P 0
L 0.4518268 2.0981732 0.5354442 2.0981732 47 P 0
L 0.4554442 2.0781732 0.49921 2.0344074 47 P 0
L 0.4605468 2.0881732 0.52421 2.02451 47 P 0
L 0.464 2.1985 0.5086947 2.1985 47 P 0
L 0.464 2.2245 0.4651575 2.2245 47 P 0
L 0.464 2.4725 0.4651575 2.4725 47 P 0
L 0.464 2.4985 0.5063425 2.4985 47 P 0
L 0.4651575 2.1539748 0.4651575 2.1729331 47 P 0
L 0.4651575 2.1539748 0.5009591 2.1181732 47 P 0
L 0.4651575 2.2241142 0.4946851 2.2241142 47 P 0
L 0.4651575 2.4472638 0.4651575 2.4725 47 P 0
L 0.4651575 2.4472638 0.4842481 2.4281732 47 P 0
L 0.4651575 2.4725 0.4651575 2.4729331 47 P 0
L 0.4651575 2.5241142 0.5055748 2.5241142 47 P 0
L 0.4651575 2.652067 0.4946851 2.652067 47 P 0
L 0.4653543 2.9375 0.4841043 2.95625 49 P 0
L 0.4668268 2.1081732 0.5405468 2.1081732 47 P 0
L 0.475 2.675 0.4871525 2.675 47 P 0
L 0.477559 3.4467166 0.477559 3.4875 50 P 0
L 0.477559 3.4467166 0.4775591 3.4467165 50 P 0
L 0.477559 3.4875 0.5339567 3.4875 50 P 0
L 0.4775591 3.425 0.4775591 3.4467165 50 P 0
L 0.4775591 3.425 0.4960787 3.425 50 P 0
L 0.4785433 3.3625 0.5350787 3.3625 50 P 0
L 0.4841043 2.95625 0.4841043 2.99375 49 P 0
L 0.4842481 2.4281732 0.5215409 2.4281732 47 P 0
L 0.4871525 2.675 0.5023853 2.6597672 47 P 0
L 0.4875 0.7375 0.4875 0.875 47 P 0
L 0.4946851 2.2241142 0.5125 2.2419291 47 P 0
L 0.4946851 2.652067 0.5023853 2.6597672 47 P 0
L 0.4960787 3.425 0.5085787 3.4125 50 P 0
L 0.49921 1.93204 0.49921 2.0344074 47 P 0
L 0.49921 1.93204 0.50625 1.925 47 P 0
L 0.5009591 2.1181732 0.5190409 2.1181732 47 P 0
L 0.5055748 2.5241142 0.5125 2.5310394 47 P 0
L 0.50625 1.925 0.55 1.925 47 P 0
L 0.5063425 2.4985 0.5125 2.4923425 47 P 0
L 0.5085787 3.4125 0.5350787 3.4125 50 P 0
L 0.5086947 2.1985 0.51 2.1971947 47 P 0
L 0.51 1.155 0.51 1.1874409 51 P 0
L 0.51 1.242559 0.565 1.242559 50 P 0
L 0.51 2.14 0.51 2.1971947 47 P 0
L 0.5125 2.2419291 0.5125 2.3875 47 P 0
L 0.5125 2.45 0.5125 2.4923425 47 P 0
L 0.5125 2.5310394 0.5125 2.6841839 47 P 0
L 0.5190409 2.1181732 0.5318268 2.1309591 47 P 0
L 0.5215409 2.4281732 0.5343268 2.4409591 47 P 0
L 0.5229331 2.4796953 0.5229331 2.6601472 47 P 0
L 0.5229331 2.4796953 0.5343268 2.4683016 47 P 0
L 0.5229331 2.6601472 0.5468268 2.6840409 47 P 0
L 0.52421 2.02451 0.55 2.025 47 P 0
L 0.5276667 2.17912 0.5276667 2.2927583 47 P 0
L 0.5276667 2.17912 0.5318268 2.1749599 47 P 0
L 0.5276667 2.2927583 0.5318268 2.2969184 47 P 0
L 0.5318268 2.1309591 0.5318268 2.1749599 47 P 0
L 0.5318268 2.2969184 0.5318268 2.3718268 47 P 0
L 0.5318268 2.3718268 0.57201 2.41201 47 P 0
L 0.5343268 2.4409591 0.5343268 2.4683016 47 P 0
L 0.5354442 2.0981732 0.59921 2.0344074 47 P 0
L 0.5405468 2.1081732 0.62421 2.02451 47 P 0
L 0.5466839 2.6841838 0.5466839 2.6841839 47 P 0
L 0.5466839 2.6841838 0.5468268 2.6840409 47 P 0
L 0.5466839 2.6841839 0.5625 2.7 47 P 0
L 0.56 2.4625 0.56 2.5075992 48 P 0
L 0.56 2.5075992 0.5925433 2.5075992 48 P 0
L 0.56 2.56 0.56 2.5883079 48 P 0
L 0.56 2.56 0.5702952 2.5497048 48 P 0
L 0.56 2.5883079 0.56 2.63 48 P 0
L 0.56321 2.1625 0.56321 2.1955848 48 P 0
L 0.56321 2.1955848 0.56321 2.2173242 48 P 0
L 0.56321 2.2173242 0.57 2.2241142 48 P 0
L 0.56321 2.254577 0.56321 2.2762935 48 P 0
L 0.56321 2.254577 0.5680822 2.2497048 48 P 0
L 0.56321 2.2762935 0.56321 2.3175 48 P 0
L 0.565 1.155 0.565 1.1874409 51 P 0
L 0.565 1.242559 0.62 1.242559 50 P 0
L 0.5680822 2.2497048 0.6348425 2.2497048 48 P 0
L 0.57 2.2241142 0.6348425 2.2241142 48 P 0
L 0.5702952 2.5497048 0.6348425 2.5497048 48 P 0
L 0.57201 2.41201 0.93701 2.41201 47 P 0
L 0.5925433 2.5075992 0.5944252 2.5057173 48 P 0
L 0.5944252 2.4985237 0.5944252 2.5057173 48 P 0
L 0.5944252 2.4985237 0.6348425 2.4985237 48 P 0
L 0.59921 1.93204 0.59921 2.0344074 47 P 0
L 0.59921 1.93204 0.6068028 1.9244472 47 P 0
L 0.6068028 1.9244472 0.65 1.925 47 P 0
L 0.62 1.155 0.62 1.1874409 51 P 0
L 0.62 1.242559 0.65936 1.242559 50 P 0
L 0.62421 2.02451 0.65 2.025 47 P 0
L 0.6348425 2.1729331 0.6979331 2.1729331 47 P 0
L 0.6348425 2.1985237 0.6348425 2.2241142 48 P 0
L 0.6348425 2.2752953 0.7247047 2.2752953 47 P 0
L 0.6348425 2.3008859 0.7268722 2.3008859 47 P 0
L 0.6348425 2.3264764 0.7422736 2.3264764 47 P 0
L 0.6348425 2.352067 0.7508621 2.352067 47 P 0
L 0.6348425 2.4729331 0.6828227 2.4729331 47 P 0
L 0.6348425 2.4985237 0.6348425 2.5241142 48 P 0
L 0.6348425 2.5752953 0.7614203 2.5752953 47 P 0
L 0.6348425 2.6008859 0.7361141 2.6008859 47 P 0
L 0.6348425 2.652067 0.685433 2.652067 47 P 0
L 0.636 2.1985 0.68221 2.1985 47 P 0
L 0.636 2.6265 0.711 2.6265 47 P 0
L 0.65936 1.242559 0.66 1.242559 50 P 0
L 0.6718996 0.5408465 0.7005629 0.5408465 48 P 0
L 0.6718996 1.0833465 0.6718996 1.1281496 48 P 0
L 0.6718996 1.1281496 0.69375 1.15 48 P 0
L 0.68221 2.1985 0.69621 2.2125 47 P 0
L 0.6828227 2.4729331 0.69375 2.4838604 47 P 0
L 0.685433 2.652067 0.6875 2.65 47 P 0
L 0.69375 1.15 0.7224409 1.15 48 P 0
L 0.6979331 2.1729331 0.70625 2.18125 47 P 0
L 0.7005629 0.5408465 0.7125 0.5289094 48 P 0
L 0.70625 1.89375 0.70625 2.05625 47 P 0
L 0.70625 1.89375 0.725 1.875 47 P 0
L 0.70625 2.05625 0.737 2.087 47 P 0
L 0.711 2.6265 0.7125 2.625 47 P 0
L 0.7125 0.46875 0.7125 0.5289094 48 P 0
L 0.7125 0.46875 0.73125 0.45 48 P 0
L 0.7125 2.1125 0.730315 2.130315 47 P 0
L 0.7224409 1.15 0.7224409 1.19951 48 P 0
L 0.7247047 2.2752953 0.730315 2.269685 47 P 0
L 0.725 1.875 0.8409941 1.875 47 P 0
L 0.7268722 2.3008859 0.74 2.2877581 47 P 0
L 0.730315 2.130315 0.730315 2.269685 47 P 0
L 0.73125 0.45 0.9590059 0.45 48 P 0
L 0.7361141 2.6008859 0.7365 2.6005 47 P 0
L 0.737 2.087 0.737 2.1228579 47 P 0
L 0.737 2.1228579 0.740315 2.1261729 47 P 0
L 0.7399212 3.3125 0.7757244 3.3125 50 P 0
L 0.7399212 3.3625 0.7664212 3.3625 50 P 0
L 0.7399212 3.4125 0.7474606 3.4125 50 P 0
L 0.74 1.245 0.81981 1.245 48 P 0
L 0.74 2.2741421 0.74 2.2877581 47 P 0
L 0.74 2.2741421 0.740315 2.2738271 47 P 0
L 0.740059 3.4875 0.825 3.4875 50 P 0
L 0.740315 2.1261729 0.740315 2.2738271 47 P 0
L 0.7422736 2.3264764 0.75 2.31875 47 P 0
L 0.7474606 3.4125 0.7625197 3.4275591 50 P 0
L 0.7485 2.0265 0.7485 2.1202158 47 P 0
L 0.7485 2.0265 0.75 2.025 47 P 0
L 0.7485 2.1202158 0.750315 2.1220308 47 P 0
L 0.75 1.925 0.79375 1.925 47 P 0
L 0.75 2.2782842 0.75 2.31875 47 P 0
L 0.75 2.2782842 0.750315 2.2779692 47 P 0
L 0.750315 2.1220308 0.750315 2.2779692 47 P 0
L 0.7508621 2.352067 0.76 2.3429291 47 P 0
L 0.7508996 1.0303504 0.7508996 1.0833465 48 P 0
L 0.7508996 1.0303504 0.7597296 1.0215204 48 P 0
L 0.7597296 1.0215204 0.8465204 1.0215204 48 P 0
L 0.76 2.115 0.76 2.1175737 47 P 0
L 0.76 2.115 0.8 2.075 47 P 0
L 0.76 2.1175737 0.760315 2.1178887 47 P 0
L 0.76 2.2824263 0.76 2.3429291 47 P 0
L 0.76 2.2824263 0.760315 2.2821113 47 P 0
L 0.760315 2.1178887 0.760315 2.2821113 47 P 0
L 0.7614203 2.5752953 0.761625 2.5755 47 P 0
L 0.7625197 3.4275591 0.8 3.4275591 50 P 0
L 0.7664212 3.3625 0.7763622 3.372441 50 P 0
L 0.7725 2.6525 0.7730768 2.6530768 47 P 0
L 0.7725 2.6525 0.8243072 2.6525 47 P 0
L 0.775 2.125 0.775 2.3125 47 P 0
L 0.775 2.125 0.8 2.1 47 P 0
L 0.775 2.3125 0.789 2.3265 47 P 0
L 0.7757244 3.3125 0.7782835 3.3150591 50 P 0
L 0.7763622 3.372441 0.8 3.372441 50 P 0
L 0.777559 1.146063 0.777559 1.15 48 P 0
L 0.777559 1.146063 0.79375 1.129872 48 P 0
L 0.777559 1.15 0.777559 1.2 48 P 0
L 0.7782835 3.3150591 0.8 3.3150591 50 P 0
L 0.7875 2.1375 0.7875 2.2755 47 P 0
L 0.7875 2.1375 0.8125 2.1125 47 P 0
L 0.7875 2.2755 0.8128859 2.3008859 47 P 0
L 0.789 2.3265 0.864 2.3265 47 P 0
L 0.79375 1.0954961 0.79375 1.129872 48 P 0
L 0.79375 1.0954961 0.8058996 1.0833465 48 P 0
L 0.79375 1.925 0.8 1.93125 47 P 0
L 0.8 1.93125 0.8 2.075 47 P 0
L 0.8 2.1 0.8375 2.1 47 P 0
L 0.8 2.15 0.8 2.25625 47 P 0
L 0.8 2.15 0.825 2.125 47 P 0
L 0.8 2.25625 0.8190453 2.2752953 47 P 0
L 0.8 3.372441 0.8291339 3.372441 50 P 0
L 0.8058996 1.0833465 0.8298996 1.0833465 48 P 0
L 0.8125 2.1125 0.85 2.1125 47 P 0
L 0.8125 2.4674213 0.8125 2.5265749 47 P 0
L 0.8125 2.4674213 0.8375 2.4424213 47 P 0
L 0.8125 2.5265749 0.8356299 2.5497048 47 P 0
L 0.8128859 2.3008859 0.8651575 2.3008859 47 P 0
L 0.8133859 2.6008859 0.8651575 2.6008859 47 P 0
L 0.8154002 2.6305394 0.819256 2.6305394 47 P 0
L 0.81825 2.5688051 0.8247402 2.5752953 47 P 0
L 0.8190453 2.2752953 0.8651575 2.2752953 47 P 0
L 0.819256 2.6305394 0.8199666 2.63125 47 P 0
L 0.81981 1.245 0.8375 1.22731 48 P 0
L 0.8199666 2.63125 0.8247402 2.6264764 47 P 0
L 0.8217401 2.1671798 0.8217401 2.235815 47 P 0
L 0.8217401 2.1671798 0.8539199 2.135 47 P 0
L 0.8217401 2.235815 0.8356299 2.2497048 47 P 0
L 0.8243072 2.6525 0.8247402 2.652067 47 P 0
L 0.8247402 2.5752953 0.8651575 2.5752953 47 P 0
L 0.8247402 2.6264764 0.8651575 2.6264764 47 P 0
L 0.8247402 2.652067 0.864433 2.652067 47 P 0
L 0.825 2.125 0.8625 2.125 47 P 0
L 0.825 3.4875 0.8375 3.475 50 P 0
L 0.8291339 3.372441 0.8375 3.3808071 50 P 0
L 0.8298996 0.5408465 0.8568129 0.5408465 48 P 0
L 0.8356299 2.2497048 0.8651575 2.2497048 47 P 0
L 0.8356299 2.5497048 0.8651575 2.5497048 47 P 0
L 0.8375 1.1464567 0.841437 1.1464567 48 P 0
L 0.8375 1.2035433 0.8375 1.22731 48 P 0
L 0.8375 1.2035433 0.9 1.2035433 48 P 0
L 0.8375 2.1 0.9 2.0375 47 P 0
L 0.8375 3.3808071 0.8375 3.475 50 P 0
L 0.8409941 1.875 0.85 1.8840059 47 P 0
L 0.841437 1.1464567 0.8588996 1.1289941 48 P 0
L 0.8465204 1.0215204 0.8588996 1.0338996 48 P 0
L 0.85 1.8840059 0.85 1.925 47 P 0
L 0.85 2.1125 0.9125 2.05 47 P 0
L 0.8539199 2.135 0.8666421 2.135 47 P 0
L 0.85625 2.3768947 0.8651575 2.3679872 47 P 0
L 0.8568129 0.5408465 0.86875 0.5289094 48 P 0
L 0.8588996 1.0338996 0.8588996 1.1289941 48 P 0
L 0.8625 2.125 0.9210512 2.0664488 47 P 0
L 0.8634232 2.6530768 0.864433 2.652067 47 P 0
L 0.8635 2.6 0.864 2.6005 47 P 0
L 0.864 2.1725 0.8651575 2.1725 47 P 0
L 0.864 2.1985 0.911 2.1985 47 P 0
L 0.864 2.2245 0.8950709 2.2245 47 P 0
L 0.864 2.4725 0.8651575 2.4725 47 P 0
L 0.864 2.4985 0.911 2.4985 47 P 0
L 0.864433 2.652067 0.8651575 2.652067 47 P 0
L 0.8651575 2.1729331 0.9055748 2.1729331 47 P 0
L 0.8651575 2.2241142 0.8946851 2.2241142 47 P 0
L 0.8651575 2.352067 0.8651575 2.3679872 47 P 0
L 0.8651575 2.4729331 0.9229331 2.4729331 47 P 0
L 0.8651575 2.5241142 0.9055748 2.5241142 47 P 0
L 0.8666421 2.135 0.9251933 2.0764488 47 P 0
L 0.86875 0.4875 0.86875 0.5289094 48 P 0
L 0.86875 0.4875 0.8875 0.46875 48 P 0
L 0.8798996 1.0336339 0.8798996 1.1302933 48 P 0
L 0.8798996 1.0336339 0.8920131 1.0215204 48 P 0
L 0.8798996 1.1302933 0.896063 1.1464567 48 P 0
L 0.88671 1.49951 0.93671 1.54951 48 P 0
L 0.8875 0.46875 1.06875 0.46875 48 P 0
L 0.8920131 1.0215204 0.9777704 1.0215204 48 P 0
L 0.8946851 2.2241142 0.8950709 2.2245 47 P 0
L 0.8950709 2.2245 0.9125 2.2419291 47 P 0
L 0.896063 1.1464567 0.9 1.1464567 48 P 0
L 0.89921 1.47451 0.9372 1.5125 48 P 0
L 0.9 1.935 0.9 2.0375 47 P 0
L 0.9 1.935 0.91 1.925 47 P 0
L 0.90049 1.27451 0.9375 1.2375 48 P 0
L 0.9055748 2.1729331 0.9060079 2.1725 47 P 0
L 0.9055748 2.5241142 0.9125 2.5310394 47 P 0
L 0.9060079 2.1725 0.9170273 2.1725 47 P 0
L 0.9088996 0.5408465 0.9380629 0.5408465 48 P 0
L 0.9088996 1.0833465 0.9328996 1.0833465 48 P 0
L 0.91 1.925 0.95 1.925 47 P 0
L 0.911 2.1985 0.9125 2.2 47 P 0
L 0.911 2.4985 0.9125 2.5 47 P 0
L 0.9125 2.0375 0.9125 2.05 47 P 0
L 0.9125 2.0375 0.925 2.025 47 P 0
L 0.9125 2.2419291 0.9125 2.3875 47 P 0
L 0.9125 2.4375 0.9128915 2.4371085 47 P 0
L 0.9125 2.4375 0.9250985 2.4500985 47 P 0
L 0.9125 2.5310394 0.9125 2.675 47 P 0
L 0.9170273 2.1725 0.9284591 2.1839318 47 P 0
L 0.9210512 2.0664488 0.9671686 2.0664488 47 P 0
L 0.9229331 2.4729331 0.9375 2.4875 47 P 0
L 0.925 2.025 0.95 2.025 47 P 0
L 0.9250985 2.4500985 1.0027559 2.4500985 47 P 0
L 0.9251933 2.0764488 0.9888071 2.0764488 47 P 0
L 0.9284591 2.1839318 0.9339318 2.1839318 47 P 0
L 0.9328996 1.0833465 0.94375 1.0941969 48 P 0
L 0.9339318 2.1839318 0.9375 2.1875 47 P 0
L 0.934941 2.1125 0.934941 2.1658087 47 P 0
L 0.934941 2.1658087 0.9475 2.1783677 47 P 0
L 0.93671 1.54951 1.13671 1.54951 48 P 0
L 0.93701 2.41201 0.9375 2.4125 47 P 0
L 0.9372 1.5125 0.97844 1.5125 48 P 0
L 0.9375 1.2375 0.97844 1.2375 48 P 0
L 0.9375 2.1875 0.9375 2.4125 47 P 0
L 0.9375 2.4875 0.9375 2.7 47 P 0
L 0.9380629 0.5408465 0.95 0.5289094 48 P 0
L 0.94375 1.0941969 0.94375 1.1298721 48 P 0
L 0.94375 1.1298721 0.9599409 1.146063 48 P 0
L 0.9475 2.1783677 0.9475 2.2117362 47 P 0
L 0.9475 2.2117362 0.9731654 2.2374016 47 P 0
L 0.95 0.5040366 0.95 0.5289094 48 P 0
L 0.95 0.5040366 0.9625 0.4915366 48 P 0
L 0.9590059 0.45 0.9777559 0.43125 48 P 0
L 0.9599409 1.146063 0.9599409 1.15 48 P 0
L 0.9599409 1.15 0.9599409 1.1894509 48 P 0
L 0.9625 0.4915366 1.2209634 0.4915366 48 P 0
L 0.9625 2.1222796 0.9625 2.1625 47 P 0
L 0.9625 2.1222796 0.9722796 2.1125 47 P 0
L 0.9625 2.1625 0.9625985 2.1625985 47 P 0
L 0.9625985 2.1625985 1.0027559 2.1625985 47 P 0
L 0.9671686 2.0664488 0.9914488 2.0421686 47 P 0
L 0.9722796 2.1125 0.9900591 2.1125 47 P 0
L 0.9731654 2.2374016 0.9909449 2.2374016 47 P 0
L 0.9743369 2.2540096 0.9743369 2.2804795 47 P 0
L 0.9743369 2.2540096 0.9909449 2.2374016 47 P 0
L 0.9743369 2.2804795 0.9841509 2.2902935 47 P 0
L 0.9743369 2.5415096 0.9743369 2.5676795 47 P 0
L 0.9743369 2.5415096 0.9909449 2.5249016 47 P 0
L 0.9743369 2.5676795 0.9849409 2.5782835 47 P 0
L 0.97549 2.37451 0.98549 2.38451 47 P 0
L 0.9777559 0.43125 1.0125 0.43125 48 P 0
L 0.9777704 1.0215204 0.9878996 1.0316496 48 P 0
L 0.9841509 2.2902935 0.9841509 2.31201 47 P 0
L 0.9849409 2.5782835 0.9849409 2.6 47 P 0
L 0.98549 2.38451 1.0088557 2.38451 47 P 0
L 0.9878996 1.0316496 0.9878996 1.0833465 48 P 0
L 0.9888071 2.0764488 1.0402559 2.025 47 P 0
L 0.9909449 2.2374016 1.0027559 2.2374016 47 P 0
L 0.9909449 2.5249016 1.0027559 2.5249016 47 P 0
L 0.9914488 1.9960512 0.9914488 2.0421686 47 P 0
L 0.9914488 1.9960512 1 1.9875 47 P 0
L 1 1.93125 1 1.9875 47 P 0
L 1 1.93125 1.00625 1.925 47 P 0
L 1.0027559 2.2 1.0375 2.2 47 P 0
L 1.0027559 2.2374016 1.0145669 2.2374016 47 P 0
L 1.0027559 2.4875 1.0323464 2.4875 47 P 0
L 1.0027559 2.5249016 1.0438484 2.5249016 47 P 0
L 1.00625 1.925 1.05 1.925 47 P 0
L 1.0088557 2.38451 1.0088557 2.4170533 47 P 0
L 1.0088557 2.4170533 1.0189803 2.4170533 47 P 0
L 1.0125 0.28125 1.0125 0.43125 48 P 0
L 1.0125 0.28125 1.0253248 0.2684252 48 P 0
L 1.0145669 2.2374016 1.0311749 2.2207936 47 P 0
L 1.015059 1.15 1.015059 1.1894508 48 P 0
L 1.015059 1.15 1.0477434 1.15 48 P 0
L 1.015059 1.1894508 1.0150591 1.1894509 48 P 0
L 1.0189803 2.4170533 1.05 2.448073 47 P 0
L 1.0253248 0.2684252 1.0826772 0.2684252 48 P 0
L 1.0311749 2.2207936 1.0568285 2.2207936 47 P 0
L 1.0323464 2.4875 1.05 2.4698464 47 P 0
L 1.0375 2.2 1.05 2.1875 47 P 0
L 1.040059 2.6 1.0964567 2.6 47 P 0
L 1.0402559 2.025 1.05 2.025 47 P 0
L 1.0410433 1.4339567 1.0410433 1.5125 48 P 0
L 1.0410433 1.4339567 1.05 1.425 48 P 0
L 1.04124 2.31201 1.10266 2.31201 47 P 0
L 1.0438484 2.5249016 1.0972441 2.4715059 47 P 0
L 1.04656 1.2375 1.0477434 1.2388174 48 P 0
L 1.04656 1.2375 1.04921 1.24015 48 P 0
L 1.0477434 1.15 1.0668996 1.1308438 48 P 0
L 1.0477434 1.2388174 1.04921 1.24045 48 P 0
L 1.04921 1.2375 1.04921 1.24015 48 P 0
L 1.04921 1.24015 1.04921 1.24045 48 P 0
L 1.04921 1.24015 1.05 1.24094 48 P 0
L 1.04921 1.24045 1.04921 1.32421 48 P 0
L 1.04921 1.32421 1.05 1.325 48 P 0
L 1.05 2.1375 1.05 2.1875 47 P 0
L 1.05 2.1375 1.0625 2.125 47 P 0
L 1.05 2.38451 1.0895644 2.38451 47 P 0
L 1.05 2.448073 1.05 2.4698464 47 P 0
L 1.0568285 2.2207936 1.0972441 2.180378 47 P 0
L 1.0625 2.125 1.1625 2.125 47 P 0
L 1.0668996 0.5408465 1.2091535 0.5408465 48 P 0
L 1.0668996 1.0833465 1.0668996 1.1308438 48 P 0
L 1.06875 0.46875 1.0826772 0.4548228 48 P 0
L 1.0826772 0.3864173 1.0826772 0.43125 48 P 0
L 1.0826772 0.43125 1.0826772 0.4548228 48 P 0
L 1.0826772 0.43125 1.14921 0.43125 48 P 0
L 1.0895644 2.38451 1.15951 2.38451 47 P 0
L 1.0964567 2.6 1.0964567 2.6339567 47 P 0
L 1.0964567 2.6339567 1.1125 2.65 47 P 0
L 1.0972441 2.1625985 1.0972441 2.180378 47 P 0
L 1.0972441 2.2374016 1.1268346 2.2374016 48 P 0
L 1.0972441 2.4500985 1.0972441 2.4715059 47 P 0
L 1.0972441 2.4500985 1.1530866 2.4500985 47 P 0
L 1.0972441 2.5249016 1.1374016 2.5249016 47 P 0
L 1.09921 1.79951 1.11171 1.78701 48 P 0
L 1.10266 2.31201 1.1081641 2.3121307 47 P 0
L 1.1081667 2.31201 1.12997 2.31201 47 P 0
L 1.11171 1.58701 1.11171 1.78701 48 P 0
L 1.11171 1.58701 1.12421 1.57451 48 P 0
L 1.12421 1.57451 1.16171 1.57451 48 P 0
L 1.125 2.4875 1.1429135 2.5054135 47 P 0
L 1.1268346 2.2374016 1.1297874 2.2403544 48 P 0
L 1.1297874 2.2403544 1.175 2.2403544 48 P 0
L 1.12997 2.31201 1.1375 2.31954 47 P 0
L 1.13671 1.54951 1.14921 1.53701 48 P 0
L 1.1374016 2.5249016 1.15 2.5375 47 P 0
L 1.1375 2.31954 1.1375 2.35 47 P 0
L 1.1375 2.35 1.15 2.3625 47 P 0
L 1.1429135 2.5054135 1.175 2.5054135 47 P 0
L 1.14921 1.29045 1.15 1.325 48 P 0
L 1.14921 1.29045 1.1557033 1.2839567 48 P 0
L 1.14921 1.47451 1.14921 1.53701 48 P 0
L 1.14921 1.47451 1.1493019 1.46875 48 P 0
L 1.1493019 1.46875 1.15 1.425 48 P 0
L 1.1493019 1.46875 1.1520086 1.4660433 48 P 0
L 1.15 1.425 1.15 1.4327205 48 P 0
L 1.15 1.4327205 1.2640587 1.4327205 48 P 0
L 1.15 2.5375 1.1875 2.5375 47 P 0
L 1.1520086 1.4660433 1.2375 1.4660433 48 P 0
L 1.1530866 2.4500985 1.1532835 2.4502954 47 P 0
L 1.1532835 2.4502954 1.175 2.4502954 47 P 0
L 1.1535433 2.6 1.2 2.6 47 P 0
L 1.1557033 1.2839567 1.2375 1.2839567 48 P 0
L 1.15951 2.38451 1.2125 2.4375 47 P 0
L 1.16171 1.57451 1.17421 1.56201 48 P 0
L 1.16171 1.6459667 1.1902533 1.6459667 48 P 0
L 1.16171 1.7030533 1.1902633 1.7030533 48 P 0
L 1.1625 1.9464567 1.2285433 1.9464567 48 P 0
L 1.1625 2.0035433 1.1907433 2.0035433 48 P 0
L 1.1625 2.125 1.175 2.1375 47 P 0
L 1.17077 2.31201 1.22421 2.31201 47 P 0
L 1.17421 1.52451 1.17421 1.56201 48 P 0
L 1.17421 1.52451 1.18671 1.51201 48 P 0
L 1.175 2.1375 1.175 2.1596457 47 P 0
L 1.175 2.1596457 1.225 2.1596457 47 P 0
L 1.175 2.2403544 1.225 2.2403544 48 P 0
L 1.18671 1.51201 1.27421 1.51201 48 P 0
L 1.1875 2.5375 1.2125 2.5125 47 P 0
L 1.1902533 1.6459667 1.21171 1.62451 48 P 0
L 1.1902633 1.7030533 1.19577 1.70856 48 P 0
L 1.1907433 2.0035433 1.21171 2.02451 48 P 0
L 1.19577 1.70856 1.21171 1.72451 48 P 0
L 1.2091535 0.5408465 1.2861739 0.4638261 48 P 0
L 1.21171 1.62451 1.25 1.625 48 P 0
L 1.21171 1.72451 1.25 1.725 48 P 0
L 1.21171 2.02451 1.25 2.025 48 P 0
L 1.2125 2.4375 1.2125 2.5125 47 P 0
L 1.2209634 0.4915366 1.28125 0.43125 48 P 0
L 1.22421 2.31201 1.23671 2.29951 47 P 0
L 1.2285433 1.9464567 1.25 1.925 48 P 0
L 1.2375 1.1625 1.2375 1.2839567 48 P 0
L 1.2375 1.2839567 1.2699838 1.2839567 48 P 0
L 1.2375 1.3410433 1.2375 1.375 48 P 0
L 1.2375 1.375 1.2375 1.4089567 48 P 0
L 1.2640587 1.4327205 1.2727854 1.4239938 48 P 0
L 1.2648268 1.3124958 1.2652008 1.3128698 48 P 0
L 1.2652008 1.3128698 1.2652008 1.3562162 48 P 0
L 1.2652008 1.3562162 1.2727854 1.3638008 48 P 0
L 1.2699838 1.2839567 1.2914652 1.3054381 48 P 0
L 1.2727854 1.3638008 1.2727854 1.4239938 48 P 0
L 1.27421 1.51201 1.2910569 1.4951631 48 P 0
L 1.28125 0.43125 1.3144685 0.43125 48 P 0
L 1.2861739 0.4638261 1.3611739 0.4638261 48 P 0
L 1.2910569 1.4951631 1.2914652 1.3209949 48 P 0
L 1.2914652 1.3054381 1.2914652 1.3209949 48 P 0
L 1.29375 1.1743775 1.29375 1.19769 48 P 0
L 1.29375 1.19769 1.30807 1.21201 48 P 0
L 1.2968996 0.5030965 1.2968996 0.5408465 48 P 0
L 1.2968996 0.5030965 1.2969035 0.5030965 48 P 0
L 1.2968996 1.0833465 1.2968996 1.1343996 48 P 0
L 1.2968996 1.1343996 1.3125 1.15 48 P 0
L 1.2969035 0.5030965 1.3084634 0.4915366 48 P 0
L 1.30807 1.21201 1.4313325 1.21201 48 P 0
L 1.30807 1.25943 1.30807 1.90807 47 P 0
L 1.30807 1.25943 1.3225 1.245 47 P 0
L 1.30807 1.90807 1.325 1.925 47 P 0
L 1.3084634 0.4915366 1.4647134 0.4915366 48 P 0
L 1.3125 1.15 1.3474409 1.15 48 P 0
L 1.3144685 0.28125 1.3144685 0.43125 48 P 0
L 1.3144685 0.28125 1.3272933 0.2684252 48 P 0
L 1.3225 1.245 1.63 1.245 47 P 0
L 1.325 1.925 1.35 1.925 47 P 0
L 1.3272933 0.2684252 1.3779528 0.2684252 48 P 0
L 1.3474409 1.15 1.3474409 1.1808971 48 P 0
L 1.3474409 1.1808971 1.3559947 1.1894509 48 P 0
L 1.35 1.5125 1.35 1.625 47 P 0
L 1.35 1.5125 1.36171 1.49951 47 P 0
L 1.35 1.725 1.4 1.675 47 P 0
L 1.3559947 1.1894509 1.4167352 1.1894509 48 P 0
L 1.3611739 0.4638261 1.3779528 0.4470472 48 P 0
L 1.36171 1.49951 1.7999543 1.5000457 47 P 0
L 1.375 1.475 1.39375 1.45625 47 P 0
L 1.3758996 1.0331208 1.3758996 1.0833465 48 P 0
L 1.3758996 1.0331208 1.3875 1.0215204 48 P 0
L 1.3779528 0.3864173 1.3779528 0.43125 48 P 0
L 1.3779528 0.43125 1.3779528 0.4470472 48 P 0
L 1.3779528 0.43125 1.4375 0.43125 48 P 0
L 1.3875 1.0215204 1.4715204 1.0215204 48 P 0
L 1.39375 1.26875 1.39375 1.45625 47 P 0
L 1.39375 1.26875 1.4075 1.255 47 P 0
L 1.4 1.525 1.4 1.675 47 P 0
L 1.4 1.525 1.4125 1.5125 47 P 0
L 1.402559 1.146063 1.402559 1.15 48 P 0
L 1.402559 1.146063 1.4171489 1.1314731 48 P 0
L 1.40625 1.28125 1.40625 1.45625 47 P 0
L 1.40625 1.28125 1.4225 1.265 47 P 0
L 1.40625 1.45625 1.425 1.475 47 P 0
L 1.4075 1.255 1.645 1.255 47 P 0
L 1.4125 1.5125 1.8125 1.5125 47 P 0
L 1.4167352 1.1894509 1.4318086 1.1743775 48 P 0
L 1.4171489 1.1314731 1.420523 1.1314731 48 P 0
L 1.4175001 1.0824999 1.4183467 1.0833465 48 P 0
L 1.4183467 1.0833465 1.4548996 1.0833465 48 P 0
L 1.420523 1.1314731 1.4548996 1.0970965 48 P 0
L 1.4225 1.265 1.6549999 1.265 47 P 0
L 1.425 2.985 1.43 2.99 47 P 0
L 1.4313325 1.21201 1.4397992 1.2035433 48 P 0
L 1.4318086 1.1743775 1.4322667 1.1743775 48 P 0
L 1.4397992 1.2035433 1.4625 1.2035433 48 P 0
L 1.45 1.5375 1.45 1.625 47 P 0
L 1.45 1.5375 1.4625 1.525 47 P 0
L 1.45 1.7125 1.45 1.725 47 P 0
L 1.45 1.7125 1.5 1.6625 47 P 0
L 1.4548996 1.0833465 1.4548996 1.0970965 48 P 0
L 1.4585906 0.5289094 1.4585906 0.5408465 48 P 0
L 1.4585906 0.5408465 1.4885529 0.5408465 48 P 0
L 1.4625 1.1464567 1.466437 1.1464567 48 P 0
L 1.4625 1.2035433 1.525 1.2035433 48 P 0
L 1.4625 1.525 1.825 1.525 47 P 0
L 1.4647134 0.4915366 1.525 0.43125 48 P 0
L 1.466437 1.1464567 1.4838996 1.1289941 48 P 0
L 1.4715204 1.0215204 1.4838996 1.0338996 48 P 0
L 1.475 1.475 1.49375 1.45625 47 P 0
L 1.4838996 1.0338996 1.4838996 1.1289941 48 P 0
L 1.4875 2.2625 1.4875 2.3625 47 P 0
L 1.4875 2.5125 1.4875 2.5723007 47 P 0
L 1.4875 2.5723007 1.5344788 2.6192795 47 P 0
L 1.4885529 0.5408465 1.50049 0.5289094 48 P 0
L 1.49375 1.35625 1.49375 1.45625 47 P 0
L 1.49375 1.35625 1.5 1.35 47 P 0
L 1.5 1.2875 1.5 1.35 47 P 0
L 1.5 1.2875 1.5125 1.275 47 P 0
L 1.5 1.55 1.5 1.6625 47 P 0
L 1.5 1.55 1.5125 1.5375 47 P 0
L 1.50049 0.48701 1.50049 0.5289094 48 P 0
L 1.50049 0.48701 1.525 0.4625 48 P 0
L 1.50375 1.03375 1.50375 1.1291437 48 P 0
L 1.50375 1.03375 1.5159796 1.0215204 48 P 0
L 1.50375 1.1291437 1.521063 1.1464567 48 P 0
L 1.50625 1.39375 1.50625 1.45625 47 P 0
L 1.50625 1.39375 1.5264488 1.3735512 47 P 0
L 1.50625 1.45625 1.525 1.475 47 P 0
L 1.5125 1.275 1.825 1.275 47 P 0
L 1.5125 1.5375 1.8375 1.5375 47 P 0
L 1.5159796 1.0215204 1.6027704 1.0215204 48 P 0
L 1.521063 1.1464567 1.525 1.1464567 48 P 0
L 1.525 0.43125 1.6125 0.43125 48 P 0
L 1.525 0.4625 1.6569893 0.4625 48 P 0
L 1.5264488 1.3735512 1.6713107 1.3735512 47 P 0
L 1.5338996 0.4973504 1.5338996 0.5408465 48 P 0
L 1.5338996 0.4973504 1.54375 0.4875 48 P 0
L 1.5338996 1.0833465 1.5338996 1.0970965 48 P 0
L 1.5338996 1.0833465 1.5715569 1.0833465 48 P 0
L 1.5338996 1.0970965 1.5682762 1.1314731 48 P 0
L 1.5344788 2.6192795 1.6942795 2.6192795 47 P 0
L 1.5375 2.2625 1.5375 2.35 47 P 0
L 1.5375 2.35 1.575 2.3875 47 P 0
L 1.5375 2.5125 1.5375 2.584941 47 P 0
L 1.5375 2.6400591 1.5375 2.6578386 47 P 0
L 1.5375 2.6578386 1.5921614 2.7125 47 P 0
L 1.5375 2.8875 1.5375 2.9625 47 P 0
L 1.5375 2.8875 1.55625 2.86875 47 P 0
L 1.54375 0.4875 1.85674 0.4875 48 P 0
L 1.55 1.5625 1.55 1.625 47 P 0
L 1.55 1.5625 1.5625 1.55 47 P 0
L 1.55 1.725 1.6 1.675 47 P 0
L 1.55625 2.86875 1.6999997 2.86875 47 P 0
L 1.5625 1.55 1.85 1.55 47 P 0
L 1.5682762 1.1314731 1.570351 1.1314731 48 P 0
L 1.570351 1.1314731 1.5849409 1.146063 48 P 0
L 1.5715569 1.0833465 1.5736534 1.08125 48 P 0
L 1.575 1.475 1.59375 1.45625 47 P 0
L 1.575 2.3875 1.6625 2.3875 47 P 0
L 1.5849409 1.146063 1.5849409 1.15 48 P 0
L 1.5921614 2.7125 1.930549 2.7125 47 P 0
L 1.59375 1.39375 1.59375 1.45625 47 P 0
L 1.59375 1.39375 1.6039488 1.3835512 47 P 0
L 1.6 1.575 1.6 1.675 47 P 0
L 1.6 1.575 1.6125 1.5625 47 P 0
L 1.6027704 1.0215204 1.6128996 1.0316496 48 P 0
L 1.6039488 1.3835512 1.6671686 1.3835512 47 P 0
L 1.6125 0.28125 1.6125 0.43125 48 P 0
L 1.6125 0.28125 1.6253248 0.2684252 48 P 0
L 1.6125 1.5625 1.8625 1.5625 47 P 0
L 1.6125 2.2625 1.6125 2.35 47 P 0
L 1.6125 2.35 1.625 2.3625 47 P 0
L 1.6125 2.5125 1.6125 2.575 47 P 0
L 1.6125 2.575 1.6467795 2.6092795 47 P 0
L 1.6128996 1.0316496 1.6128996 1.0833465 48 P 0
L 1.6248285 1.4751714 1.6248286 1.4751714 47 P 0
L 1.6248286 1.4751714 1.6335512 1.4664488 47 P 0
L 1.625 2.3625 1.65 2.3625 47 P 0
L 1.6253248 0.2684252 1.6732283 0.2684252 48 P 0
L 1.63 1.245 2.0035391 0.8714609 47 P 0
L 1.6335512 1.4664488 1.6839335 1.4664488 47 P 0
L 1.640059 1.146063 1.640059 1.15 48 P 0
L 1.640059 1.15 1.6793996 1.15 48 P 0
L 1.645 1.255 1.95049 0.94951 47 P 0
L 1.6467795 2.6092795 1.74 2.6092795 47 P 0
L 1.65 1.625 1.7 1.575 47 P 0
L 1.65 1.7125 1.65 1.725 47 P 0
L 1.65 1.7125 1.7 1.6625 47 P 0
L 1.6549999 1.265 1.9584795 0.9615204 47 P 0
L 1.6569893 0.4625 1.6732283 0.446261 48 P 0
L 1.6625 2.2625 1.6625 2.3009488 47 P 0
L 1.6625 2.3009488 1.6875 2.3259488 47 P 0
L 1.6625 2.3875 1.6875 2.3625 47 P 0
L 1.6625 2.5125 1.6625 2.584941 47 P 0
L 1.6625 2.6400591 1.6625 2.6578386 47 P 0
L 1.6625 2.6578386 1.7046614 2.7 47 P 0
L 1.6671686 1.3835512 1.6711174 1.3875 47 P 0
L 1.6711174 1.3875 1.8375 1.3875 47 P 0
L 1.6713107 1.3735512 1.6727595 1.375 47 P 0
L 1.6727595 1.375 1.825 1.375 47 P 0
L 1.6732283 0.3864173 1.6732283 0.43125 48 P 0
L 1.6732283 0.43125 1.6732283 0.446261 48 P 0
L 1.6732283 0.43125 1.73125 0.43125 48 P 0
L 1.6793996 1.15 1.6918996 1.1375 48 P 0
L 1.6839335 1.4664488 1.6972091 1.4531732 47 P 0
L 1.6875 2.3259488 1.6875 2.3625 47 P 0
L 1.6875 2.3625 1.8 2.3625 47 P 0
L 1.6918996 1.0833465 1.6918996 1.1375 48 P 0
L 1.6918996 1.0833465 1.7310865 1.0833465 48 P 0
L 1.6942795 2.6192795 1.75701 2.68201 47 P 0
L 1.6955906 0.5408465 1.8589074 0.5408465 48 P 0
L 1.6972091 1.4531732 1.7968268 1.4531732 47 P 0
L 1.7 1.575 1.875 1.575 47 P 0
L 1.7 1.6 1.7 1.6625 47 P 0
L 1.7 1.6 1.7125 1.5875 47 P 0
L 1.7046614 2.7 1.9322258 2.7 47 P 0
L 1.70625 1.475 1.7126974 1.475 47 P 0
L 1.7125 1.5875 1.8875 1.5875 47 P 0
L 1.7126974 1.475 1.7187453 1.4810479 47 P 0
L 1.7187453 1.4810479 1.793469 1.481531 47 P 0
L 1.7310865 1.0833465 1.73125 1.08351 48 P 0
L 1.7375 2.2625 1.7375 2.325 47 P 0
L 1.7375 2.325 1.75 2.3375 47 P 0
L 1.7375 2.5125 1.7375 2.584451 47 P 0
L 1.7375 2.584451 1.7582796 2.6052306 47 P 0
L 1.74 2.6092795 1.74951 2.6187895 47 P 0
L 1.74951 2.6187895 1.8167204 2.6187895 47 P 0
L 1.75 2.3375 1.775 2.3375 47 P 0
L 1.75701 2.68201 1.9283779 2.68201 47 P 0
L 1.7582796 2.6052306 1.8812878 2.6052306 47 P 0
L 1.76 2.93 1.76875 2.92125 47 P 0
L 1.76 2.99 1.7625 2.9875 47 P 0
L 1.76875 2.86875 1.76875 2.92125 47 P 0
L 1.775 1.8278544 1.7750985 1.8277559 48 P 0
L 1.775 1.875 1.7750985 1.8749015 48 P 0
L 1.775 2.0191323 1.775 2.15 47 P 0
L 1.775 2.0191323 1.7849409 2.0091914 47 P 0
L 1.7750985 1.8277559 1.7750985 1.8749015 48 P 0
L 1.7750985 1.9222441 1.7750985 1.9439606 47 P 0
L 1.7750985 1.9439606 1.7849409 1.953803 47 P 0
L 1.7849409 1.953803 1.7849409 1.9875 47 P 0
L 1.7849409 1.9875 1.7849409 2.0091914 47 P 0
L 1.7875 2.2625 1.7875 2.3191323 47 P 0
L 1.7875 2.3191323 1.7968268 2.3284591 47 P 0
L 1.7875 2.5125 1.7875 2.584451 47 P 0
L 1.7875 2.6395691 1.7875 2.6573486 47 P 0
L 1.7875 2.6573486 1.8021614 2.67201 47 P 0
L 1.793469 1.481531 1.8875 1.3875 47 P 0
L 1.7968268 1.4531732 1.875 1.375 47 P 0
L 1.7968268 2.3284591 1.7968268 2.3593268 47 P 0
L 1.7968268 2.3593268 1.8 2.3625 47 P 0
L 1.7999543 1.5000457 1.9 1.4 47 P 0
L 1.8 1.7375 1.815059 1.752559 50 P 0
L 1.8 2.3625 1.9125 2.3625 47 P 0
L 1.8 2.775 1.806004 2.775 47 P 0
L 1.8021614 2.67201 1.93252 2.67201 47 P 0
L 1.806004 2.775 1.833563 2.747441 47 P 0
L 1.8125 1.5125 1.9125 1.4125 47 P 0
L 1.8125 1.9222441 1.8125 1.9271653 47 P 0
L 1.8125 1.9271653 1.8353347 1.95 47 P 0
L 1.815059 1.752559 1.8499016 1.752559 50 P 0
L 1.8167204 2.6187895 1.8599409 2.66201 47 P 0
L 1.825 1.275 1.8375 1.2625 47 P 0
L 1.825 1.375 1.85 1.35 47 P 0
L 1.825 1.525 1.925 1.425 47 P 0
L 1.833563 2.747441 1.8375 2.747441 47 P 0
L 1.8353347 1.95 1.8945866 1.95 47 P 0
L 1.8375 1.1 1.8375 1.2625 47 P 0
L 1.8375 1.1 1.9659796 0.9715204 47 P 0
L 1.8375 1.3875 1.8625 1.3625 47 P 0
L 1.8375 1.5375 1.9375 1.4375 47 P 0
L 1.8375 3.6625 1.8395673 3.6645673 50 P 0
L 1.8395673 3.6645673 1.9250001 3.6645673 50 P 0
L 1.840059 1.9875 1.8721986 1.9875 47 P 0
L 1.8499016 1.6974409 1.876315 1.6974409 47 P 0
L 1.8499016 1.8277559 1.8499016 1.8749016 48 P 0
L 1.8499016 1.8749016 1.85 1.875 48 P 0
L 1.8499016 1.9173229 1.8499016 1.9222441 47 P 0
L 1.8499016 1.9173229 1.8922245 1.875 47 P 0
L 1.85 1.10625 1.85 1.35 47 P 0
L 1.85 1.10625 1.9747296 0.9815204 47 P 0
L 1.85 1.55 1.95 1.45 47 P 0
L 1.85 2.8025591 1.8883757 2.8025591 47 P 0
L 1.85 3.125 1.9125 3.125 50 P 0
L 1.85674 0.4875 1.91299 0.43125 48 P 0
L 1.8589074 0.5408465 1.9685039 0.43125 48 P 0
L 1.8599409 2.66201 1.9366621 2.66201 47 P 0
L 1.8625 1.11481 1.8625 1.3625 47 P 0
L 1.8625 1.11481 1.9857896 0.9915204 47 P 0
L 1.8625 1.5625 1.9625 1.4625 47 P 0
L 1.8625 2.2625 1.8625 2.3375 47 P 0
L 1.8625 2.5125 1.8625 2.5723007 47 P 0
L 1.8625 2.5723007 1.8994788 2.6092795 47 P 0
L 1.8721986 1.9875 1.8971986 1.9625 47 P 0
L 1.875 1.1202734 1.875 1.375 47 P 0
L 1.875 1.1202734 1.993753 1.0015204 47 P 0
L 1.875 1.575 1.975 1.475 47 P 0
L 1.876315 1.6974409 1.8772992 1.6964567 47 P 0
L 1.8772992 1.6964567 1.9 1.6964567 47 P 0
L 1.8812878 2.6052306 1.8953367 2.6192795 47 P 0
L 1.8875 1.126275 1.8875 1.3875 47 P 0
L 1.8875 1.126275 2.0022546 1.0115204 47 P 0
L 1.8875 1.5875 1.9875 1.4875 47 P 0
L 1.8883757 2.8025591 1.9125884 2.7783464 47 P 0
L 1.8922245 1.875 1.916437 1.875 47 P 0
L 1.8945866 1.95 1.9125 1.9320866 47 P 0
L 1.8953367 2.6192795 1.9617204 2.6192795 47 P 0
L 1.8971986 1.9625 2.0221811 1.9625 47 P 0
L 1.897441 1.6375 1.897441 1.6751339 47 P 0
L 1.897441 1.6751339 1.9 1.6776929 47 P 0
L 1.8994788 2.6092795 1.9775 2.6092795 47 P 0
L 1.9 1.13125 1.9 1.4 47 P 0
L 1.9 1.13125 2.0097296 1.0215204 47 P 0
L 1.9 1.6776929 1.9 1.6964567 47 P 0
L 1.9 1.6964567 1.9 1.7152205 47 P 0
L 1.9 1.7152205 1.9097747 1.7249952 47 P 0
L 1.9097747 1.7249952 1.9483235 1.7249952 47 P 0
L 1.9125 1.1375 1.9125 1.4125 47 P 0
L 1.9125 1.1375 2.0184796 1.0315204 47 P 0
L 1.9125 1.9320866 1.916437 1.9320866 47 P 0
L 1.9125 2.2625 1.9125 2.3625 47 P 0
L 1.9125 2.3625 2.0375 2.3625 47 P 0
L 1.9125 2.5125 1.9125 2.584941 47 P 0
L 1.9125 2.6400591 1.9625 2.6400591 47 P 0
L 1.9125 3.125 1.9250001 3.1124999 50 P 0
L 1.9125884 2.7625984 1.9125884 2.7783464 47 P 0
L 1.91299 0.28076 1.91299 0.43125 48 P 0
L 1.91299 0.28076 1.9253248 0.2684252 48 P 0
L 1.916437 1.875 1.95 1.875 47 P 0
L 1.916437 1.9320866 1.9625 1.9320866 47 P 0
L 1.925 1.14326 1.925 1.425 47 P 0
L 1.925 1.14326 2.0267396 1.0415204 47 P 0
L 1.925 3.175 1.9250001 3.1750001 50 P 0
L 1.9250001 3.0354333 1.9250001 3.1124999 50 P 0
L 1.9250001 3.1750001 1.9250001 3.2145672 50 P 0
L 1.9250001 3.2145672 1.9979328 3.2145672 50 P 0
L 1.9253248 0.2684252 1.9685039 0.2684252 48 P 0
L 1.9283779 2.68201 1.950049 2.7036811 47 P 0
L 1.930549 2.7125 1.94999 2.731941 47 P 0
L 1.9322258 2.7 1.9572257 2.7249999 47 P 0
L 1.93252 2.67201 1.9541911 2.6936811 47 P 0
L 1.9366621 2.66201 1.9583332 2.6836811 47 P 0
L 1.9375 1.1494565 1.9375 1.4375 47 P 0
L 1.9375 1.1494565 2.0354361 1.0515204 47 P 0
L 1.9483235 1.6792356 1.9483235 1.6994046 47 P 0
L 1.9483235 1.6792356 1.9525591 1.675 47 P 0
L 1.9483235 1.6994046 1.966103 1.6994046 47 P 0
L 1.94999 2.731941 1.94999 2.8374015 47 P 0
L 1.95 1.1557065 1.95 1.45 47 P 0
L 1.95 1.1557065 2.0432066 1.0624999 47 P 0
L 1.95 1.875 1.9727818 1.8977818 47 P 0
L 1.950049 2.7036811 2.0974309 2.7036811 47 P 0
L 1.95049 0.94951 2.0748524 0.94951 47 P 0
L 1.9525591 1.6375 1.9525591 1.675 47 P 0
L 1.9541911 2.6936811 2.101573 2.6936811 47 P 0
L 1.9572257 2.7249999 1.9990625 2.7249999 47 P 0
L 1.9583332 2.6836811 2.1057151 2.6836811 47 P 0
L 1.9584795 0.9615204 2.125342 0.9615204 47 P 0
L 1.9617204 2.6192795 2.006122 2.6636811 47 P 0
L 1.9625 1.162 1.9625 1.4625 47 P 0
L 1.9625 1.162 2.0520001 1.0724999 47 P 0
L 1.9625 2.0107284 1.9625 2.0625 50 P 0
L 1.9625 2.6400591 1.996122 2.6736811 47 P 0
L 1.9638118 1.7016958 1.9638118 1.7057039 47 P 0
L 1.9638118 1.7016958 1.966103 1.6994046 47 P 0
L 1.9638118 1.7057039 1.9874968 1.7057039 47 P 0
L 1.9659796 0.9715204 2.134092 0.9715204 47 P 0
L 1.9685039 0.3864173 1.9685039 0.43125 48 P 0
L 1.9685039 0.43125 2.025 0.43125 48 P 0
L 1.9727818 1.8977818 1.9727818 1.9022181 47 P 0
L 1.9747296 0.9815204 2.1414764 0.9815204 47 P 0
L 1.975 1.1666179 1.975 1.475 47 P 0
L 1.975 1.1666179 2.059118 1.0824999 47 P 0
L 1.9775 2.6092795 1.9875 2.6192795 47 P 0
L 1.9857896 0.9915204 2.14949 0.9915204 47 P 0
L 1.9873915 2.7625984 1.9873915 2.8022554 50 P 0
L 1.9873915 2.7625984 1.9876952 2.7629021 50 P 0
L 1.9873915 2.8022554 1.9876952 2.8025591 50 P 0
L 1.9875 1.16826 1.9875 1.4875 47 P 0
L 1.9875 1.16826 2.0630435 1.0927165 47 P 0
L 1.9875 2.2625 1.9875 2.3375 47 P 0
L 1.9875 2.5125 1.9875 2.5875 47 P 0
L 1.9875 2.5875 2.0092795 2.6092795 47 P 0
L 1.9875 2.6192795 2.0978819 2.6192795 47 P 0
L 1.993753 1.0015204 2.1573762 1.0015204 47 P 0
L 1.996122 2.6736811 2.1098572 2.6736811 47 P 0
L 1.9979328 3.2145672 2 3.2125 50 P 0
L 1.99875 0.7617186 1.99875 0.8270342 47 P 0
L 1.99875 0.7617186 2.0289233 0.7315453 47 P 0
L 1.99875 0.8270342 2.0167158 0.845 47 P 0
L 1.9990625 2.7249999 2.0125 2.7384374 47 P 0
L 2 1.8875 2.0125 1.875 47 P 0
L 2.0022546 1.0115204 2.1615183 1.0115204 47 P 0
L 2.0035391 0.8714609 2.0553124 0.8714609 47 P 0
L 2.006122 2.6636811 2.1139993 2.6636811 47 P 0
L 2.00875 0.7725 2.00875 0.8228921 47 P 0
L 2.00875 0.7725 2.0241141 0.7571359 47 P 0
L 2.00875 0.8228921 2.0208579 0.835 47 P 0
L 2.0092795 2.6092795 2.102024 2.6092795 47 P 0
L 2.0097296 1.0215204 2.1656604 1.0215204 47 P 0
L 2.0125 1.875 2.0339567 1.875 47 P 0
L 2.0125 2.7384374 2.0125 2.8 47 P 0
L 2.0125 2.8 2.0499015 2.8374015 47 P 0
L 2.0150591 1.8 2.075 1.8 50 P 0
L 2.0167158 0.845 2.046631 0.845 47 P 0
L 2.0184796 1.0315204 2.1698025 1.0315204 47 P 0
L 2.01875 0.7928997 2.01875 0.81875 47 P 0
L 2.01875 0.7928997 2.0289233 0.7827264 47 P 0
L 2.01875 0.81875 2.025 0.825 47 P 0
L 2.0208579 0.835 2.1028124 0.835 47 P 0
L 2.0221811 1.9625 2.0339567 1.9507244 47 P 0
L 2.0241141 0.7571359 2.0565453 0.7571359 47 P 0
L 2.025 0.825 2.151631 0.825 47 P 0
L 2.02667 1.6994046 2.0513198 1.6994046 47 P 0
L 2.02667 1.7249952 2.0652157 1.7249952 47 P 0
L 2.0267396 1.0415204 2.1739446 1.0415204 47 P 0
L 2.0289233 0.7315453 2.0565453 0.7315453 47 P 0
L 2.0289233 0.7827264 2.0565453 0.7827264 47 P 0
L 2.03125 1.20101 2.0375 1.20726 50 P 0
L 2.0354361 1.0515204 2.1780867 1.0515204 47 P 0
L 2.0375 1.20726 2.0375 1.3899606 50 P 0
L 2.0375 1.4834646 2.0375 1.625 50 P 0
L 2.0375 2.2625 2.0375 2.3625 47 P 0
L 2.0375 2.3625 2.1625 2.3625 47 P 0
L 2.0375 2.5125 2.0375 2.584941 47 P 0
L 2.0375 2.6400591 2.1045194 2.6400591 47 P 0
L 2.0432066 1.0624999 2.1812493 1.0624999 47 P 0
L 2.046631 0.845 2.0553124 0.8536814 47 P 0
L 2.0499015 2.8374015 2.175 2.8374015 47 P 0
L 2.0513198 1.6994046 2.0532835 1.6974409 47 P 0
L 2.0520001 1.0724999 2.1853914 1.0724999 47 P 0
L 2.0532835 1.6974409 2.075 1.6974409 47 P 0
L 2.0553124 0.8536814 2.0553124 0.8714609 47 P 0
L 2.0553124 0.90576 2.0553124 0.926579 47 P 0
L 2.0553124 0.926579 2.0553124 0.92855 47 P 0
L 2.0565453 0.6063484 2.0565453 0.6291831 47 P 0
L 2.0565453 0.6063484 2.0777067 0.585187 47 P 0
L 2.0565453 0.6547737 2.1047737 0.6547737 48 P 0
L 2.0565453 0.6803642 2.0928642 0.6803642 48 P 0
L 2.0565453 0.808317 2.158317 0.808317 47 P 0
L 2.059118 1.0824999 2.1895335 1.0824999 47 P 0
L 2.0625 2.747441 2.0625 2.7692795 47 P 0
L 2.0625 3.6625 2.0645673 3.6645673 50 P 0
L 2.0630435 1.0927165 2.193459 1.0927165 47 P 0
L 2.0645673 3.6645673 2.1500001 3.6645673 50 P 0
L 2.0652157 1.7249952 2.075 1.7347795 47 P 0
L 2.0748524 0.94951 2.0779824 0.94639 47 P 0
L 2.075 1.11875 2.075 1.14547 48 P 0
L 2.075 1.202559 2.075 1.3012441 48 P 0
L 2.075 1.3012441 2.1022992 1.3285433 48 P 0
L 2.075 1.6375 2.075 1.6974409 47 P 0
L 2.075 1.7347795 2.075 1.752559 47 P 0
L 2.075 1.752559 2.125 1.752559 47 P 0
L 2.075 1.9349409 2.0967165 1.9349409 47 P 0
L 2.075 2.8025591 2.1133857 2.8025591 47 P 0
L 2.075 3.125 2.1375 3.125 50 P 0
L 2.0777067 0.58125 2.0777067 0.585187 47 P 0
L 2.0777067 0.585187 2.0777067 0.6039508 47 P 0
L 2.0777067 0.6039508 2.0925059 0.61875 47 P 0
L 2.0779824 0.94639 2.0873524 0.93701 47 P 0
L 2.0873524 0.8802044 2.0873524 0.93701 47 P 0
L 2.0873524 0.8802044 2.0960959 0.8714609 47 P 0
L 2.0910433 1.875 2.1119095 1.875 47 P 0
L 2.0925059 0.61875 2.1 0.61875 47 P 0
L 2.0928642 0.6803642 2.10625 0.69375 48 P 0
L 2.0960959 0.8714609 2.1178124 0.8714609 47 P 0
L 2.0967165 1.9349409 2.1125 1.9507244 47 P 0
L 2.0974309 2.7036811 2.1162498 2.7225 47 P 0
L 2.0978819 2.6192795 2.1406124 2.66201 47 P 0
L 2.101573 2.6936811 2.1203919 2.7125 47 P 0
L 2.102024 2.6092795 2.1084651 2.6157206 47 P 0
L 2.1022992 1.3285433 2.125 1.3285433 48 P 0
L 2.1028124 0.835 2.1178124 0.85 47 P 0
L 2.1045194 2.6400591 2.1364703 2.67201 47 P 0
L 2.1047737 0.6547737 2.1125 0.6625 48 P 0
L 2.1057151 2.6836811 2.124044 2.70201 47 P 0
L 2.10625 0.69375 2.13125 0.69375 48 P 0
L 2.1084651 2.6157206 2.2890785 2.6157206 47 P 0
L 2.1098572 2.6736811 2.1281861 2.69201 47 P 0
L 2.1106299 1.4719843 2.1106299 1.5 48 P 0
L 2.1106299 1.4719843 2.125 1.4576142 48 P 0
L 2.11063 1.5 2.11063 1.63563 48 P 0
L 2.11063 1.63563 2.125 1.65 48 P 0
L 2.1119095 1.875 2.1244095 1.8875 47 P 0
L 2.1125 1.9507244 2.1125 1.9875 47 P 0
L 2.1125 1.9875 2.1244095 1.9994095 47 P 0
L 2.1125 2.2625 2.1125 2.3375 47 P 0
L 2.1125 2.5125 2.1125 2.575 47 P 0
L 2.1125 2.575 2.1432206 2.6057206 47 P 0
L 2.1133857 2.8025591 2.1375984 2.7783464 47 P 0
L 2.1139993 2.6636811 2.1323282 2.68201 47 P 0
L 2.1162498 2.7225 2.2038621 2.7225 47 P 0
L 2.1178124 0.85 2.1178124 0.8714609 47 P 0
L 2.1178124 0.90655 2.1178124 0.926579 47 P 0
L 2.1178124 0.90655 2.1186024 0.90576 47 P 0
L 2.1178124 0.92855 2.1186024 0.92776 47 P 0
L 2.1186024 0.926579 2.1186024 0.92776 47 P 0
L 2.1203919 2.7125 2.2115726 2.7125 47 P 0
L 2.124044 2.70201 2.2889002 2.70201 47 P 0
L 2.1244095 1.8875 2.1244095 1.9324804 47 P 0
L 2.1244095 1.9324804 2.1401575 1.9482284 47 P 0
L 2.1244095 1.9994095 2.1588583 1.9994095 47 P 0
L 2.125 1.2 2.125 1.26594 48 P 0
L 2.125 1.3285433 2.125 1.4576142 48 P 0
L 2.125 1.65 2.14094 1.65 48 P 0
L 2.125 1.6974409 2.1682205 1.6974409 47 P 0
L 2.125342 0.9615204 2.1498524 0.93701 47 P 0
L 2.1281861 2.69201 2.2946574 2.69201 47 P 0
L 2.13125 0.61875 2.1347933 0.6222933 47 P 0
L 2.1323282 2.68201 2.2987995 2.68201 47 P 0
L 2.134092 0.9715204 2.1561024 0.94951 47 P 0
L 2.1347933 0.58125 2.1347933 0.6222933 47 P 0
L 2.1347933 0.58125 2.16875 0.58125 47 P 0
L 2.1364703 2.67201 2.3029416 2.67201 47 P 0
L 2.1375 3.125 2.15 3.1125 50 P 0
L 2.1375984 2.7625984 2.1375984 2.7783464 47 P 0
L 2.1401575 1.9482284 2.1588583 1.9482284 47 P 0
L 2.1406124 2.66201 2.3070837 2.66201 47 P 0
L 2.1414764 0.9815204 2.1609868 0.96201 47 P 0
L 2.1432206 2.6057206 2.2932206 2.6057206 47 P 0
L 2.1464567 1.65 2.1464567 1.653937 47 P 0
L 2.1464567 1.653937 2.1682205 1.6757008 47 P 0
L 2.1474409 1.875 2.1474409 1.8967165 47 P 0
L 2.1474409 1.875 2.1652204 1.875 47 P 0
L 2.1474409 1.8967165 2.1632244 1.9125 47 P 0
L 2.14949 0.9915204 2.1660104 0.975 47 P 0
L 2.1498524 0.8802044 2.1498524 0.93701 47 P 0
L 2.1498524 0.8802044 2.1585959 0.8714609 47 P 0
L 2.15 3.0660082 2.15 3.1125 50 P 0
L 2.15 3.0660082 2.1500001 3.0660081 50 P 0
L 2.15 3.1750001 2.1500001 3.1750002 50 P 0
L 2.1500001 3.0354333 2.1500001 3.0660081 50 P 0
L 2.1500001 3.1750002 2.1500001 3.2145672 50 P 0
L 2.1500001 3.2145672 2.2229328 3.2145672 50 P 0
L 2.151631 0.825 2.1803124 0.8536814 47 P 0
L 2.1561024 0.94951 2.1998524 0.94951 47 P 0
L 2.1573762 1.0015204 2.1713966 0.9875 47 P 0
L 2.158317 0.808317 2.175 0.825 47 P 0
L 2.1585959 0.8714609 2.1803124 0.8714609 47 P 0
L 2.1588583 1.9482284 2.1588583 1.9738189 47 P 0
L 2.1588583 2.025 2.1775591 2.025 47 P 0
L 2.1609868 0.96201 2.2623524 0.96201 47 P 0
L 2.1615183 1.0115204 2.1730387 1 47 P 0
L 2.162 2.6400591 2.2992749 2.6400591 47 P 0
L 2.1625 2.2625 2.1625 2.3625 47 P 0
L 2.1625 2.3625 2.2875 2.3625 47 P 0
L 2.1625 2.5125 2.1625 2.584941 47 P 0
L 2.1632244 1.9125 2.1875 1.9125 47 P 0
L 2.1652204 1.875 2.175 1.8652204 47 P 0
L 2.1656604 1.0215204 2.1771808 1.01 47 P 0
L 2.1660104 0.975 2.3243624 0.975 47 P 0
L 2.1682205 1.6757008 2.2007008 1.6757008 47 P 0
L 2.1682205 1.6974409 2.175 1.7042204 47 P 0
L 2.16875 0.58125 2.16875 0.76875 47 P 0
L 2.16875 0.58125 2.1941001 0.58125 47 P 0
L 2.16875 0.76875 2.208317 0.808317 47 P 0
L 2.1698025 1.0315204 2.1813229 1.02 47 P 0
L 2.1713966 0.9875 2.3875 0.9875 47 P 0
L 2.1730387 1 2.4487205 1 47 P 0
L 2.1739446 1.0415204 2.184215 1.03125 47 P 0
L 2.175 0.825 2.23125 0.825 47 P 0
L 2.175 1.11875 2.175 1.14547 48 P 0
L 2.175 1.202559 2.175 1.3012441 48 P 0
L 2.175 1.3012441 2.2022992 1.3285433 48 P 0
L 2.175 1.7042204 2.175 1.772441 47 P 0
L 2.175 1.772441 2.202559 1.772441 47 P 0
L 2.175 1.8275591 2.175 1.8652204 47 P 0
L 2.1771808 1.01 3.1434211 1.01 47 P 0
L 2.1775591 2.025 2.2 2.0025591 47 P 0
L 2.1780867 1.0515204 2.1883571 1.04125 47 P 0
L 2.1803124 0.8536814 2.1803124 0.8714609 47 P 0
L 2.1803124 0.90655 2.1803124 0.926579 47 P 0
L 2.1803124 0.90655 2.1811024 0.90576 47 P 0
L 2.1803124 0.92855 2.1811024 0.92776 47 P 0
L 2.1811024 0.926579 2.1811024 0.92776 47 P 0
L 2.1812493 1.0624999 2.1924992 1.05125 47 P 0
L 2.1813229 1.02 3.2084211 1.02 47 P 0
L 2.184215 1.03125 3.2721711 1.03125 47 P 0
L 2.1853914 1.0724999 2.1966413 1.06125 47 P 0
L 2.1875 1.9125 2.2 1.925 47 P 0
L 2.1883571 1.04125 3.33375 1.04125 47 P 0
L 2.1895335 1.0824999 2.2007834 1.07125 47 P 0
L 2.1924992 1.05125 3.3943576 1.05125 47 P 0
L 2.193459 1.0927165 2.2049255 1.08125 47 P 0
L 2.1941001 0.58125 2.1941001 0.6101434 47 P 0
L 2.1941001 0.6101434 2.2027067 0.61875 47 P 0
L 2.1966413 1.06125 3.4575 1.06125 47 P 0
L 2.1998524 0.94951 2.2123524 0.93701 47 P 0
L 2.2 1.925 2.2 2.0025591 47 P 0
L 2.2007008 1.6757008 2.2125 1.6875 47 P 0
L 2.2007834 1.07125 3.51625 1.07125 47 P 0
L 2.2022992 1.3285433 2.225 1.3285433 48 P 0
L 2.202559 1.772441 2.2125 1.7625 47 P 0
L 2.202559 1.8532835 2.202559 1.875 47 P 0
L 2.202559 1.8532835 2.2125 1.8433425 47 P 0
L 2.2027067 0.61875 2.2027067 0.6402067 47 P 0
L 2.2027067 0.6402067 2.2172737 0.6547737 47 P 0
L 2.2035433 1.65 2.2035433 1.653937 47 P 0
L 2.2035433 1.653937 2.2253071 1.6757008 47 P 0
L 2.2038621 2.7225 2.2124015 2.7310394 47 P 0
L 2.2049255 1.08125 3.5768084 1.08125 47 P 0
L 2.208317 0.808317 2.2809547 0.808317 47 P 0
L 2.20906 1.65 2.225 1.65 48 P 0
L 2.2106299 1.3719843 2.2106299 1.4 48 P 0
L 2.2106299 1.3719843 2.225 1.3576142 48 P 0
L 2.21063 1.4 2.21063 1.43563 48 P 0
L 2.21063 1.43563 2.2393701 1.4643701 48 P 0
L 2.2115726 2.7125 2.2331732 2.7341006 47 P 0
L 2.2123524 0.8802044 2.2123524 0.93701 47 P 0
L 2.2123524 0.8802044 2.2210959 0.8714609 47 P 0
L 2.2124015 2.7310394 2.2124015 2.7625984 47 P 0
L 2.2124015 2.7625984 2.2124015 2.8124015 50 P 0
L 2.2125 1.6875 2.325 1.6875 47 P 0
L 2.2172737 0.6547737 2.2809547 0.6547737 47 P 0
L 2.2210959 0.8714609 2.2428124 0.8714609 47 P 0
L 2.2229328 3.2145672 2.225 3.2125 50 P 0
L 2.225 1.2 2.225 1.26594 48 P 0
L 2.225 1.3285433 2.225 1.3576142 48 P 0
L 2.225 1.65 2.2464567 1.6285433 48 P 0
L 2.2253071 1.6757008 2.3382008 1.6757008 47 P 0
L 2.23125 0.825 2.2428124 0.8365624 47 P 0
L 2.2331732 2.7341006 2.2331732 2.7961632 47 P 0
L 2.2331732 2.7961632 2.2744115 2.8374015 47 P 0
L 2.2375 2.2625 2.2375 2.3375 47 P 0
L 2.2375 2.4740512 2.2375 2.5125 47 P 0
L 2.2375 2.4740512 2.2490512 2.4625 47 P 0
L 2.2393701 1.4643701 2.2393701 1.5 48 P 0
L 2.2393701 1.5 2.2393701 1.5452126 48 P 0
L 2.2393701 1.5452126 2.2464567 1.5522992 48 P 0
L 2.2413934 0.4521035 2.2413934 0.47382 48 P 0
L 2.2413934 0.4521035 2.2559969 0.4375 48 P 0
L 2.2428124 0.8365624 2.2428124 0.8714609 47 P 0
L 2.2428124 0.90655 2.2428124 0.926579 47 P 0
L 2.2428124 0.90655 2.2436024 0.90576 47 P 0
L 2.2428124 0.92855 2.2436024 0.92776 47 P 0
L 2.2436024 0.926579 2.2436024 0.92776 47 P 0
L 2.2464567 1.5522992 2.2464567 1.575 48 P 0
L 2.2464567 1.575 2.2464567 1.6285433 48 P 0
L 2.2490512 2.4625 2.3 2.4625 47 P 0
L 2.2511867 0.58125 2.2511867 0.6151631 47 P 0
L 2.2511867 0.58125 2.29375 0.58125 47 P 0
L 2.2511867 0.6151631 2.2652067 0.6291831 47 P 0
L 2.255 2.7225 2.255 2.74 47 P 0
L 2.255 2.7225 2.2803385 2.7225 47 P 0
L 2.2559969 0.4375 2.25625 0.4375 48 P 0
L 2.2623524 0.96201 2.2748524 0.94951 47 P 0
L 2.2641733 0.2684252 2.325 0.3292519 48 P 0
L 2.2652067 0.6291831 2.2809547 0.6291831 47 P 0
L 2.2744115 2.8374015 2.4 2.8374015 47 P 0
L 2.2748524 0.8802044 2.2748524 0.94951 47 P 0
L 2.2748524 0.8802044 2.2835959 0.8714609 47 P 0
L 2.275 1.11875 2.275 1.14547 48 P 0
L 2.275 1.202559 2.275 1.3012441 48 P 0
L 2.275 1.3012441 2.3022992 1.3285433 48 P 0
L 2.2803385 2.7225 2.2875 2.7296615 47 P 0
L 2.2809547 0.6803642 2.3085767 0.6803642 47 P 0
L 2.2809547 0.7059548 2.3085767 0.7059548 47 P 0
L 2.2809547 0.7315453 2.3165453 0.7315453 47 P 0
L 2.2809547 0.7571359 2.3122678 0.7571359 47 P 0
L 2.2809547 0.7827264 2.2956065 0.7827264 47 P 0
L 2.2835959 0.8714609 2.3053124 0.8714609 47 P 0
L 2.2875 2.2625 2.2875 2.3625 47 P 0
L 2.2875 2.3625 2.4125 2.3625 47 P 0
L 2.2875 2.5125 2.2875 2.5697699 47 P 0
L 2.2875 2.5697699 2.2923801 2.57465 47 P 0
L 2.2875 2.7296615 2.2875 2.747441 47 P 0
L 2.2875 3.6625 2.2895673 3.6645673 50 P 0
L 2.2889002 2.70201 2.3118902 2.725 47 P 0
L 2.2890785 2.6157206 2.3233579 2.65 47 P 0
L 2.2895673 3.6645673 2.3750001 3.6645673 50 P 0
L 2.2923801 2.57465 2.34273 2.625 47 P 0
L 2.2932206 2.6057206 2.325 2.6375 47 P 0
L 2.2946574 2.69201 2.3126474 2.71 47 P 0
L 2.2956065 0.7827264 2.3125 0.7996199 47 P 0
L 2.2965115 0.4222385 2.2965115 0.47382 48 P 0
L 2.2965115 0.4222385 2.325 0.39375 48 P 0
L 2.2965115 0.47382 2.2965115 0.477757 48 P 0
L 2.2965115 0.477757 2.3250045 0.50625 48 P 0
L 2.2987995 2.68201 2.3167895 2.7 47 P 0
L 2.2992749 2.6400591 2.3212258 2.66201 47 P 0
L 2.3 2.4625 2.325 2.4875 47 P 0
L 2.3 2.8025591 2.3383857 2.8025591 47 P 0
L 2.3 3.125 2.3625 3.125 50 P 0
L 2.3022992 1.3285433 2.325 1.3285433 48 P 0
L 2.3029416 2.67201 2.31773 2.6867984 47 P 0
L 2.3035433 1.5522992 2.3035433 1.575 48 P 0
L 2.3035433 1.5522992 2.3106299 1.5452126 48 P 0
L 2.3035433 1.575 2.3035433 1.6285433 48 P 0
L 2.3035433 1.6285433 2.325 1.65 48 P 0
L 2.3053124 0.8259376 2.3053124 0.8714609 47 P 0
L 2.3053124 0.8259376 2.3125 0.81875 47 P 0
L 2.3053124 0.9072364 2.3053124 0.926579 47 P 0
L 2.3053124 0.92855 2.3062979 0.9275645 47 P 0
L 2.3070837 2.66201 2.3196673 2.6745936 47 P 0
L 2.3085767 0.6803642 2.3176319 0.671309 47 P 0
L 2.3085767 0.7059548 2.3088719 0.70625 47 P 0
L 2.3088719 0.70625 2.3165453 0.70625 47 P 0
L 2.3106299 1.4643701 2.3106299 1.5 48 P 0
L 2.3106299 1.4643701 2.33937 1.43563 48 P 0
L 2.3106299 1.5 2.3106299 1.5452126 48 P 0
L 2.3118902 2.725 2.4313621 2.725 47 P 0
L 2.3122678 0.7571359 2.3225 0.7673681 47 P 0
L 2.3125 0.7996199 2.3125 0.81875 47 P 0
L 2.3126474 2.71 2.61 2.71 47 P 0
L 2.3165453 0.70625 2.34375 0.7334547 47 P 0
L 2.3165453 0.7315453 2.3325 0.7475 47 P 0
L 2.3167895 2.7 2.6504922 2.7 47 P 0
L 2.3176319 0.671309 2.34375 0.671309 47 P 0
L 2.31773 2.6867984 2.8304463 2.6867984 47 P 0
L 2.3196673 2.6745936 2.8768226 2.6745936 47 P 0
L 2.3212258 2.66201 2.96201 2.66201 47 P 0
L 2.3225 0.7673681 2.3225 0.8175 47 P 0
L 2.3225 0.8175 2.3425 0.8375 47 P 0
L 2.3233579 2.65 2.975 2.65 47 P 0
L 2.3243624 0.975 2.3373524 0.96201 47 P 0
L 2.325 0.3292519 2.325 0.39375 48 P 0
L 2.325 1.2 2.325 1.26594 48 P 0
L 2.325 1.3285433 2.325 1.3576142 48 P 0
L 2.325 1.3576142 2.3393701 1.3719843 48 P 0
L 2.325 1.65 2.34094 1.65 48 P 0
L 2.325 1.6875 2.3375 1.7 47 P 0
L 2.325 2.4875 2.325 2.5321851 47 P 0
L 2.325 2.5321851 2.4053149 2.6125 47 P 0
L 2.325 2.6375 2.988189 2.6375 47 P 0
L 2.3250045 0.50625 2.425 0.50625 48 P 0
L 2.3325 0.7475 2.3325 0.8133579 47 P 0
L 2.3325 0.8133579 2.3466421 0.8275 47 P 0
L 2.3373524 0.8802044 2.3373524 0.96201 47 P 0
L 2.3373524 0.8802044 2.3460959 0.8714609 47 P 0
L 2.3375 1.7 2.375 1.7 47 P 0
L 2.3382008 1.6757008 2.35 1.6875 47 P 0
L 2.3383857 2.8025591 2.3625984 2.7783464 47 P 0
L 2.33937 1.4 2.33937 1.43563 48 P 0
L 2.3393701 1.3719843 2.3393701 1.4 48 P 0
L 2.3425 0.8375 2.35625 0.8375 47 P 0
L 2.34273 2.625 2.9975367 2.625 47 P 0
L 2.34375 0.58125 2.34375 0.6161909 47 P 0
L 2.34375 0.7334547 2.34375 0.8104658 47 P 0
L 2.34375 0.8104658 2.3507842 0.8175 47 P 0
L 2.3460959 0.8714609 2.3678124 0.8714609 47 P 0
L 2.3464567 1.65 2.3464567 1.653937 47 P 0
L 2.3464567 1.653937 2.3682205 1.6757008 47 P 0
L 2.3466421 0.8275 2.415 0.8275 47 P 0
L 2.35 1.6875 2.3891421 1.6875 47 P 0
L 2.35 1.925 2.35 1.9642361 50 P 0
L 2.35 1.925 2.3625 1.9125 50 P 0
L 2.35 1.9642361 2.3595828 1.9738189 50 P 0
L 2.3507842 0.8175 2.4223524 0.8175 47 P 0
L 2.35625 0.8375 2.3678124 0.8490624 47 P 0
L 2.3595034 0.4467466 2.3595034 0.47382 48 P 0
L 2.3595034 0.4467466 2.36875 0.4375 48 P 0
L 2.3595828 1.9738189 2.3911418 1.9738189 50 P 0
L 2.3625 1.9125 2.375 1.9125 50 P 0
L 2.3625 2.2625 2.3625 2.3375 47 P 0
L 2.3625 2.4740512 2.3625 2.5125 47 P 0
L 2.3625 2.4740512 2.3740512 2.4625 47 P 0
L 2.3625 3.125 2.3750001 3.1124999 50 P 0
L 2.3625984 2.7625984 2.3625984 2.7783464 47 P 0
L 2.3678124 0.8490624 2.3678124 0.8714609 47 P 0
L 2.3678124 0.90576 2.3678124 0.926579 47 P 0
L 2.3678124 0.926579 2.3678124 0.92855 47 P 0
L 2.3682205 1.6757008 2.4 1.6757008 47 P 0
L 2.3740512 2.4625 2.425 2.4625 47 P 0
L 2.375 1.11875 2.375 1.1474409 48 P 0
L 2.375 1.202559 2.375 1.3012441 48 P 0
L 2.375 1.3012441 2.4022992 1.3285433 48 P 0
L 2.375 1.7 2.3875 1.7125 47 P 0
L 2.375 3.1750002 2.3750001 3.1750003 50 P 0
L 2.3750001 3.0354333 2.3750001 3.1124999 50 P 0
L 2.3750001 3.1750003 2.3750001 3.2145672 50 P 0
L 2.3750001 3.2145672 2.4479328 3.2145672 50 P 0
L 2.3821654 0.2684252 2.44375 0.3300098 48 P 0
L 2.3875 0.9875 2.3998524 0.9751476 47 P 0
L 2.3875 1.7125 2.5 1.7125 47 P 0
L 2.3891421 1.6875 2.4016421 1.7 47 P 0
L 2.3911418 1.9994095 2.4259016 1.9994095 50 P 0
L 2.3911418 2.025 2.4371063 2.025 50 P 0
L 2.3998524 0.8802044 2.3998524 0.9751476 47 P 0
L 2.3998524 0.8802044 2.4085959 0.8714609 47 P 0
L 2.4 1.6757008 2.4117992 1.6875 47 P 0
L 2.4016421 1.7 2.5125 1.7 47 P 0
L 2.4022992 1.3285433 2.425 1.3285433 48 P 0
L 2.4035433 1.65 2.4035433 1.653937 47 P 0
L 2.4035433 1.653937 2.4189734 1.6693671 47 P 0
L 2.4053149 2.6125 3.0061023 2.6125 47 P 0
L 2.4085959 0.8714609 2.4303124 0.8714609 47 P 0
L 2.40906 1.65 2.425 1.65 48 P 0
L 2.4106299 1.3719843 2.4106299 1.4 48 P 0
L 2.4106299 1.3719843 2.425 1.3576142 48 P 0
L 2.41063 1.4 2.41063 1.43563 48 P 0
L 2.41063 1.43563 2.4393701 1.4643701 48 P 0
L 2.4117992 1.6875 2.525 1.6875 47 P 0
L 2.4125 2.2625 2.4125 2.3625 47 P 0
L 2.4125 2.3625 2.5375 2.3625 47 P 0
L 2.4125 2.5125 2.4125 2.575 47 P 0
L 2.4125 2.575 2.4375 2.6 47 P 0
L 2.4146215 0.4228785 2.4146215 0.47382 48 P 0
L 2.4146215 0.4228785 2.44375 0.39375 48 P 0
L 2.4146215 0.47382 2.43632 0.47382 48 P 0
L 2.415 0.8275 2.4303124 0.8428124 47 P 0
L 2.4189734 1.6693671 2.4193671 1.6693671 47 P 0
L 2.4193671 1.6693671 2.425 1.675 47 P 0
L 2.4223524 0.8175 2.4617234 0.856871 47 P 0
L 2.425 0.50625 2.453691 0.534941 48 P 0
L 2.425 1.2 2.425 1.26594 48 P 0
L 2.425 1.3285433 2.425 1.3576142 48 P 0
L 2.425 1.65 2.4464567 1.6285433 48 P 0
L 2.425 1.675 2.5324169 1.675 47 P 0
L 2.425 2.4625 2.45 2.4875 47 P 0
L 2.4259016 1.9994095 2.4324567 1.9928544 50 P 0
L 2.4303124 0.8428124 2.4303124 0.8714609 47 P 0
L 2.4303124 0.90655 2.4303124 0.926579 47 P 0
L 2.4303124 0.90655 2.4311024 0.90576 47 P 0
L 2.4303124 0.92855 2.4311024 0.92776 47 P 0
L 2.4311024 0.926579 2.4311024 0.92776 47 P 0
L 2.4313621 2.725 2.4374015 2.7310394 47 P 0
L 2.4324567 1.9928544 2.465 1.9928544 50 P 0
L 2.43632 0.47382 2.46875 0.50625 48 P 0
L 2.4371063 2.025 2.458563 2.0464567 50 P 0
L 2.4374015 2.7310394 2.4374015 2.7625984 47 P 0
L 2.4374015 2.7625984 2.4374015 2.8124015 50 P 0
L 2.4375 2.6 3.0155515 2.6 47 P 0
L 2.4393701 1.4643701 2.4393701 1.5 48 P 0
L 2.4393701 1.5 2.4393701 1.5452126 48 P 0
L 2.4393701 1.5452126 2.4464567 1.5522992 48 P 0
L 2.44375 0.3300098 2.44375 0.39375 48 P 0
L 2.44375 0.73125 2.4533957 0.7408957 47 P 0
L 2.4464567 1.5522992 2.4464567 1.575 48 P 0
L 2.4464567 1.575 2.4464567 1.6285433 48 P 0
L 2.4479328 3.2145672 2.45 3.2125 50 P 0
L 2.4487205 1 2.4623524 0.9863681 47 P 0
L 2.45 2.4875 2.45 2.5755 47 P 0
L 2.45 2.5755 2.462 2.5875 47 P 0
L 2.4533957 0.7408957 2.4875 0.7408957 47 P 0
L 2.453691 0.534941 2.49375 0.534941 48 P 0
L 2.45625 0.6972933 2.49375 0.6972933 47 P 0
L 2.458563 2.0464567 2.4625 2.0464567 50 P 0
L 2.4617234 0.856871 2.4742855 0.856871 47 P 0
L 2.462 2.5875 3.02362 2.5875 47 P 0
L 2.4623524 0.8802044 2.4623524 0.9863681 47 P 0
L 2.4623524 0.8802044 2.4710959 0.8714609 47 P 0
L 2.46875 0.50625 2.523622 0.50625 48 P 0
L 2.4710959 0.8714609 2.4888754 0.8714609 47 P 0
L 2.4742855 0.856871 2.4888754 0.8714609 47 P 0
L 2.475 1.11875 2.475 1.1474409 48 P 0
L 2.475 1.202559 2.475 1.3012441 48 P 0
L 2.475 1.3012441 2.5022992 1.3285433 48 P 0
L 2.475 2.775 2.481004 2.775 47 P 0
L 2.4776134 0.4473866 2.4776134 0.47382 48 P 0
L 2.4776134 0.4473866 2.4875 0.4375 48 P 0
L 2.481004 2.775 2.508563 2.747441 47 P 0
L 2.4875 0.79375 2.4875 0.8216044 47 P 0
L 2.4875 0.79375 2.5 0.78125 47 P 0
L 2.4875 2.2625 2.4875 2.3375 47 P 0
L 2.4875 2.4740512 2.4875 2.5125 47 P 0
L 2.4875 2.4740512 2.4990512 2.4625 47 P 0
L 2.4888754 0.8714609 2.4928124 0.8714609 47 P 0
L 2.4928124 0.90655 2.4928124 0.926579 47 P 0
L 2.4928124 0.90655 2.4936024 0.90576 47 P 0
L 2.4928124 0.92855 2.4936024 0.92776 47 P 0
L 2.4936024 0.926579 2.4936024 0.92776 47 P 0
L 2.49375 0.5900591 2.49375 0.6402067 48 P 0
L 2.49375 0.6402067 2.497687 0.6402067 47 P 0
L 2.497687 0.6402067 2.525 0.6675197 47 P 0
L 2.4990512 2.4625 2.55 2.4625 47 P 0
L 2.5 1.7125 2.5125 1.725 47 P 0
L 2.5001575 0.2684252 2.5625 0.3307677 48 P 0
L 2.5022992 1.3285433 2.525 1.3285433 48 P 0
L 2.5035433 1.5522992 2.5035433 1.575 48 P 0
L 2.5035433 1.5522992 2.5106299 1.5452126 48 P 0
L 2.5035433 1.575 2.5035433 1.6285433 48 P 0
L 2.5035433 1.6285433 2.525 1.65 48 P 0
L 2.508563 2.747441 2.5125 2.747441 47 P 0
L 2.5106299 1.4643701 2.5106299 1.5 48 P 0
L 2.5106299 1.4643701 2.53937 1.43563 48 P 0
L 2.5106299 1.5 2.5106299 1.5452126 48 P 0
L 2.5125 1.7 2.525 1.7125 47 P 0
L 2.5125 1.725 2.55 1.725 47 P 0
L 2.523622 0.50625 2.552313 0.534941 48 P 0
L 2.52375 0.76375 2.52375 0.9425 47 P 0
L 2.52375 0.76375 2.525 0.7625 47 P 0
L 2.52375 0.9425 2.545817 0.964567 47 P 0
L 2.525 0.6675197 2.525 0.7625 47 P 0
L 2.525 1.2 2.525 1.26594 48 P 0
L 2.525 1.3285433 2.525 1.3576142 48 P 0
L 2.525 1.3576142 2.5393701 1.3719843 48 P 0
L 2.525 1.65 2.54094 1.65 48 P 0
L 2.525 1.6875 2.5375 1.7 47 P 0
L 2.525 1.7125 2.5641421 1.7125 47 P 0
L 2.525 2.8025591 2.5633857 2.8025591 47 P 0
L 2.525 3.125 2.5875 3.125 50 P 0
L 2.525 3.6625 2.5407832 3.6625 50 P 0
L 2.5324169 1.675 2.5449169 1.6875 47 P 0
L 2.5327315 0.4235185 2.5327315 0.47382 48 P 0
L 2.5327315 0.4235185 2.5625 0.39375 48 P 0
L 2.5327315 0.47382 2.5327315 0.477757 48 P 0
L 2.5327315 0.477757 2.5612245 0.50625 48 P 0
L 2.53375 0.7708579 2.53375 0.9275 47 P 0
L 2.53375 0.7708579 2.5521079 0.7525 47 P 0
L 2.53375 0.9275 2.5452264 0.9389764 47 P 0
L 2.5375 1.7 2.575 1.7 47 P 0
L 2.5375 2.2625 2.5375 2.3625 47 P 0
L 2.5375 2.3625 2.625 2.3625 47 P 0
L 2.5375 2.5125 2.5375 2.5509488 47 P 0
L 2.5375 2.5509488 2.5620512 2.5755 47 P 0
L 2.53937 1.4 2.53937 1.43563 48 P 0
L 2.5393701 1.3719843 2.5393701 1.4 48 P 0
L 2.5407832 3.6625 2.5428505 3.6645673 50 P 0
L 2.5428505 3.6645673 2.6000001 3.6645673 50 P 0
L 2.54375 0.775 2.54375 0.90625 47 P 0
L 2.54375 0.775 2.55625 0.7625 47 P 0
L 2.54375 0.90625 2.5508859 0.9133859 47 P 0
L 2.5449169 1.6875 2.5878614 1.6875 47 P 0
L 2.5452264 0.9389764 2.5910925 0.9389764 47 P 0
L 2.545817 0.964567 2.5910925 0.964567 47 P 0
L 2.5464567 1.65 2.5464567 1.653937 47 P 0
L 2.5464567 1.653937 2.5682205 1.6757008 47 P 0
L 2.55 1.725 2.5625 1.7375 47 P 0
L 2.55 2.4625 2.575 2.4875 47 P 0
L 2.5508859 0.9133859 2.5910925 0.9133859 47 P 0
L 2.5521079 0.7525 2.575 0.7525 47 P 0
L 2.552313 0.534941 2.55625 0.534941 48 P 0
L 2.55625 0.5900591 2.55625 0.6402067 48 P 0
L 2.55625 0.6402067 2.560187 0.6402067 47 P 0
L 2.55625 0.6972933 2.55625 0.725 47 P 0
L 2.55625 0.7625 2.63125 0.7625 47 P 0
L 2.560187 0.6402067 2.5875 0.6675197 47 P 0
L 2.5612245 0.50625 2.586122 0.50625 48 P 0
L 2.5620512 2.5755 3.0336624 2.5755 47 P 0
L 2.5625 0.3307677 2.5625 0.39375 48 P 0
L 2.5625 1.7375 2.6625 1.7375 47 P 0
L 2.5633857 2.8025591 2.5875984 2.7783464 47 P 0
L 2.5641421 1.7125 2.5766421 1.725 47 P 0
L 2.5682205 1.6757008 2.6007008 1.6757008 47 P 0
L 2.575 0.7525 2.5875 0.74 47 P 0
L 2.575 1.11875 2.575 1.1474409 48 P 0
L 2.575 1.202559 2.575 1.3012441 48 P 0
L 2.575 1.3012441 2.6022992 1.3285433 48 P 0
L 2.575 1.7 2.5875 1.7125 47 P 0
L 2.575 1.85 2.6062501 1.8812501 50 P 0
L 2.575 2.4875 2.575 2.5375 47 P 0
L 2.575 2.5375 2.6 2.5625 47 P 0
L 2.5766421 1.725 2.675 1.725 47 P 0
L 2.5775591 1.9125 2.6062501 1.9125 50 P 0
L 2.586122 0.50625 2.614813 0.534941 48 P 0
L 2.5875 0.6675197 2.5875 0.74 47 P 0
L 2.5875 1.7125 2.6875 1.7125 47 P 0
L 2.5875 3.125 2.6000001 3.1124999 50 P 0
L 2.5875984 2.7625984 2.5875984 2.7783464 47 P 0
L 2.5878614 1.6875 2.6003614 1.7 47 P 0
L 2.5910925 0.7854331 2.6642716 0.7854331 47 P 0
L 2.5910925 0.8110237 2.6577263 0.8110237 47 P 0
L 2.5910925 0.8366142 2.6568405 0.8366142 47 P 0
L 2.5910925 0.8622048 2.6627952 0.8622048 47 P 0
L 2.5910925 0.8877953 2.6747047 0.8877953 47 P 0
L 2.5957334 0.4417666 2.5957334 0.47382 48 P 0
L 2.5957334 0.4417666 2.6 0.4375 48 P 0
L 2.6 2.5625 3.0426134 2.5625 47 P 0
L 2.6 3.1750003 2.6000001 3.1750004 50 P 0
L 2.6000001 3.0354333 2.6000001 3.1124999 50 P 0
L 2.6000001 3.1750004 2.6000001 3.2145672 50 P 0
L 2.6000001 3.2145672 2.6729328 3.2145672 50 P 0
L 2.6003614 1.7 2.7016421 1.7 47 P 0
L 2.6007008 1.6757008 2.6125 1.6875 47 P 0
L 2.6022992 1.3285433 2.625 1.3285433 48 P 0
L 2.6035433 1.65 2.6035433 1.653937 47 P 0
L 2.6035433 1.653937 2.6246063 1.675 47 P 0
L 2.6062501 1.8812501 2.6062501 1.9125 50 P 0
L 2.6062501 1.9125 2.634941 1.9125 50 P 0
L 2.61 2.71 2.625 2.725 47 P 0
L 2.6106299 1.3719843 2.6106299 1.4 48 P 0
L 2.6106299 1.3719843 2.625 1.3576142 48 P 0
L 2.61063 1.4 2.61063 1.43563 48 P 0
L 2.61063 1.43563 2.63937 1.46437 48 P 0
L 2.6125 1.65 2.625 1.65 48 P 0
L 2.6125 1.6875 2.7125 1.6875 47 P 0
L 2.6125 2.2625 2.6125 2.3375 47 P 0
L 2.6125 2.4740512 2.6125 2.5125 47 P 0
L 2.6125 2.4740512 2.6240512 2.4625 47 P 0
L 2.614813 0.534941 2.61875 0.534941 48 P 0
L 2.6181497 0.2684252 2.675 0.3252755 48 P 0
L 2.61875 0.5900591 2.61875 0.6402067 48 P 0
L 2.61875 0.6402067 2.622687 0.6402067 47 P 0
L 2.61875 0.6972933 2.61875 0.725 47 P 0
L 2.622687 0.6402067 2.65 0.6675197 47 P 0
L 2.6240512 2.4625 2.6617405 2.4625 47 P 0
L 2.6246063 1.675 2.725 1.675 47 P 0
L 2.625 1.2 2.625 1.26594 48 P 0
L 2.625 1.3285433 2.625 1.3576142 48 P 0
L 2.625 1.65 2.6464567 1.6285433 48 P 0
L 2.625 2.3625 2.65 2.3375 47 P 0
L 2.625 2.725 2.625 2.8374015 47 P 0
L 2.63125 0.7625 2.65 0.74375 47 P 0
L 2.6339567 1.85 2.6339567 1.8897992 50 P 0
L 2.6339567 1.8897992 2.634941 1.8907835 50 P 0
L 2.634941 1.8907835 2.634941 1.9125 50 P 0
L 2.63937 1.46437 2.63937 1.4719842 48 P 0
L 2.63937 1.4719842 2.6393701 1.4719843 48 P 0
L 2.6393701 1.4719843 2.6393701 1.5 48 P 0
L 2.6393701 1.5 2.6393701 1.5452126 48 P 0
L 2.6393701 1.5452126 2.6464567 1.5522992 48 P 0
L 2.6464567 1.5522992 2.6464567 1.575 48 P 0
L 2.6464567 1.575 2.6464567 1.6285433 48 P 0
L 2.65 0.6675197 2.65 0.74375 47 P 0
L 2.65 2.3375 2.6625 2.3375 47 P 0
L 2.6504922 2.7 2.6624015 2.7119093 47 P 0
L 2.6508515 0.4178985 2.6508515 0.47382 48 P 0
L 2.6508515 0.4178985 2.675 0.39375 48 P 0
L 2.6508515 0.47382 2.6508515 0.477757 48 P 0
L 2.6508515 0.477757 2.68125 0.5081555 48 P 0
L 2.6568405 0.8366142 2.6747047 0.81875 47 P 0
L 2.6577263 0.8110237 2.675 0.79375 47 P 0
L 2.6617405 2.4625 2.7367405 2.5375 47 P 0
L 2.6624015 2.7119093 2.6624015 2.7625984 47 P 0
L 2.6624015 2.7625984 2.6624015 2.8124015 50 P 0
L 2.6625 1.7375 2.675 1.75 47 P 0
L 2.6625 2.2625 2.6625 2.3375 47 P 0
L 2.6625 2.3375 2.6875 2.3375 47 P 0
L 2.6625 2.375 2.6625 2.4491174 47 P 0
L 2.6625 2.4491174 2.7383826 2.525 47 P 0
L 2.6625 2.5125 2.678311 2.5125 47 P 0
L 2.6627952 0.8622048 2.675 0.85 47 P 0
L 2.6642716 0.7854331 2.6747047 0.775 47 P 0
L 2.6729328 3.2145672 2.675 3.2125 50 P 0
L 2.67421 1.14498 2.6742101 1.1449799 48 P 0
L 2.67421 1.202069 2.67421 1.3007541 48 P 0
L 2.67421 1.3007541 2.7015092 1.3280533 48 P 0
L 2.6742101 1.1233289 2.6742101 1.1449799 48 P 0
L 2.6747047 0.775 2.6747047 0.7934547 47 P 0
L 2.6747047 0.7934547 2.675 0.79375 47 P 0
L 2.6747047 0.8877953 2.7125 0.85 47 P 0
L 2.675 0.3252755 2.675 0.39375 48 P 0
L 2.675 1.725 2.6875 1.7375 47 P 0
L 2.675 1.75 2.725 1.75 47 P 0
L 2.678311 2.5125 2.715811 2.55 47 P 0
L 2.68125 0.5081555 2.68125 0.534941 48 P 0
L 2.68125 0.5900591 2.68125 0.6402067 48 P 0
L 2.68125 0.6402067 2.685187 0.6402067 47 P 0
L 2.68125 0.6972933 2.68125 0.725 47 P 0
L 2.685187 0.6402067 2.7125 0.6675197 47 P 0
L 2.6875 1.7125 2.7 1.725 47 P 0
L 2.6875 1.7375 2.7391421 1.7375 47 P 0
L 2.6875 2.3375 2.7012047 2.3512047 47 P 0
L 2.7 1.725 2.75 1.725 47 P 0
L 2.7 2.775 2.706004 2.775 47 P 0
L 2.7012047 2.3512047 2.7012047 2.47368 47 P 0
L 2.7012047 2.47368 2.7400247 2.5125 47 P 0
L 2.7015092 1.3280533 2.72421 1.3280533 48 P 0
L 2.7016421 1.7 2.7141421 1.7125 47 P 0
L 2.7035433 1.5338223 2.7035433 1.575 48 P 0
L 2.7035433 1.5338223 2.7098399 1.5275257 48 P 0
L 2.7035433 1.575 2.7035433 1.6285433 48 P 0
L 2.7035433 1.6285433 2.72451 1.64951 48 P 0
L 2.706004 2.775 2.733563 2.747441 47 P 0
L 2.7098399 1.4714943 2.7098399 1.49951 48 P 0
L 2.7098399 1.4714943 2.70984 1.4714942 48 P 0
L 2.7098399 1.49951 2.7098399 1.5275257 48 P 0
L 2.70984 1.46516 2.70984 1.4714942 48 P 0
L 2.70984 1.46516 2.73937 1.43563 48 P 0
L 2.7125 0.6675197 2.7125 0.85 47 P 0
L 2.7125 1.6875 2.725 1.7 47 P 0
L 2.7138434 0.4424066 2.7138434 0.47382 48 P 0
L 2.7138434 0.4424066 2.71875 0.4375 48 P 0
L 2.7141421 1.7125 2.7625 1.7125 47 P 0
L 2.715811 2.55 3.05266 2.55 47 P 0
L 2.72421 1.19951 2.72421 1.26545 48 P 0
L 2.72421 1.3280533 2.72421 1.3568242 48 P 0
L 2.72421 1.3568242 2.7393701 1.3719843 48 P 0
L 2.72451 1.64951 2.7456667 1.64951 48 P 0
L 2.725 1.675 2.7375 1.6875 47 P 0
L 2.725 1.7 2.775 1.7 47 P 0
L 2.725 1.75 2.7375 1.7625 47 P 0
L 2.725 2.4125 2.725 2.4625 50 P 0
L 2.725 2.4125 2.7313976 2.4061024 50 P 0
L 2.7313976 2.4061024 2.7875 2.4061024 50 P 0
L 2.733563 2.747441 2.7375 2.747441 47 P 0
L 2.7361811 0.2684252 2.79375 0.3259941 48 P 0
L 2.73625 0.7713237 2.73625 0.8996359 47 P 0
L 2.73625 0.7713237 2.775 0.7325737 47 P 0
L 2.73625 0.8996359 2.7755905 0.9389764 47 P 0
L 2.7367405 2.5375 3.0632016 2.5375 47 P 0
L 2.7375 1.6875 2.7875 1.6875 47 P 0
L 2.7375 1.7625 2.85 1.7625 47 P 0
L 2.7375 2.3 2.7436023 2.2938977 50 P 0
L 2.7383826 2.525 3.02766 2.525 47 P 0
L 2.7391421 1.7375 2.7516421 1.75 47 P 0
L 2.73937 1.4 2.73937 1.43563 48 P 0
L 2.7393701 1.3719843 2.7393701 1.4 48 P 0
L 2.7400247 2.5125 2.95 2.5125 47 P 0
L 2.7436023 2.2938977 2.7875 2.2938977 50 P 0
L 2.74375 0.5029685 2.74375 0.534941 48 P 0
L 2.74375 0.5029685 2.7689615 0.477757 48 P 0
L 2.74375 0.5900591 2.74375 0.6402067 48 P 0
L 2.74375 0.6402067 2.747687 0.6402067 47 P 0
L 2.74375 0.6972933 2.74375 0.725 47 P 0
L 2.7456667 1.64951 2.7456667 1.653447 47 P 0
L 2.7456667 1.653447 2.7674305 1.6752108 47 P 0
L 2.74625 0.7754658 2.74625 0.89 47 P 0
L 2.74625 0.7754658 2.7729658 0.74875 47 P 0
L 2.74625 0.89 2.7696359 0.9133859 47 P 0
L 2.747687 0.6402067 2.775 0.6675197 47 P 0
L 2.75 1.725 2.7625 1.7375 47 P 0
L 2.75 2.8025591 2.7883857 2.8025591 47 P 0
L 2.75 3.1375 2.8125 3.1375 50 P 0
L 2.75 3.6625 2.7520673 3.6645673 50 P 0
L 2.7516421 1.75 2.8625 1.75 47 P 0
L 2.7520673 3.6645673 2.8250001 3.6645673 50 P 0
L 2.75625 0.7796079 2.75625 0.875 47 P 0
L 2.75625 0.7796079 2.7771079 0.75875 47 P 0
L 2.75625 0.875 2.7690453 0.8877953 47 P 0
L 2.7625 1.7125 2.775 1.725 47 P 0
L 2.7625 1.7375 2.875 1.7375 47 P 0
L 2.7674305 1.6752108 2.8 1.6752108 47 P 0
L 2.76875 0.78125 2.76875 0.85 47 P 0
L 2.76875 0.78125 2.78125 0.76875 47 P 0
L 2.76875 0.85 2.7809548 0.8622048 47 P 0
L 2.7689615 0.4185385 2.7689615 0.47382 48 P 0
L 2.7689615 0.4185385 2.79375 0.39375 48 P 0
L 2.7689615 0.47382 2.7689615 0.477757 48 P 0
L 2.7690453 0.8877953 2.8214075 0.8877953 47 P 0
L 2.7696359 0.9133859 2.8214075 0.9133859 47 P 0
L 2.7729658 0.74875 2.8214075 0.74875 47 P 0
L 2.77421 1.11954 2.77421 1.1469509 48 P 0
L 2.77421 1.11954 2.775 1.11875 48 P 0
L 2.77421 1.202069 2.77421 1.3007541 48 P 0
L 2.77421 1.3007541 2.8015092 1.3280533 48 P 0
L 2.775 0.6675197 2.775 0.7325737 47 P 0
L 2.775 1.7 2.7875 1.7125 47 P 0
L 2.775 1.725 2.8891421 1.725 47 P 0
L 2.7755905 0.9389764 2.8214075 0.9389764 47 P 0
L 2.7771079 0.75875 2.8658677 0.75875 47 P 0
L 2.7809548 0.8622048 2.8214075 0.8622048 47 P 0
L 2.78125 0.76875 2.875 0.76875 47 P 0
L 2.7875 1.6875 2.8 1.7 47 P 0
L 2.7875 1.7125 2.9 1.7125 47 P 0
L 2.7875 2.4061024 2.8395643 2.4061024 48 P 0
L 2.7883857 2.8025591 2.8125984 2.7783464 47 P 0
L 2.79375 0.3259941 2.79375 0.39375 48 P 0
L 2.8 1.6752108 2.8122892 1.6875 47 P 0
L 2.8 1.7 2.9108579 1.7 47 P 0
L 2.8015092 1.3280533 2.82421 1.3280533 48 P 0
L 2.8027533 1.64951 2.8027533 1.653447 47 P 0
L 2.8027533 1.653447 2.8245171 1.6752108 47 P 0
L 2.80625 0.534941 2.810187 0.534941 48 P 0
L 2.80625 0.5900591 2.80625 0.6402067 48 P 0
L 2.80625 0.6402067 2.810187 0.6402067 47 P 0
L 2.80625 0.6972933 2.80625 0.725 47 P 0
L 2.80827 1.64951 2.82766 1.64951 48 P 0
L 2.80984 1.36388 2.80984 1.43514 48 P 0
L 2.80984 1.36388 2.82421 1.34951 48 P 0
L 2.80984 1.43514 2.8385801 1.4638801 48 P 0
L 2.810187 0.534941 2.838878 0.50625 48 P 0
L 2.810187 0.6402067 2.8375 0.6675197 47 P 0
L 2.8122892 1.6875 2.9233579 1.6875 47 P 0
L 2.8125 3.1375 2.8250001 3.1249999 50 P 0
L 2.8125984 2.7625984 2.8125984 2.7783464 47 P 0
L 2.8214075 0.74875 2.8375 0.7326575 47 P 0
L 2.8214075 0.7854331 2.8895669 0.7854331 48 P 0
L 2.8214075 0.8110237 2.8735237 0.8110237 47 P 0
L 2.8214075 0.8366142 2.8618248 0.8366142 48 P 0
L 2.8214075 0.964567 2.8820866 0.964567 47 P 0
L 2.82421 1.19951 2.82421 1.26545 48 P 0
L 2.82421 1.33356 2.82421 1.34951 48 P 0
L 2.8245171 1.6752108 2.9377108 1.6752108 47 P 0
L 2.825 3.1750004 2.8250001 3.1750005 50 P 0
L 2.8250001 3.0354333 2.8250001 3.1249999 50 P 0
L 2.8250001 3.1750005 2.8250001 3.2145672 50 P 0
L 2.8250001 3.2145672 2.8979328 3.2145672 50 P 0
L 2.82766 1.64951 2.8464567 1.6307133 48 P 0
L 2.8304463 2.6867984 2.85 2.7063521 47 P 0
L 2.8319534 0.4430466 2.8319534 0.47382 48 P 0
L 2.8319534 0.4430466 2.8375 0.4375 48 P 0
L 2.8375 0.6675197 2.8375 0.7326575 47 P 0
L 2.8385801 1.4638801 2.8385801 1.49951 48 P 0
L 2.8385801 1.49951 2.8385801 1.5447226 48 P 0
L 2.8385801 1.5447226 2.8464567 1.5525992 48 P 0
L 2.838878 0.50625 2.8585785 0.50625 48 P 0
L 2.8395643 2.4061024 2.8592494 2.3864173 48 P 0
L 2.8464567 1.5525992 2.8464567 1.5875 48 P 0
L 2.8464567 1.5875 2.8464567 1.6307133 48 P 0
L 2.85 1.7625 2.8625 1.775 47 P 0
L 2.85 2.7063521 2.85 2.8374015 47 P 0
L 2.8541733 0.2684252 2.9125 0.3267519 48 P 0
L 2.8585785 0.50625 2.8870715 0.477757 48 P 0
L 2.8592494 2.3864173 2.9 2.3864173 48 P 0
L 2.8618248 0.8366142 2.8752106 0.85 48 P 0
L 2.8625 1.75 2.875 1.7625 47 P 0
L 2.8625 1.775 2.9125 1.775 47 P 0
L 2.8658677 0.75875 2.9 0.7246177 47 P 0
L 2.86875 0.534941 2.872687 0.534941 48 P 0
L 2.86875 0.5900591 2.86875 0.6402067 48 P 0
L 2.86875 0.6402067 2.872687 0.6402067 47 P 0
L 2.86875 0.6972933 2.86875 0.725 47 P 0
L 2.872687 0.534941 2.901378 0.50625 48 P 0
L 2.872687 0.6402067 2.9 0.6675197 47 P 0
L 2.8735237 0.8110237 2.88125 0.81875 47 P 0
L 2.87421 1.11954 2.87421 1.1469509 48 P 0
L 2.87421 1.11954 2.875 1.11875 48 P 0
L 2.87421 1.202069 2.87421 1.3007541 48 P 0
L 2.87421 1.3007541 2.9015092 1.3280533 48 P 0
L 2.875 0.76875 2.89375 0.75 47 P 0
L 2.875 1.7375 2.8875 1.75 47 P 0
L 2.875 1.7625 2.925 1.7625 47 P 0
L 2.8752106 0.85 2.88125 0.85 48 P 0
L 2.8768226 2.6745936 2.8874015 2.6851725 47 P 0
L 2.8797737 0.8110237 2.88125 0.8125 47 P 0
L 2.88125 0.8125 2.88125 0.81875 47 P 0
L 2.8820866 0.964567 2.9438485 0.9028051 47 P 0
L 2.885 2.18 2.8946615 2.18 48 P 0
L 2.8870715 0.4254285 2.8870715 0.47382 48 P 0
L 2.8870715 0.4254285 2.9125 0.4 48 P 0
L 2.8870715 0.47382 2.8870715 0.477757 48 P 0
L 2.8874015 2.6851725 2.8874015 2.7625984 47 P 0
L 2.8874015 2.7625984 2.8874015 2.8124015 50 P 0
L 2.8875 1.75 2.9375 1.75 47 P 0
L 2.8891421 1.725 2.9016421 1.7375 47 P 0
L 2.8895669 0.7854331 2.89375 0.78125 48 P 0
L 2.89375 0.75 2.9371177 0.75 47 P 0
L 2.8946615 2.18 2.9046615 2.17 48 P 0
L 2.8979328 3.2145672 2.9 3.2125 50 P 0
L 2.9 0.6675197 2.9 0.7246177 47 P 0
L 2.9 1.7125 2.9125 1.725 47 P 0
L 2.9 2.2875 2.9 2.3135827 48 P 0
L 2.9 2.2875 2.925 2.2625 48 P 0
L 2.901378 0.50625 2.9766885 0.50625 48 P 0
L 2.9015092 1.3280533 2.92421 1.3280533 48 P 0
L 2.9016421 1.7375 2.95 1.7375 47 P 0
L 2.9035433 1.5510192 2.9035433 1.5875 48 P 0
L 2.9035433 1.5510192 2.9098399 1.5447226 48 P 0
L 2.9035433 1.5875 2.9035433 1.6322833 48 P 0
L 2.9035433 1.6322833 2.92077 1.64951 48 P 0
L 2.9046615 2.17 2.922441 2.17 48 P 0
L 2.9098399 1.4714943 2.9098399 1.49951 48 P 0
L 2.9098399 1.4714943 2.90984 1.4714942 48 P 0
L 2.9098399 1.49951 2.9098399 1.5447226 48 P 0
L 2.90984 1.46388 2.90984 1.4714942 48 P 0
L 2.90984 1.46388 2.93858 1.43514 48 P 0
L 2.9108579 1.7 2.9233579 1.7125 47 P 0
L 2.9125 0.3267519 2.9125 0.4 48 P 0
L 2.9125 0.80625 2.9163249 0.80625 47 P 0
L 2.9125 0.80625 2.9222441 0.7965059 47 P 0
L 2.9125 1.725 2.9625 1.725 47 P 0
L 2.9125 1.775 2.925 1.7875 47 P 0
L 2.92077 1.64951 2.94016 1.64951 48 P 0
L 2.9222441 0.7965059 2.9438485 0.7965059 47 P 0
L 2.922441 2.115 2.922441 2.17 48 P 0
L 2.922441 2.17 2.922441 2.225 48 P 0
L 2.9233579 1.6875 2.9358579 1.7 47 P 0
L 2.9233579 1.7125 2.975 1.7125 47 P 0
L 2.92421 1.19951 2.92421 1.26545 48 P 0
L 2.92421 1.33356 2.92421 1.34951 48 P 0
L 2.92421 1.34951 2.93858 1.36388 48 P 0
L 2.925 1.7625 2.9375 1.775 47 P 0
L 2.925 1.7875 2.925 2.0125 47 P 0
L 2.925 2.0125 3.00295 2.09045 47 P 0
L 2.925 2.2625 2.975 2.2625 48 P 0
L 2.925 2.775 2.931004 2.775 47 P 0
L 2.931004 2.775 2.958563 2.747441 47 P 0
L 2.93125 0.534941 2.971309 0.534941 48 P 0
L 2.93125 0.5900591 2.93125 0.6402067 48 P 0
L 2.93125 0.6402067 2.935187 0.6402067 47 P 0
L 2.93125 0.6972933 2.93125 0.725 47 P 0
L 2.935187 0.6402067 2.9625 0.6675197 47 P 0
L 2.9358579 1.7 2.9858579 1.7 47 P 0
L 2.9371177 0.75 2.9625 0.7246177 47 P 0
L 2.9375 1.75 2.95 1.7625 47 P 0
L 2.9375 1.775 2.9375 1.9875 47 P 0
L 2.9375 1.9875 3.00108 2.05108 47 P 0
L 2.9375 3.1375 2.9375 3.1875 50 P 0
L 2.9375 3.1375 2.95 3.125 50 P 0
L 2.9377108 1.6752108 2.95 1.6875 47 P 0
L 2.93858 1.36388 2.93858 1.43514 48 P 0
L 2.9438485 0.7965059 2.9659941 0.7965059 47 P 0
L 2.9438485 0.8561515 2.9438485 0.8909941 47 P 0
L 2.9438485 0.8561515 2.9875 0.8125 47 P 0
L 2.9438485 0.8909941 2.9438485 0.9028051 47 P 0
L 2.9456667 1.64951 2.9456667 1.653447 47 P 0
L 2.9456667 1.653447 2.9674305 1.6752108 47 P 0
L 2.95 1.6875 2.9875 1.6875 47 P 0
L 2.95 1.7375 2.9625 1.75 47 P 0
L 2.95 1.7625 2.95 1.9625 47 P 0
L 2.95 1.9625 2.99921 2.01171 47 P 0
L 2.95 2.5125 3.0375 2.425 47 P 0
L 2.95 3.125 3.0375 3.125 50 P 0
L 2.9500634 0.4436866 2.9500634 0.47382 48 P 0
L 2.9500634 0.4436866 2.95625 0.4375 48 P 0
L 2.958563 2.747441 2.9625 2.747441 47 P 0
L 2.96201 2.66201 2.9745936 2.6745936 47 P 0
L 2.9625 0.6675197 2.9625 0.7246177 47 P 0
L 2.9625 1.725 2.975 1.7375 47 P 0
L 2.9625 1.75 2.9625 1.9375 47 P 0
L 2.9625 1.9375 2.99734 1.97234 47 P 0
L 2.9659941 0.7965059 2.975 0.7875 47 P 0
L 2.9674305 1.6752108 3.0002108 1.6752108 47 P 0
L 2.971309 0.534941 3 0.50625 48 P 0
L 2.9721654 0.2684252 3.03125 0.3275098 48 P 0
L 2.97421 1.11954 2.97421 1.1469509 48 P 0
L 2.97421 1.11954 2.975 1.11875 48 P 0
L 2.97421 1.202069 2.97421 1.3007541 48 P 0
L 2.97421 1.3007541 3.0015092 1.3280533 48 P 0
L 2.9745936 2.6745936 3.0627952 2.6745936 47 P 0
L 2.975 0.7660926 2.975 0.7875 47 P 0
L 2.975 0.7660926 2.9910926 0.75 47 P 0
L 2.975 1.7125 2.9875 1.725 47 P 0
L 2.975 1.7375 2.975 1.9125 47 P 0
L 2.975 1.9125 2.99547 1.93297 47 P 0
L 2.975 2.2625 2.975 2.2958661 48 P 0
L 2.975 2.2625 2.9993443 2.2625 48 P 0
L 2.975 2.4041338 2.975 2.45 48 P 0
L 2.975 2.4041338 3.014433 2.4041338 48 P 0
L 2.975 2.65 2.9875 2.6625 47 P 0
L 2.975 2.8025591 3.0133857 2.8025591 47 P 0
L 2.975 3.6625 2.9770673 3.6645673 50 P 0
L 2.9766885 0.50625 3.0051815 0.477757 48 P 0
L 2.9770673 3.6645673 3.0492101 3.6645673 50 P 0
L 2.9775591 2.115 2.9775591 2.118937 47 P 0
L 2.9775591 2.118937 3.01 2.1513779 47 P 0
L 2.9775591 2.17 2.9775591 2.173937 47 P 0
L 2.9775591 2.173937 2.992149 2.1885269 47 P 0
L 2.9775591 2.225 3.005 2.225 47 P 0
L 2.9786909 0.964813 2.9786909 0.96875 47 P 0
L 2.9786909 0.964813 3.0186516 0.9248523 47 P 0
L 2.98125 0.8614036 2.98125 0.8909941 47 P 0
L 2.98125 0.8614036 2.9926536 0.85 47 P 0
L 2.9858579 1.7 3 1.7141421 47 P 0
L 2.9875 0.76875 2.9875 0.8125 47 P 0
L 2.9875 0.76875 3 0.75625 47 P 0
L 2.9875 1.6875 3.0380906 1.7380906 47 P 0
L 2.9875 1.725 2.9875 1.875 47 P 0
L 2.9875 1.875 3.0061 1.8936 47 P 0
L 2.9875 2.6625 3.1003079 2.6625 47 P 0
L 2.988189 2.6375 3.000689 2.65 47 P 0
L 2.9910926 0.71875 2.9910926 0.75 47 P 0
L 2.992149 2.1885269 3.0035269 2.1885269 47 P 0
L 2.9926536 0.85 3.05625 0.85 47 P 0
L 2.99547 1.93297 3.03612 1.93297 47 P 0
L 2.99734 1.97234 3.03612 1.97234 47 P 0
L 2.9975367 2.625 3.0100367 2.6375 47 P 0
L 2.99921 2.01171 3.03612 2.01171 47 P 0
L 2.9993443 2.2625 3.0380906 2.2237537 48 P 0
L 3 0.50625 3.0947985 0.50625 48 P 0
L 3 0.75625 3.03125 0.75625 47 P 0
L 3 1.7141421 3 1.85 47 P 0
L 3 1.85 3.00423 1.85423 47 P 0
L 3.0002108 1.6752108 3.025 1.7 47 P 0
L 3.000689 2.65 3.234941 2.65 47 P 0
L 3.00108 2.05108 3.03612 2.05108 47 P 0
L 3.0015092 1.3280533 3.02421 1.3280533 48 P 0
L 3.0027533 1.64951 3.0027533 1.653447 47 P 0
L 3.0027533 1.653447 3.0368063 1.6875 47 P 0
L 3.00295 2.09045 3.03612 2.09045 47 P 0
L 3.0035269 2.1885269 3.005 2.19 47 P 0
L 3.00423 1.85423 3.03612 1.85423 47 P 0
L 3.005 2.2231482 3.005 2.225 47 P 0
L 3.0051815 0.4198185 3.0051815 0.47382 48 P 0
L 3.0051815 0.4198185 3.03125 0.39375 48 P 0
L 3.0051815 0.47382 3.0051815 0.477757 48 P 0
L 3.0061 1.8936 3.03612 1.8936 47 P 0
L 3.0061023 2.6125 3.0177047 2.6241024 47 P 0
L 3.00827 1.64951 3.02766 1.64951 48 P 0
L 3.00984 1.36388 3.00984 1.43514 48 P 0
L 3.00984 1.36388 3.02421 1.34951 48 P 0
L 3.00984 1.43514 3.03858 1.46388 48 P 0
L 3.01 2.1513779 3.01 2.155 47 P 0
L 3.0100367 2.6375 3.2464074 2.6375 47 P 0
L 3.0133857 2.8025591 3.0375984 2.7783464 47 P 0
L 3.014433 2.4041338 3.025 2.3935668 48 P 0
L 3.0155515 2.6 3.0280515 2.6125 47 P 0
L 3.0177047 2.6241024 3.3430024 2.6241024 47 P 0
L 3.0186516 0.7965059 3.0472441 0.7965059 47 P 0
L 3.0186516 0.8909941 3.0186516 0.9248523 47 P 0
L 3.0186516 0.8909941 3.0465059 0.8909941 47 P 0
L 3.02362 2.5875 3.03612 2.6 47 P 0
L 3.02421 1.19951 3.02421 1.26545 48 P 0
L 3.02421 1.33356 3.02421 1.34951 48 P 0
L 3.025 1.7 3.13125 1.7 47 P 0
L 3.025 2.275 3.025 2.3935668 48 P 0
L 3.025 2.275 3.0625 2.2375 48 P 0
L 3.02766 1.64951 3.0464567 1.6307133 48 P 0
L 3.02766 2.525 3.07766 2.475 47 P 0
L 3.0280515 2.6125 3.5103975 2.6125 47 P 0
L 3.03125 0.3275098 3.03125 0.39375 48 P 0
L 3.03125 0.75625 3.0462107 0.7412893 47 P 0
L 3.0336624 2.5755 3.0456624 2.5875 47 P 0
L 3.033809 0.964813 3.033809 0.96875 48 P 0
L 3.033809 0.964813 3.086122 0.9125 48 P 0
L 3.03612 2.6 3.6474409 2.6 47 P 0
L 3.0368063 1.6875 3.16142 1.6875 47 P 0
L 3.0375 2.425 3.13125 2.425 47 P 0
L 3.0375 3.125 3.0498158 3.1126842 50 P 0
L 3.0375984 2.7625984 3.0375984 2.7783464 47 P 0
L 3.0380906 1.7380906 3.0380906 1.8148622 47 P 0
L 3.0380906 2.1101377 3.0380906 2.2237537 48 P 0
L 3.03858 1.46388 3.03858 1.4714942 48 P 0
L 3.03858 1.4714942 3.0385801 1.4714943 48 P 0
L 3.0385801 1.4714943 3.0385801 1.49951 48 P 0
L 3.0385801 1.49951 3.0385801 1.5447226 48 P 0
L 3.0385801 1.5447226 3.0464567 1.5525992 48 P 0
L 3.0426134 2.5625 3.0554087 2.5752953 47 P 0
L 3.0456624 2.5875 3.7360215 2.5875 47 P 0
L 3.0462107 0.71875 3.0462107 0.7412893 47 P 0
L 3.0464567 1.5525992 3.0464567 1.5875 48 P 0
L 3.0464567 1.5875 3.0464567 1.6307133 48 P 0
L 3.0465059 0.8909941 3.05625 0.88125 47 P 0
L 3.0472441 0.7965059 3.0653544 0.7783956 47 P 0
L 3.0492101 3.175 3.0498158 3.1756057 50 P 0
L 3.0498158 3.0354333 3.0498158 3.1126842 50 P 0
L 3.0498158 3.1756057 3.0498158 3.2145672 50 P 0
L 3.0498158 3.2145672 3.1229328 3.2145672 50 P 0
L 3.05 2.28125 3.0556618 2.2869118 47 P 0
L 3.05 2.3144709 3.05 2.35 47 P 0
L 3.05 2.35 3.0625 2.3625 47 P 0
L 3.05 2.4625 3.067372 2.4625 47 P 0
L 3.05266 2.55 3.0660842 2.5634242 47 P 0
L 3.0554087 2.5752953 3.780162 2.5752953 47 P 0
L 3.0556618 2.2869118 3.0875 2.2869118 47 P 0
L 3.05625 0.85 3.0653543 0.8591043 47 P 0
L 3.0625 2.2375 3.125 2.2375 48 P 0
L 3.0625 2.3625 3.0875 2.3625 47 P 0
L 3.0627952 2.6745936 3.075 2.6867984 47 P 0
L 3.0632016 2.5375 3.0757016 2.55 47 P 0
L 3.0653543 0.8591043 3.10625 0.8591043 47 P 0
L 3.0653544 0.7783956 3.10625 0.7783956 47 P 0
L 3.0660842 2.5634242 3.782433 2.5634242 47 P 0
L 3.067372 2.4625 3.083563 2.446309 47 P 0
L 3.0681734 0.4443266 3.0681734 0.47382 48 P 0
L 3.0681734 0.4443266 3.075 0.4375 48 P 0
L 3.07421 1.11954 3.07421 1.1469509 48 P 0
L 3.07421 1.11954 3.075 1.11875 48 P 0
L 3.07421 1.202069 3.07421 1.3007541 48 P 0
L 3.07421 1.3007541 3.1015092 1.3280533 48 P 0
L 3.075 2.1279397 3.075 2.1625 47 P 0
L 3.075 2.1279397 3.1154397 2.0875 47 P 0
L 3.075 2.6867984 3.075 2.8374015 47 P 0
L 3.0757016 2.55 3.7831509 2.55 47 P 0
L 3.07766 2.475 3.8125 2.475 47 P 0
L 3.08297 2.38297 3.0875 2.38297 47 P 0
L 3.083563 2.446309 3.0875 2.446309 47 P 0
L 3.086122 0.9125 3.1 0.9125 48 P 0
L 3.0875 2.3420299 3.0875 2.3625 47 P 0
L 3.0875 2.3625 3.0875 2.38297 47 P 0
L 3.0875 2.38297 3.0875 2.3911909 47 P 0
L 3.0901575 0.2684252 3.14375 0.3220177 48 P 0
L 3.0947985 0.50625 3.1232915 0.477757 48 P 0
L 3.1 2.5125 3.2036909 2.5125 47 P 0
L 3.1003079 2.6625 3.1124015 2.6745936 47 P 0
L 3.1008539 2.1276774 3.1008539 2.1329535 48 P 0
L 3.1008539 2.1329535 3.11486 2.1469596 48 P 0
L 3.1015092 1.3280533 3.12421 1.3280533 48 P 0
L 3.1035433 1.5510192 3.1035433 1.5875 48 P 0
L 3.1035433 1.5510192 3.1098399 1.5447226 48 P 0
L 3.1035433 1.5875 3.1035433 1.6322833 48 P 0
L 3.1035433 1.6322833 3.12077 1.64951 48 P 0
L 3.10625 0.74375 3.10625 0.7783956 47 P 0
L 3.10625 0.81875 3.10625 0.8591043 47 P 0
L 3.1098399 1.4714943 3.1098399 1.49951 48 P 0
L 3.1098399 1.4714943 3.10984 1.4714942 48 P 0
L 3.1098399 1.49951 3.1098399 1.5447226 48 P 0
L 3.10984 1.46388 3.10984 1.4714942 48 P 0
L 3.10984 1.46388 3.13858 1.43514 48 P 0
L 3.1124015 2.6745936 3.1124015 2.7625984 47 P 0
L 3.1124015 2.7625984 3.1124015 2.8124015 50 P 0
L 3.11486 2.1469596 3.11486 2.18888 48 P 0
L 3.1154397 2.0875 3.3683677 2.0875 47 P 0
L 3.12077 1.64951 3.14016 1.64951 48 P 0
L 3.1229328 3.2145672 3.125 3.2125 50 P 0
L 3.1232915 0.4142085 3.1232915 0.47382 48 P 0
L 3.1232915 0.4142085 3.14375 0.39375 48 P 0
L 3.1232915 0.47382 3.1232915 0.477757 48 P 0
L 3.12421 1.19951 3.12421 1.26545 48 P 0
L 3.12421 1.33356 3.12421 1.34951 48 P 0
L 3.12421 1.34951 3.13858 1.36388 48 P 0
L 3.125 2.2375 3.125 2.39375 48 P 0
L 3.125 2.2375 3.2 2.2375 48 P 0
L 3.125 2.39375 3.1375 2.40625 48 P 0
L 3.13125 1.7 3.13455 1.7033 47 P 0
L 3.13125 2.425 3.16875 2.4625 47 P 0
L 3.13455 1.7033 3.13455 1.73612 47 P 0
L 3.13455 2.113867 3.13455 2.18888 48 P 0
L 3.1375 2.40625 3.3625 2.40625 48 P 0
L 3.13858 1.36388 3.13858 1.43514 48 P 0
L 3.14016 1.64951 3.1429133 1.6522633 47 P 0
L 3.1434211 1.01 3.1529009 1.0005202 47 P 0
L 3.14375 0.3220177 3.14375 0.39375 48 P 0
L 3.1456667 1.64951 3.1456667 1.653447 47 P 0
L 3.1456667 1.653447 3.17815 1.6859303 47 P 0
L 3.15 0.4375 3.1621063 0.4375 48 P 0
L 3.15 0.7127953 3.15 0.8205407 47 P 0
L 3.15 0.7127953 3.1625 0.7002953 47 P 0
L 3.15 0.8205407 3.1841509 0.8546916 47 P 0
L 3.15 2.775 3.156004 2.775 47 P 0
L 3.1529009 0.8792112 3.1529009 1.0005202 47 P 0
L 3.1529009 0.8792112 3.159641 0.8724711 47 P 0
L 3.15423 2.14577 3.15423 2.18888 48 P 0
L 3.15423 2.14577 3.16875 2.13125 48 P 0
L 3.156004 2.775 3.183563 2.747441 47 P 0
L 3.159641 0.8724711 3.1841509 0.8724711 47 P 0
L 3.16142 1.6875 3.17392 1.7 47 P 0
L 3.1621063 0.4375 3.183563 0.4160433 48 P 0
L 3.1625 0.7002953 3.2127953 0.7002953 47 P 0
L 3.1625 0.7375 3.1625 0.8125 47 P 0
L 3.1625 0.7375 3.1741141 0.7258859 47 P 0
L 3.1625 0.8125 3.175 0.825 47 P 0
L 3.1625 2.25625 3.1625 2.28297 47 P 0
L 3.1625 2.34203 3.19375 2.34203 47 P 0
L 3.16875 2.125 3.16875 2.13125 48 P 0
L 3.16875 2.4625 3.7625 2.4625 47 P 0
L 3.17392 1.7 3.17392 1.73612 47 P 0
L 3.17392 2.1531 3.17392 2.18888 48 P 0
L 3.17392 2.1531 3.1781932 2.1488268 48 P 0
L 3.1741141 0.7258859 3.2127953 0.7258859 47 P 0
L 3.17421 1.11954 3.17421 1.1469509 48 P 0
L 3.17421 1.11954 3.175 1.11875 48 P 0
L 3.17421 1.202069 3.17421 1.3007541 48 P 0
L 3.17421 1.3007541 3.2015092 1.3280533 48 P 0
L 3.175 0.7616497 3.175 0.8 47 P 0
L 3.175 0.7616497 3.1851733 0.7514764 47 P 0
L 3.175 0.8 3.1875 0.8125 47 P 0
L 3.175 0.825 3.222141 0.825 47 P 0
L 3.17815 1.6859303 3.17815 1.6875 47 P 0
L 3.17815 1.6875 3.20079 1.6875 47 P 0
L 3.1781932 2.1488268 3.1786193 2.1488268 48 P 0
L 3.1786193 2.1488268 3.2 2.1274461 48 P 0
L 3.183563 0.4160433 3.1875 0.4160433 47 P 0
L 3.183563 2.747441 3.1875 2.747441 47 P 0
L 3.1841509 0.8546916 3.1841509 0.8724711 47 P 0
L 3.1841509 0.9067702 3.1841509 0.9275892 47 P 0
L 3.1841509 0.9275892 3.1841509 0.9295602 47 P 0
L 3.1851733 0.7514764 3.2127953 0.7514764 47 P 0
L 3.1875 0.31875 3.1875 0.3589567 48 P 0
L 3.1875 0.4160433 3.1875 0.45625 48 P 0
L 3.1875 0.8125 3.3 0.8125 47 P 0
L 3.1936024 2.1869094 3.2132875 2.1869094 48 P 0
L 3.19375 2.26875 3.19375 2.34203 47 P 0
L 3.19375 2.26875 3.23297 2.22953 47 P 0
L 3.19375 2.34203 3.225 2.34203 47 P 0
L 3.2 2.1125 3.2 2.1274461 48 P 0
L 3.2 2.2375 3.21329 2.22421 48 P 0
L 3.2 2.8025591 3.2383857 2.8025591 47 P 0
L 3.2 2.975 3.2 3.0175828 50 P 0
L 3.2 3.0175828 3.2178505 3.0354333 50 P 0
L 3.2 3.6625 3.2020673 3.6645673 50 P 0
L 3.20079 1.6875 3.21329 1.7 47 P 0
L 3.2015092 1.3280533 3.22421 1.3280533 48 P 0
L 3.2020673 3.6645673 3.2750001 3.6645673 50 P 0
L 3.2036909 2.5125 3.2036909 2.516437 47 P 0
L 3.2036909 2.516437 3.2272539 2.54 47 P 0
L 3.20827 1.64951 3.22717 1.64951 48 P 0
L 3.2084211 1.02 3.2154009 1.0130202 47 P 0
L 3.20984 1.36388 3.20984 1.43514 48 P 0
L 3.20984 1.36388 3.22421 1.34951 48 P 0
L 3.20984 1.43514 3.2385801 1.4638801 48 P 0
L 3.2127953 0.5750984 3.2127953 0.5979331 47 P 0
L 3.2127953 0.5750984 3.2339567 0.553937 47 P 0
L 3.2127953 0.6235237 3.2797737 0.6235237 48 P 0
L 3.2127953 0.6491142 3.2616142 0.6491142 48 P 0
L 3.2127953 0.777067 3.327067 0.777067 47 P 0
L 3.21329 1.7 3.21329 1.73612 47 P 0
L 3.21329 2.18888 3.21329 2.22421 48 P 0
L 3.2154009 0.8792112 3.2154009 1.0130202 47 P 0
L 3.2154009 0.8792112 3.222141 0.8724711 47 P 0
L 3.2178505 3.0354333 3.2750001 3.0354333 50 P 0
L 3.222141 0.825 3.2466509 0.8495099 47 P 0
L 3.222141 0.8724711 3.2466509 0.8724711 47 P 0
L 3.22421 1.19951 3.22421 1.26545 48 P 0
L 3.22421 1.33356 3.22421 1.34951 48 P 0
L 3.225 2.2691324 3.225 2.2869119 47 P 0
L 3.225 2.2691324 3.2526575 2.2414749 47 P 0
L 3.22717 1.64951 3.2464567 1.6302233 48 P 0
L 3.22717 1.64951 3.25266 1.675 47 P 0
L 3.2272539 2.54 3.787293 2.54 47 P 0
L 3.23297 2.18888 3.23297 2.22953 47 P 0
L 3.2339567 0.5035433 3.2339567 0.55 47 P 0
L 3.2339567 0.55 3.2339567 0.553937 47 P 0
L 3.234941 2.65 3.259941 2.675 47 P 0
L 3.2383857 2.8025591 3.2625984 2.7783464 47 P 0
L 3.2385801 1.4638801 3.2385801 1.49951 48 P 0
L 3.2385801 1.49951 3.2385801 1.5447226 48 P 0
L 3.2385801 1.5447226 3.2464567 1.5525992 48 P 0
L 3.2464074 2.6375 3.2537894 2.644882 47 P 0
L 3.2464567 1.5525992 3.2464567 1.5875 48 P 0
L 3.2464567 1.5875 3.2464567 1.6302233 48 P 0
L 3.2466509 0.8495099 3.2466509 0.8724711 47 P 0
L 3.2466509 0.9067702 3.2466509 0.9275892 47 P 0
L 3.2466509 0.9275892 3.2466509 0.9295602 47 P 0
L 3.2526575 2.1869094 3.2526575 2.2414749 47 P 0
L 3.25266 1.675 3.25266 1.73612 47 P 0
L 3.253193 2.2818882 3.253193 2.2875 47 P 0
L 3.253193 2.2818882 3.27234 2.2627412 47 P 0
L 3.253193 2.2875 3.253193 2.3679222 47 P 0
L 3.253193 2.2875 3.2537812 2.2869118 47 P 0
L 3.2537812 2.2869118 3.2875 2.2869118 47 P 0
L 3.2537894 2.644882 3.3 2.644882 47 P 0
L 3.258809 2.5125 3.3099409 2.5125 47 P 0
L 3.259941 2.675 3.322441 2.675 47 P 0
L 3.2616142 0.6491142 3.26875 0.65625 48 P 0
L 3.2625984 2.7625984 3.2625984 2.7783464 47 P 0
L 3.2721711 1.03125 3.2779009 1.0255202 47 P 0
L 3.27234 2.18888 3.27234 2.2627412 47 P 0
L 3.27421 1.11954 3.27421 1.1469509 48 P 0
L 3.27421 1.11954 3.275 1.11875 48 P 0
L 3.27421 1.202069 3.27421 1.3007541 48 P 0
L 3.27421 1.3007541 3.3015092 1.3280533 48 P 0
L 3.275 3.1750001 3.2750001 3.1750002 50 P 0
L 3.2750001 3.1750002 3.2750001 3.2145672 50 P 0
L 3.2750001 3.2145672 3.3479328 3.2145672 50 P 0
L 3.2779009 0.8792112 3.2779009 1.0255202 47 P 0
L 3.2779009 0.8792112 3.284641 0.8724711 47 P 0
L 3.2797737 0.6235237 3.2875 0.63125 48 P 0
L 3.2828465 2.3778398 3.2875 2.3731863 47 P 0
L 3.284641 0.8724711 3.3091509 0.8724711 47 P 0
L 3.2875 0.63125 3.3 0.63125 48 P 0
L 3.2875 2.34203 3.2875 2.3731863 47 P 0
L 3.2910433 0.5089567 3.2910433 0.55 47 P 0
L 3.2910433 0.5089567 3.3 0.5 47 P 0
L 3.2910433 0.55 3.325 0.55 47 P 0
L 3.29203 1.675 3.29203 1.73612 47 P 0
L 3.29203 1.675 3.31752 1.64951 47 P 0
L 3.29203 2.18888 3.29203 2.22953 47 P 0
L 3.29203 2.22953 3.3 2.2375 47 P 0
L 3.3 0.8125 3.3091509 0.8216509 47 P 0
L 3.3 2.7000001 3.3 2.8374015 47 P 0
L 3.3015092 1.3280533 3.32421 1.3280533 48 P 0
L 3.3035433 1.5510192 3.3035433 1.5875 48 P 0
L 3.3035433 1.5510192 3.3098399 1.5447226 48 P 0
L 3.3035433 1.5875 3.3035433 1.6322833 48 P 0
L 3.3035433 1.6322833 3.32077 1.64951 48 P 0
L 3.3091509 0.8216509 3.3091509 0.8724711 47 P 0
L 3.3091509 0.9075602 3.3091509 0.9275892 47 P 0
L 3.3091509 0.9075602 3.3099409 0.9067702 47 P 0
L 3.3091509 0.9295602 3.3099409 0.9287702 47 P 0
L 3.3098399 1.4638801 3.3098399 1.49951 48 P 0
L 3.3098399 1.4638801 3.33858 1.43514 48 P 0
L 3.3098399 1.49951 3.3098399 1.5447226 48 P 0
L 3.3099409 0.9275892 3.3099409 0.9287702 47 P 0
L 3.3125 2.3778398 3.3174712 2.3778398 48 P 0
L 3.3174712 2.3778398 3.3299567 2.3653543 48 P 0
L 3.31752 1.64951 3.32077 1.64951 48 P 0
L 3.32077 1.64951 3.34016 1.64951 48 P 0
L 3.322441 2.675 3.3374015 2.6899605 47 P 0
L 3.32421 1.19951 3.32421 1.26545 48 P 0
L 3.32421 1.33356 3.32421 1.34951 48 P 0
L 3.32421 1.34951 3.33858 1.36388 48 P 0
L 3.325 0.55 3.325 0.735433 47 P 0
L 3.325 0.55 3.3464567 0.55 47 P 0
L 3.325 0.735433 3.366634 0.777067 47 P 0
L 3.327067 0.777067 3.3716509 0.8216509 47 P 0
L 3.3299567 2.3653543 3.3625 2.3653543 48 P 0
L 3.330027 2.248777 3.3385582 2.2402458 47 P 0
L 3.3314 1.7 3.3314 1.73612 47 P 0
L 3.3314 1.7 3.3439 1.6875 47 P 0
L 3.33375 1.04125 3.3404009 1.0345991 47 P 0
L 3.3374015 2.6899605 3.3374015 2.7625984 47 P 0
L 3.3374015 2.7625984 3.3374015 2.8124015 50 P 0
L 3.3374015 2.8124015 3.3375 2.8125 50 P 0
L 3.3375 0.5110593 3.3464567 0.520016 47 P 0
L 3.3385582 2.2383344 3.3385582 2.2402458 47 P 0
L 3.3385582 2.2383344 3.35108 2.2258126 47 P 0
L 3.33858 1.36388 3.33858 1.43514 48 P 0
L 3.3404009 0.8792112 3.3404009 1.0345991 47 P 0
L 3.3404009 0.8792112 3.347141 0.8724711 47 P 0
L 3.3430024 2.6241024 3.3939 2.675 47 P 0
L 3.3439 1.6875 3.3687003 1.6875 47 P 0
L 3.346063 2.3535433 3.35 2.3535433 48 P 0
L 3.3464567 0.520016 3.3464567 0.55 47 P 0
L 3.347141 0.8724711 3.3716509 0.8724711 47 P 0
L 3.3479328 3.2145672 3.35 3.2125 50 P 0
L 3.35108 2.18888 3.35108 2.2258126 47 P 0
L 3.3625 0.6 3.3860237 0.6235237 47 P 0
L 3.3625 2.2377978 3.3625 2.2473753 48 P 0
L 3.3625 2.2377978 3.3707678 2.22953 48 P 0
L 3.3625 2.2473753 3.3625 2.2846456 48 P 0
L 3.3625 2.3653543 3.3625 2.40625 48 P 0
L 3.3625 2.40625 3.4375 2.40625 48 P 0
L 3.366634 0.777067 3.4372047 0.777067 47 P 0
L 3.36703 2.5125 3.4375 2.5125 47 P 0
L 3.3682319 0.4531137 3.3682319 0.4748302 48 P 0
L 3.3682319 0.4531137 3.3716509 0.4496947 48 P 0
L 3.3683677 2.0875 3.4101378 2.1292701 47 P 0
L 3.3687003 1.6875 3.4027533 1.653447 47 P 0
L 3.3707678 1.7065315 3.3707678 1.7380905 47 P 0
L 3.3707678 1.7065315 3.3772993 1.7 47 P 0
L 3.3707678 2.1869094 3.3707678 2.22953 48 P 0
L 3.3716509 0.4375302 3.3716509 0.4496947 48 P 0
L 3.3716509 0.8216509 3.3716509 0.8724711 47 P 0
L 3.3716509 0.9075602 3.3716509 0.9275892 47 P 0
L 3.3716509 0.9075602 3.3724409 0.9067702 47 P 0
L 3.3716509 0.9295602 3.3724409 0.9287702 47 P 0
L 3.3724409 0.9275892 3.3724409 0.9287702 47 P 0
L 3.37421 1.11954 3.37421 1.1469509 48 P 0
L 3.37421 1.11954 3.375 1.11875 48 P 0
L 3.37421 1.202069 3.37421 1.3007541 48 P 0
L 3.37421 1.3007541 3.4015092 1.3280533 48 P 0
L 3.375 2.125 3.3904528 2.1404528 48 P 0
L 3.3750001 2.775 3.381004 2.775 47 P 0
L 3.3772993 1.7 3.4375 1.7 47 P 0
L 3.381004 2.775 3.408563 2.747441 47 P 0
L 3.3860237 0.6235237 3.4372047 0.6235237 47 P 0
L 3.3862205 0.2684252 3.44375 0.3259547 48 P 0
L 3.3904528 2.1404528 3.3904528 2.1869094 48 P 0
L 3.3904528 2.1869094 3.3904528 2.2274449 48 P 0
L 3.3904528 2.2274449 3.4103832 2.2473753 48 P 0
L 3.3939 2.675 3.552559 2.675 47 P 0
L 3.3943576 1.05125 3.4029009 1.0427067 47 P 0
L 3.4015092 1.3280533 3.42421 1.3280533 48 P 0
L 3.4027533 1.64951 3.4027533 1.653447 47 P 0
L 3.4029009 0.8792112 3.4029009 1.0427067 47 P 0
L 3.4029009 0.8792112 3.409641 0.8724711 47 P 0
L 3.4035433 0.55 3.4035433 0.5800197 47 P 0
L 3.4035433 0.55 3.45 0.55 47 P 0
L 3.4035433 0.5800197 3.4214567 0.5979331 47 P 0
L 3.40827 1.64951 3.42766 1.64951 48 P 0
L 3.408563 2.747441 3.4125 2.747441 47 P 0
L 3.409641 0.8724711 3.4341509 0.8724711 47 P 0
L 3.40984 1.36388 3.40984 1.43514 48 P 0
L 3.40984 1.36388 3.42421 1.34951 48 P 0
L 3.40984 1.43514 3.43858 1.46388 48 P 0
L 3.4101378 1.7380905 3.4605295 1.7380905 47 P 0
L 3.4101378 2.1292701 3.4101378 2.1869094 47 P 0
L 3.41014 2.18888 3.41152 2.1875 47 P 0
L 3.4103832 2.2473753 3.4375 2.2473753 48 P 0
L 3.4214567 0.5979331 3.4372047 0.5979331 47 P 0
L 3.42335 0.4204 3.42335 0.4748302 48 P 0
L 3.42335 0.4204 3.44375 0.4 48 P 0
L 3.42335 0.4748302 3.42335 0.4787672 48 P 0
L 3.42335 0.4787672 3.4508328 0.50625 48 P 0
L 3.42421 1.19951 3.42421 1.26545 48 P 0
L 3.42421 1.33356 3.42421 1.34951 48 P 0
L 3.425 2.8025591 3.4633857 2.8025591 47 P 0
L 3.425 2.9754064 3.425 3.0175828 50 P 0
L 3.425 3.0175828 3.4428505 3.0354333 50 P 0
L 3.425 3.6625 3.4270673 3.6645673 50 P 0
L 3.4270673 3.6645673 3.5000001 3.6645673 50 P 0
L 3.42766 1.64951 3.4464567 1.6307133 48 P 0
L 3.4341509 0.8416391 3.4341509 0.8724711 47 P 0
L 3.4341509 0.8416391 3.46875 0.80704 47 P 0
L 3.4341509 0.9075602 3.4341509 0.9275892 47 P 0
L 3.4341509 0.9075602 3.4349409 0.9067702 47 P 0
L 3.4341509 0.9295602 3.4349409 0.9287702 47 P 0
L 3.4349409 0.9275892 3.4349409 0.9287702 47 P 0
L 3.4372047 0.6491142 3.4648267 0.6491142 47 P 0
L 3.4372047 0.6747048 3.4809548 0.6747048 47 P 0
L 3.4372047 0.7002953 3.4815453 0.7002953 47 P 0
L 3.4372047 0.7258859 3.4696359 0.7258859 47 P 0
L 3.4372047 0.7514764 3.4529527 0.7514764 47 P 0
L 3.4375 1.7 3.48799 1.64951 47 P 0
L 3.4375 2.2473753 3.4375 2.2846456 48 P 0
L 3.4375 2.3653543 3.4375 2.40625 48 P 0
L 3.4375 2.40625 3.4933208 2.40625 48 P 0
L 3.4375 2.5125 3.675 2.5125 47 P 0
L 3.43858 1.46388 3.43858 1.4714942 48 P 0
L 3.43858 1.4714942 3.4385801 1.4714943 48 P 0
L 3.4385801 1.4714943 3.4385801 1.49951 48 P 0
L 3.4385801 1.49951 3.4385801 1.5447226 48 P 0
L 3.4385801 1.5447226 3.4464567 1.5525992 48 P 0
L 3.4428505 3.0354333 3.5000001 3.0354333 50 P 0
L 3.44375 0.3259547 3.44375 0.4 48 P 0
L 3.4464567 1.5525992 3.4464567 1.5875 48 P 0
L 3.4464567 1.5875 3.4464567 1.6307133 48 P 0
L 3.4508328 0.50625 3.54375 0.50625 48 P 0
L 3.4529527 0.7514764 3.46875 0.7672737 47 P 0
L 3.4575 1.06125 3.4654009 1.0533491 47 P 0
L 3.4605295 1.7380905 3.475 1.72362 47 P 0
L 3.4633857 2.8025591 3.4875984 2.7783464 47 P 0
L 3.4648267 0.6491142 3.4738819 0.640059 47 P 0
L 3.4654009 0.8792112 3.4654009 1.0533491 47 P 0
L 3.4654009 0.8792112 3.472141 0.8724711 47 P 0
L 3.46875 0.7672737 3.46875 0.80704 47 P 0
L 3.4696359 0.7258859 3.48125 0.7375 47 P 0
L 3.472141 0.8724711 3.4966509 0.8724711 47 P 0
L 3.4738819 0.640059 3.5 0.640059 47 P 0
L 3.47421 1.11954 3.47421 1.1469509 48 P 0
L 3.47421 1.11954 3.475 1.11875 48 P 0
L 3.47421 1.202069 3.47421 1.3007541 48 P 0
L 3.47421 1.3007541 3.5015092 1.3280533 48 P 0
L 3.475 1.7 3.475 1.72362 47 P 0
L 3.475 1.7 3.4875 1.6875 47 P 0
L 3.4809548 0.6747048 3.50625 0.7 47 P 0
L 3.48125 0.7375 3.48125 0.8375 47 P 0
L 3.48125 0.8375 3.4966509 0.8529009 47 P 0
L 3.4815453 0.7002953 3.49375 0.7125 47 P 0
L 3.4841509 0.4375302 3.4863419 0.4397212 48 P 0
L 3.4863419 0.4397212 3.4863419 0.4748302 48 P 0
L 3.4869095 1.9526574 3.5526574 1.9526574 47 P 0
L 3.4869095 1.9920275 3.5202675 1.9920275 48 P 0
L 3.4869095 2.1101377 3.4869095 2.2217848 48 P 0
L 3.4869095 2.2217848 3.5125 2.2473753 48 P 0
L 3.4875 1.6875 3.5687003 1.6875 47 P 0
L 3.4875984 2.7625984 3.4875984 2.7783464 47 P 0
L 3.48799 1.64951 3.52077 1.64951 47 P 0
L 3.48888 1.83455 3.55 1.83455 47 P 0
L 3.48888 1.87392 3.5625 1.87392 47 P 0
L 3.48888 1.91329 3.575 1.91329 47 P 0
L 3.48888 1.93297 3.57047 1.93297 48 P 0
L 3.48888 1.97234 3.53484 1.97234 47 P 0
L 3.48888 1.99203 3.4894268 1.9925768 48 P 0
L 3.48888 2.01171 3.625 2.01171 47 P 0
L 3.48888 2.0314 3.5439 2.0314 47 P 0
L 3.48888 2.05108 3.5327123 2.05108 47 P 0
L 3.48888 2.07077 3.53327 2.07077 47 P 0
L 3.48888 2.09045 3.52795 2.09045 47 P 0
L 3.4933208 2.40625 3.5125 2.3870708 48 P 0
L 3.49375 0.7125 3.49375 0.83125 47 P 0
L 3.49375 0.83125 3.5041391 0.8416391 47 P 0
L 3.4966509 0.8529009 3.4966509 0.8724711 47 P 0
L 3.4966509 0.9075602 3.4966509 0.9275892 47 P 0
L 3.4966509 0.9075602 3.4974409 0.9067702 47 P 0
L 3.4966509 0.9295602 3.4974409 0.9287702 47 P 0
L 3.4974409 0.9275892 3.4974409 0.9287702 47 P 0
L 3.5 0.55 3.5 0.5849409 47 P 0
L 3.5 3.1750002 3.5000001 3.1750003 50 P 0
L 3.5000001 3.1750003 3.5000001 3.2145672 50 P 0
L 3.5000001 3.2145672 3.5729328 3.2145672 50 P 0
L 3.5015092 1.3280533 3.52421 1.3280533 48 P 0
L 3.5035433 1.5510192 3.5035433 1.5875 48 P 0
L 3.5035433 1.5510192 3.5098399 1.5447226 48 P 0
L 3.5035433 1.5875 3.5035433 1.6322833 48 P 0
L 3.5035433 1.6322833 3.52077 1.64951 48 P 0
L 3.5041391 0.8416391 3.5478891 0.8416391 47 P 0
L 3.5042126 0.2684252 3.5625 0.3267126 48 P 0
L 3.50625 0.7 3.50625 0.81875 47 P 0
L 3.50625 0.81875 3.51875 0.83125 47 P 0
L 3.5098399 1.4638801 3.5098399 1.49951 48 P 0
L 3.5098399 1.4638801 3.53858 1.43514 48 P 0
L 3.5098399 1.49951 3.5098399 1.5447226 48 P 0
L 3.5103975 2.6125 3.525 2.6271025 47 P 0
L 3.5125 2.2473753 3.5125 2.2846456 48 P 0
L 3.5125 2.2473753 3.5313774 2.2284979 48 P 0
L 3.5125 2.3653543 3.5125 2.3870708 48 P 0
L 3.51625 1.07125 3.5279009 1.0595991 47 P 0
L 3.51875 0.83125 3.6021109 0.83125 47 P 0
L 3.5202675 1.9920275 3.52795 1.99971 48 P 0
L 3.52077 1.64951 3.5456667 1.64951 48 P 0
L 3.52421 1.19951 3.52421 1.26545 48 P 0
L 3.52421 1.33356 3.52421 1.34951 48 P 0
L 3.52421 1.34951 3.53858 1.36388 48 P 0
L 3.525 2.6271025 3.525 2.644882 47 P 0
L 3.525 2.7000001 3.525 2.8374015 47 P 0
L 3.5279009 0.8763102 3.5279009 1.0595991 47 P 0
L 3.5279009 0.8763102 3.53174 0.8724711 47 P 0
L 3.52795 1.99971 3.589168 1.99971 48 P 0
L 3.52795 2.09045 3.5625 2.125 47 P 0
L 3.5313774 2.2284979 3.5325 2.2284979 48 P 0
L 3.53174 0.8724711 3.5591509 0.8724711 47 P 0
L 3.5325 2.1378208 3.5325 2.1556003 47 P 0
L 3.5325 2.1378208 3.5453208 2.125 47 P 0
L 3.5325 2.2107184 3.5325 2.2284979 48 P 0
L 3.5327123 2.05108 3.5487099 2.0670776 47 P 0
L 3.53327 2.07077 3.5592311 2.0967311 47 P 0
L 3.53484 1.97234 3.5375 1.975 47 P 0
L 3.53858 1.36388 3.53858 1.43514 48 P 0
L 3.54146 0.42104 3.54146 0.4748302 48 P 0
L 3.54146 0.42104 3.5625 0.4 48 P 0
L 3.54146 0.4748302 3.54146 0.4787672 48 P 0
L 3.54146 0.4787672 3.5689428 0.50625 48 P 0
L 3.54375 0.50625 3.5578511 0.5203511 48 P 0
L 3.5439 2.0314 3.55 2.0375 47 P 0
L 3.5453208 2.125 3.5625 2.125 47 P 0
L 3.5478891 0.8416391 3.5591509 0.8529009 47 P 0
L 3.5487099 2.0670776 3.5688913 2.0670776 47 P 0
L 3.55 1.83455 3.5625 1.82205 47 P 0
L 3.552559 2.675 3.5624015 2.6848425 47 P 0
L 3.5526574 1.9526574 3.56875 1.96875 47 P 0
L 3.5578511 0.5203511 3.6002231 0.5203511 48 P 0
L 3.5591509 0.8529009 3.5591509 0.8724711 47 P 0
L 3.5591509 0.9075602 3.5591509 0.9275892 47 P 0
L 3.5591509 0.9075602 3.5599409 0.9067702 47 P 0
L 3.5591509 0.9295602 3.5599409 0.9287702 47 P 0
L 3.5592311 2.0967311 3.5761674 2.0967311 47 P 0
L 3.5599409 0.9275892 3.5599409 0.9287702 47 P 0
L 3.56 2.26 3.69171 2.26 47 P 0
L 3.5624015 2.6848425 3.5624015 2.7625984 47 P 0
L 3.5624015 2.7625984 3.5624015 2.7941574 50 P 0
L 3.5624015 2.7941574 3.5625 2.7942559 50 P 0
L 3.5625 0.3267126 3.5625 0.4 48 P 0
L 3.5625 1.7125 3.5625 1.82205 47 P 0
L 3.5625 1.7125 3.578 1.697 47 P 0
L 3.5625 1.87392 3.575 1.86142 47 P 0
L 3.5625 2.7942559 3.5625 2.8125 50 P 0
L 3.5687003 1.6875 3.6027533 1.653447 47 P 0
L 3.5689428 0.50625 3.648622 0.50625 48 P 0
L 3.57047 1.93297 3.575 1.9375 48 P 0
L 3.5729328 3.2145672 3.575 3.2125 50 P 0
L 3.57421 1.11875 3.57421 1.1469509 48 P 0
L 3.57421 1.202069 3.57421 1.3007541 48 P 0
L 3.57421 1.3007541 3.6015092 1.3280533 48 P 0
L 3.575 1.725 3.575 1.86142 47 P 0
L 3.575 1.725 3.591437 1.708563 47 P 0
L 3.575 1.91329 3.5875 1.90079 47 P 0
L 3.575 2.1625 3.58125 2.16875 47 P 0
L 3.575 2.21 3.575 2.2375 47 P 0
L 3.575 2.2375 3.5875 2.25 47 P 0
L 3.575 2.2875 3.57759 2.29009 48 P 0
L 3.575 2.35625 3.58125 2.35 48 P 0
L 3.5768084 1.08125 3.5904009 1.0676575 47 P 0
L 3.57759 2.29009 3.58643 2.29375 48 P 0
L 3.578 1.697 3.7208775 1.697 47 P 0
L 3.58125 2.0375 3.58125 2.04375 47 P 0
L 3.58125 2.04375 3.60797 2.04375 47 P 0
L 3.58125 2.16875 3.60797 2.16875 47 P 0
L 3.58125 2.35 3.6089567 2.35 48 P 0
L 3.58643 2.29375 3.60797 2.29375 48 P 0
L 3.5875 1.7375 3.5875 1.90079 47 P 0
L 3.5875 1.7375 3.6030768 1.7219232 47 P 0
L 3.5875 2.25 3.7 2.25 47 P 0
L 3.589168 1.99971 3.609941 1.978937 48 P 0
L 3.5904009 0.8792112 3.5904009 1.0676575 47 P 0
L 3.5904009 0.8792112 3.597141 0.8724711 47 P 0
L 3.591437 1.708563 3.7739468 1.708563 47 P 0
L 3.5966509 0.4375302 3.5966509 0.4453127 48 P 0
L 3.5966509 0.4453127 3.6044519 0.4531137 48 P 0
L 3.597141 0.8724711 3.6216509 0.8724711 47 P 0
L 3.6 2.775 3.606004 2.775 47 P 0
L 3.6002231 0.5203511 3.614813 0.534941 48 P 0
L 3.6015092 1.3280533 3.62421 1.3280533 48 P 0
L 3.6021109 0.83125 3.6216509 0.85079 47 P 0
L 3.6027533 1.64951 3.6027533 1.653447 47 P 0
L 3.6030768 1.7219232 3.7918209 1.7219232 47 P 0
L 3.6044519 0.4531137 3.6044519 0.4748302 48 P 0
L 3.606004 2.775 3.633563 2.747441 47 P 0
L 3.60797 1.79375 3.60797 1.79547 47 P 0
L 3.60827 1.64951 3.62766 1.64951 48 P 0
L 3.609151 1.79547 3.609151 1.84921 47 P 0
L 3.609151 1.84921 3.62967 1.84921 47 P 0
L 3.60984 1.36388 3.60984 1.43514 48 P 0
L 3.60984 1.36388 3.62421 1.34951 48 P 0
L 3.60984 1.43514 3.6385801 1.4638801 48 P 0
L 3.609941 1.91875 3.609941 1.975 48 P 0
L 3.609941 1.975 3.609941 1.978937 48 P 0
L 3.609941 2.04375 3.609941 2.1 47 P 0
L 3.609941 2.16875 3.609941 2.225 47 P 0
L 3.609941 2.29375 3.63125 2.29375 48 P 0
L 3.609941 2.40625 3.63125 2.40625 48 P 0
L 3.614813 0.534941 3.61875 0.534941 48 P 0
L 3.61875 0.5900591 3.61875 0.6402067 48 P 0
L 3.61875 0.6402067 3.622687 0.6402067 47 P 0
L 3.61875 0.6972933 3.61875 0.725 47 P 0
L 3.6216509 0.85079 3.6216509 0.8724711 47 P 0
L 3.6216509 0.9075602 3.6216509 0.9275892 47 P 0
L 3.6216509 0.9075602 3.6224409 0.9067702 47 P 0
L 3.6216509 0.9295602 3.6224409 0.9287702 47 P 0
L 3.6222047 0.2684252 3.68125 0.3274705 48 P 0
L 3.6224409 0.9275892 3.6224409 0.9287702 47 P 0
L 3.622687 0.6402067 3.65 0.6675197 47 P 0
L 3.62421 1.19951 3.62421 1.26545 48 P 0
L 3.62421 1.33356 3.62421 1.34951 48 P 0
L 3.625 2.01171 3.6375 1.99921 47 P 0
L 3.62766 1.64951 3.6456667 1.6315033 48 P 0
L 3.62967 1.84921 3.6375 1.85704 47 P 0
L 3.63125 2.29375 3.6375 2.3 48 P 0
L 3.63125 2.40625 3.6375 2.4 48 P 0
L 3.633563 2.747441 3.6375 2.747441 47 P 0
L 3.6375 1.85704 3.6375 1.99921 47 P 0
L 3.6375 2.3 3.6375 2.4 48 P 0
L 3.6385801 1.4638801 3.6385801 1.49951 48 P 0
L 3.6385801 1.49951 3.6385801 1.5447226 48 P 0
L 3.6385801 1.5447226 3.6464567 1.5525992 48 P 0
L 3.6456667 1.6109908 3.6456667 1.6315033 48 P 0
L 3.6456667 1.6109908 3.6464567 1.6102008 48 P 0
L 3.6464567 1.5525992 3.6464567 1.5875 48 P 0
L 3.6464567 1.5875 3.6464567 1.6102008 48 P 0
L 3.6474409 2.6 3.7224409 2.675 47 P 0
L 3.648622 0.50625 3.677313 0.534941 48 P 0
L 3.65 0.6675197 3.65 0.9388918 47 P 0
L 3.65 0.9388918 3.6756752 0.964567 47 P 0
L 3.65 2.8025591 3.6883857 2.8025591 47 P 0
L 3.65 2.975 3.65 3.0175828 50 P 0
L 3.65 3.0175828 3.6678505 3.0354333 50 P 0
L 3.65 3.6625 3.6520673 3.6645673 50 P 0
L 3.6520673 3.6645673 3.7250001 3.6645673 50 P 0
L 3.65957 0.42168 3.65957 0.4748302 48 P 0
L 3.65957 0.42168 3.68125 0.4 48 P 0
L 3.65957 0.4748302 3.65957 0.4787672 48 P 0
L 3.65957 0.4787672 3.6870528 0.50625 48 P 0
L 3.66 0.77125 3.66 0.9233012 47 P 0
L 3.66 0.77125 3.7125 0.71875 47 P 0
L 3.66 0.9233012 3.6756752 0.9389764 47 P 0
L 3.6642691 1.7457209 3.6642691 1.79547 48 P 0
L 3.6642691 1.7457209 3.66624 1.74375 48 P 0
L 3.6642691 1.84921 3.6642691 1.8770691 47 P 0
L 3.6642691 1.8770691 3.6747 1.8875 47 P 0
L 3.6650591 1.79547 3.6840526 1.79547 47 P 0
L 3.6650591 1.975 3.6650591 1.978937 47 P 0
L 3.6650591 1.978937 3.679649 1.9935269 47 P 0
L 3.6650591 2.16875 3.6828386 2.16875 47 P 0
L 3.6650591 2.29375 3.6650591 2.326315 48 P 0
L 3.6650591 2.29375 3.69345 2.29375 48 P 0
L 3.6650591 2.326315 3.6660433 2.3272992 48 P 0
L 3.6650591 2.40625 3.7 2.40625 47 P 0
L 3.6660433 2.3272992 3.6660433 2.35 48 P 0
L 3.6665095 1.7932295 3.66703 1.79375 47 P 0
L 3.66671 1.91998 3.6669051 1.9192305 47 P 0
L 3.6669051 1.9192301 3.6669051 1.9192305 47 P 0
L 3.6669051 1.9192301 3.66703 1.91875 47 P 0
L 3.6669136 1.8542804 3.6669136 1.8542805 47 P 0
L 3.6669136 1.8542804 3.66703 1.85 47 P 0
L 3.6670285 1.9750536 3.66703 1.975 47 P 0
L 3.66703 1.91875 3.70625 1.91875 47 P 0
L 3.66703 2.04375 3.69375 2.04375 47 P 0
L 3.66703 2.1 3.7 2.1 47 P 0
L 3.66703 2.225 3.7 2.225 47 P 0
L 3.6678505 3.0354333 3.7250001 3.0354333 50 P 0
L 3.67 0.7753921 3.67 0.9077107 47 P 0
L 3.67 0.7753921 3.6891421 0.75625 47 P 0
L 3.67 0.9077107 3.6756752 0.9133859 47 P 0
L 3.67421 1.11954 3.67421 1.1469509 48 P 0
L 3.67421 1.11954 3.675 1.11875 48 P 0
L 3.67421 1.202069 3.67421 1.3007541 48 P 0
L 3.67421 1.3007541 3.7015092 1.3280533 48 P 0
L 3.6747 1.8875 3.69375 1.8875 47 P 0
L 3.675 0.7223071 3.675 0.725 47 P 0
L 3.675 0.7223071 3.68125 0.7160571 47 P 0
L 3.6756752 0.9133859 3.7160925 0.9133859 47 P 0
L 3.6756752 0.9389764 3.7160925 0.9389764 47 P 0
L 3.6756752 0.964567 3.7160925 0.964567 47 P 0
L 3.677313 0.534941 3.68125 0.534941 48 P 0
L 3.679649 1.9935269 3.6810269 1.9935269 47 P 0
L 3.6810269 1.9935269 3.7 2.0125 47 P 0
L 3.68125 0.3274705 3.68125 0.4 48 P 0
L 3.68125 0.5900591 3.68125 0.6402067 48 P 0
L 3.68125 0.6402067 3.685187 0.6402067 47 P 0
L 3.68125 0.6972933 3.68125 0.7160571 47 P 0
L 3.6828386 2.16875 3.6890886 2.175 47 P 0
L 3.6840526 1.79547 3.7232726 1.75625 47 P 0
L 3.685187 0.6402067 3.7125 0.6675197 47 P 0
L 3.6870528 0.50625 3.711122 0.50625 48 P 0
L 3.6883857 2.8025591 3.7125984 2.7783464 47 P 0
L 3.6890886 2.175 3.7 2.175 47 P 0
L 3.6891421 0.75625 3.75 0.75625 47 P 0
L 3.69171 2.26 3.72125 2.28954 47 P 0
L 3.69345 2.29375 3.69421 2.29451 48 P 0
L 3.69375 2.04375 3.7 2.05 47 P 0
L 3.69421 2.16951 3.7 2.175 47 P 0
L 3.7 2.25 3.73125 2.28125 47 P 0
L 3.7009842 2.13563 3.7084132 2.143059 47 P 0
L 3.7015092 1.3280533 3.72421 1.3280533 48 P 0
L 3.7035433 1.5510192 3.7035433 1.5875 48 P 0
L 3.7035433 1.5510192 3.7098399 1.5447226 48 P 0
L 3.7035433 1.5875 3.7035433 1.6261504 48 P 0
L 3.7035433 1.6261504 3.7269029 1.64951 48 P 0
L 3.70625 1.91875 3.70625 1.9587711 47 P 0
L 3.70625 1.91875 3.7368576 1.91875 47 P 0
L 3.70625 1.9587711 3.72421 1.9767311 47 P 0
L 3.7084132 2.143059 3.74547 2.143059 47 P 0
L 3.7091509 0.4375302 3.7225619 0.4509412 48 P 0
L 3.7091509 1.8102362 3.74921 1.8102362 48 P 0
L 3.7098399 1.4638801 3.7098399 1.49951 48 P 0
L 3.7098399 1.4638801 3.73858 1.43514 48 P 0
L 3.7098399 1.49951 3.7098399 1.5447226 48 P 0
L 3.711122 0.50625 3.739813 0.534941 48 P 0
L 3.7125 0.6675197 3.7125 0.71875 47 P 0
L 3.7125984 2.7625984 3.7125984 2.7783464 47 P 0
L 3.7160925 0.7854331 3.7791831 0.7854331 47 P 0
L 3.7160925 0.8110237 3.7702263 0.8110237 47 P 0
L 3.7160925 0.8366142 3.7803642 0.8366142 47 P 0
L 3.7160925 0.8622048 3.7868225 0.8622048 47 P 0
L 3.7160925 0.8877953 3.7809547 0.8877953 47 P 0
L 3.7208775 1.697 3.7456667 1.6722108 47 P 0
L 3.72125 2.28954 3.72125 2.34625 47 P 0
L 3.72125 2.34625 3.7625 2.3875 47 P 0
L 3.7224409 2.675 3.777559 2.675 47 P 0
L 3.7225619 0.4509412 3.7225619 0.4748302 48 P 0
L 3.7232726 1.75625 3.7855316 1.75625 47 P 0
L 3.72421 1.1150124 3.72421 1.125 47 P 0
L 3.72421 1.1150124 3.7908956 1.0483268 47 P 0
L 3.72421 1.19951 3.72421 1.26545 48 P 0
L 3.72421 1.33356 3.72421 1.34951 48 P 0
L 3.72421 1.34951 3.73858 1.36388 48 P 0
L 3.72421 1.9767311 3.72421 2.0489014 47 P 0
L 3.72421 2.0489014 3.74547 2.0701614 47 P 0
L 3.725 3.1750003 3.7250001 3.1750004 50 P 0
L 3.7250001 3.1750004 3.7250001 3.2145672 50 P 0
L 3.7250001 3.2145672 3.7979328 3.2145672 50 P 0
L 3.7269029 1.64951 3.7456667 1.64951 48 P 0
L 3.7273596 2.1976404 3.7273596 2.2398596 47 P 0
L 3.7273596 2.1976404 3.742815 2.182185 47 P 0
L 3.7273596 2.2398596 3.7625 2.275 47 P 0
L 3.73125 2.28125 3.73125 2.325 47 P 0
L 3.73125 2.325 3.7375 2.33125 47 P 0
L 3.7360215 2.5875 3.75 2.6014785 47 P 0
L 3.73671 1.9583634 3.73671 1.9768071 47 P 0
L 3.73671 1.9768071 3.74921 1.9893071 47 P 0
L 3.7368576 1.91875 3.74921 1.9063976 47 P 0
L 3.7375 2.33125 3.7625 2.33125 47 P 0
L 3.73858 1.36388 3.73858 1.43514 48 P 0
L 3.739813 0.534941 3.74375 0.534941 48 P 0
L 3.7401969 0.2684252 3.8 0.3282283 48 P 0
L 3.742815 2.182185 3.775 2.182185 47 P 0
L 3.74375 0.5900591 3.74375 0.6402067 48 P 0
L 3.74375 0.6402067 3.747687 0.6402067 47 P 0
L 3.74375 0.6972933 3.74375 0.725 47 P 0
L 3.74547 2.0701614 3.74547 2.0879409 47 P 0
L 3.74547 2.0879409 3.74547 2.1057204 47 P 0
L 3.74547 2.1057204 3.762029 2.1222794 47 P 0
L 3.7456667 1.64951 3.7456667 1.6722108 47 P 0
L 3.747687 0.6402067 3.775 0.6675197 47 P 0
L 3.74921 1.8102362 3.74921 1.9063976 47 P 0
L 3.74921 1.9893071 3.74921 2.0228346 47 P 0
L 3.75 0.75625 3.775 0.73125 47 P 0
L 3.75 2.6014785 3.75 2.644882 47 P 0
L 3.75 2.7000001 3.75 2.8374015 47 P 0
L 3.762029 2.1222794 3.7620501 2.1222794 47 P 0
L 3.7620501 2.1222794 3.775 2.1352293 47 P 0
L 3.7625 2.21875 3.8161391 2.21875 47 P 0
L 3.7625 2.4625 3.8875 2.3375 47 P 0
L 3.7702263 0.8110237 3.7875 0.79375 47 P 0
L 3.7739468 1.708563 3.8027533 1.6797565 47 P 0
L 3.77421 1.11954 3.77421 1.1469509 48 P 0
L 3.77421 1.11954 3.775 1.11875 48 P 0
L 3.77421 1.202069 3.77421 1.3007541 48 P 0
L 3.77421 1.3007541 3.8015092 1.3280533 48 P 0
L 3.775 0.6675197 3.775 0.73125 47 P 0
L 3.775 1.8521627 3.775 1.8653543 47 P 0
L 3.775 1.8521627 3.79921 1.8279527 47 P 0
L 3.775 2.1352293 3.775 2.182185 47 P 0
L 3.775 2.182185 3.7927166 2.182185 47 P 0
L 3.777559 2.675 3.7874015 2.6848425 47 P 0
L 3.77768 0.42232 3.77768 0.4748302 48 P 0
L 3.77768 0.42232 3.8 0.4 48 P 0
L 3.77768 0.4748302 3.77768 0.4787672 48 P 0
L 3.77768 0.4787672 3.80625 0.5073372 48 P 0
L 3.7791831 0.7854331 3.7875 0.79375 47 P 0
L 3.780162 2.5752953 3.8798667 2.675 47 P 0
L 3.7803642 0.8366142 3.83125 0.8875 47 P 0
L 3.7809547 0.8877953 3.78125 0.8875 47 P 0
L 3.782433 2.5634242 3.8638908 2.644882 47 P 0
L 3.7831509 2.55 3.8456509 2.6125 47 P 0
L 3.7855316 1.75625 3.79921 1.7699284 47 P 0
L 3.7868225 0.8622048 3.81875 0.8941323 47 P 0
L 3.787293 2.54 3.827293 2.58 47 P 0
L 3.7874015 2.6848425 3.7874015 2.7625984 47 P 0
L 3.7874015 2.7625984 3.7874015 2.8125 50 P 0
L 3.7908956 0.9841044 3.7908956 1.0375 47 P 0
L 3.7908956 0.9841044 3.81875 0.95625 47 P 0
L 3.7908956 1.0375 3.7908956 1.0483268 47 P 0
L 3.7918209 1.7219232 3.9035433 1.6102008 47 P 0
L 3.7919265 2.1020879 3.7919265 2.1457591 47 P 0
L 3.7919265 2.1020879 3.8059435 2.0880709 47 P 0
L 3.7919265 2.1457591 3.82421 2.1780426 47 P 0
L 3.7979328 3.2145672 3.8 3.2125 50 P 0
L 3.79921 1.7699284 3.79921 1.8102362 47 P 0
L 3.79921 1.8102362 3.79921 1.8279527 47 P 0
L 3.79921 1.86954 3.79921 2.0228346 47 P 0
L 3.79921 1.86954 3.8251946 1.8435554 47 P 0
L 3.8 0.3282283 3.8 0.4 48 P 0
L 3.8015092 1.3280533 3.82421 1.3280533 48 P 0
L 3.8027533 1.64951 3.8027533 1.6797565 47 P 0
L 3.8027533 1.64951 3.82766 1.64951 48 P 0
L 3.8059435 2.0880709 3.82766 2.0880709 47 P 0
L 3.80625 0.5073372 3.80625 0.534941 48 P 0
L 3.80625 0.5900591 3.80625 0.6402067 48 P 0
L 3.80625 0.6402067 3.810187 0.6402067 47 P 0
L 3.80625 0.6972933 3.80625 0.725 47 P 0
L 3.80984 1.36388 3.80984 1.43514 48 P 0
L 3.80984 1.36388 3.82421 1.34951 48 P 0
L 3.80984 1.43514 3.8385801 1.4638801 48 P 0
L 3.8099435 1.7380905 3.8498009 1.7380905 47 P 0
L 3.810187 0.6402067 3.8375 0.6675197 47 P 0
L 3.8125 2.475 3.8875 2.4 47 P 0
L 3.8161391 2.21875 3.82421 2.2106791 47 P 0
L 3.81875 0.8941323 3.81875 0.95625 47 P 0
L 3.82421 1.0957211 3.82421 1.125 47 P 0
L 3.82421 1.0957211 3.8716043 1.0483268 47 P 0
L 3.82421 1.19951 3.82421 1.26545 48 P 0
L 3.82421 1.33356 3.82421 1.34951 48 P 0
L 3.82421 1.9362204 3.82766 1.9396704 47 P 0
L 3.82421 2.1780426 3.82421 2.2106791 47 P 0
L 3.825 0.84375 3.8375 0.83125 47 P 0
L 3.825 2.775 3.831004 2.775 47 P 0
L 3.8251946 1.7853976 3.8251946 1.8435554 47 P 0
L 3.8251946 1.7853976 3.8498009 1.7607913 47 P 0
L 3.827293 2.58 3.85 2.58 47 P 0
L 3.82766 1.64951 3.8464567 1.6307133 48 P 0
L 3.82766 1.9396704 3.82766 2.0880709 47 P 0
L 3.82766 2.143189 3.831597 2.143189 47 P 0
L 3.831004 2.775 3.858563 2.747441 47 P 0
L 3.83125 0.8875 3.83125 0.95625 47 P 0
L 3.83125 0.95625 3.8716043 0.9966043 47 P 0
L 3.831597 2.143189 3.8461869 2.1577789 47 P 0
L 3.8341509 0.4375302 3.8341509 0.4465927 48 P 0
L 3.8341509 0.4465927 3.8406719 0.4531137 48 P 0
L 3.8375 0.6675197 3.8375 0.83125 47 P 0
L 3.8375 2.2240512 3.8375 2.2625 47 P 0
L 3.8375 2.2240512 3.8490512 2.2125 47 P 0
L 3.8375 2.4740512 3.8375 2.5125 47 P 0
L 3.8375 2.4740512 3.8503312 2.46122 47 P 0
L 3.8385801 1.4638801 3.8385801 1.49951 48 P 0
L 3.8385801 1.49951 3.8385801 1.5447226 48 P 0
L 3.8385801 1.5447226 3.8464567 1.5525992 48 P 0
L 3.8406719 0.4531137 3.8406719 0.4748302 48 P 0
L 3.8456509 2.6125 3.98799 2.6125 47 P 0
L 3.8461869 2.1577789 3.8461869 2.1775224 47 P 0
L 3.8464567 1.5525992 3.8464567 1.5875 48 P 0
L 3.8464567 1.5875 3.8464567 1.6307133 48 P 0
L 3.8490512 2.2125 3.9625 2.2125 47 P 0
L 3.84921 1.7925197 3.84921 1.8102362 47 P 0
L 3.84921 1.7925197 3.8783442 1.7633855 47 P 0
L 3.8498009 1.7380905 3.8498009 1.7607913 47 P 0
L 3.8503312 2.46122 3.91122 2.46122 47 P 0
L 3.8582283 0.2684252 3.91875 0.3289469 48 P 0
L 3.858563 2.747441 3.8625 2.747441 47 P 0
L 3.8625 2.125 3.87736 2.11014 48 P 0
L 3.86375 0.7675 3.86375 0.91375 47 P 0
L 3.86375 0.7675 3.9 0.73125 47 P 0
L 3.86375 0.91375 3.8889764 0.9389764 47 P 0
L 3.8638908 2.644882 3.9068875 2.644882 47 P 0
L 3.86875 0.5058072 3.86875 0.534941 48 P 0
L 3.86875 0.5058072 3.89579 0.4787672 48 P 0
L 3.86875 0.5900591 3.86875 0.6402067 48 P 0
L 3.86875 0.6402067 3.872687 0.6402067 47 P 0
L 3.86875 0.6972933 3.86875 0.725 47 P 0
L 3.8716043 0.9966043 3.8716043 1.0375 47 P 0
L 3.8716043 1.0375 3.8716043 1.0483268 47 P 0
L 3.872687 0.6402067 3.9 0.6675197 47 P 0
L 3.87375 0.7729658 3.87375 0.89875 47 P 0
L 3.87375 0.7729658 3.8979658 0.74875 47 P 0
L 3.87375 0.89875 3.8883859 0.9133859 47 P 0
L 3.87421 1.1469509 3.878147 1.1469509 48 P 0
L 3.87421 1.20404 3.87421 1.32451 48 P 0
L 3.87421 1.32451 3.88671 1.33701 48 P 0
L 3.87421 2.8025591 3.9139742 2.8025591 47 P 0
L 3.87421 2.9754064 3.87421 3.0167928 50 P 0
L 3.87421 3.0167928 3.8928505 3.0354333 50 P 0
L 3.875 3.6625 3.8770673 3.6645673 50 P 0
L 3.8770673 3.6645673 3.9500001 3.6645673 50 P 0
L 3.87736 2.11014 3.92431 2.11014 48 P 0
L 3.87736 2.1875 3.8824383 2.1875 47 P 0
L 3.878147 1.1469509 3.8927369 1.132361 48 P 0
L 3.8783442 1.7025232 3.8783442 1.7633855 47 P 0
L 3.8783442 1.7025232 3.8841509 1.6967165 47 P 0
L 3.8798667 2.675 3.9946851 2.675 47 P 0
L 3.8824383 2.1875 3.9599409 2.1099974 47 P 0
L 3.88375 0.7771079 3.88375 0.87125 47 P 0
L 3.88375 0.7771079 3.9021079 0.75875 47 P 0
L 3.88375 0.87125 3.9002953 0.8877953 47 P 0
L 3.8841509 1.675 3.8841509 1.6967165 47 P 0
L 3.88671 1.33701 3.92608 1.33701 48 P 0
L 3.8875 2.2625 3.8875 2.3375 47 P 0
L 3.8875 2.3375 4.0125 2.3375 47 P 0
L 3.8875 2.375 3.8875 2.4 47 P 0
L 3.8875 2.375 4.7375 2.375 47 P 0
L 3.8875 2.5125 3.8875 2.5625 47 P 0
L 3.8875 2.5625 3.909941 2.584941 47 P 0
L 3.8883859 0.9133859 3.9464075 0.9133859 47 P 0
L 3.8889764 0.9389764 3.9464075 0.9389764 47 P 0
L 3.8927369 1.132361 3.905139 1.132361 48 P 0
L 3.8928505 3.0354333 3.9500001 3.0354333 50 P 0
L 3.89375 0.78125 3.89375 0.8499646 47 P 0
L 3.89375 0.78125 3.90625 0.76875 47 P 0
L 3.89375 0.8499646 3.9059902 0.8622048 47 P 0
L 3.89579 0.42296 3.89579 0.4748302 48 P 0
L 3.89579 0.42296 3.91875 0.4 48 P 0
L 3.89579 0.4748302 3.89579 0.4787672 48 P 0
L 3.8979658 0.74875 3.95 0.74875 47 P 0
L 3.89921 1.7767087 3.89921 1.8102362 47 P 0
L 3.89921 1.7767087 3.9068875 1.7690312 47 P 0
L 3.9 0.6675197 3.9 0.73125 47 P 0
L 3.9002953 0.8877953 3.9464075 0.8877953 47 P 0
L 3.9021079 0.75875 3.99125 0.75875 47 P 0
L 3.9027533 1.5459667 3.9027533 1.5640092 48 P 0
L 3.9027533 1.5459667 3.93858 1.51014 48 P 0
L 3.9027533 1.5640092 3.9035433 1.5647992 48 P 0
L 3.9035433 1.5647992 3.9035433 1.5875 48 P 0
L 3.9035433 1.5875 3.9035433 1.6102008 47 P 0
L 3.905139 1.132361 3.9125 1.125 48 P 0
L 3.9059902 0.8622048 3.9464075 0.8622048 47 P 0
L 3.90625 0.76875 4 0.76875 47 P 0
L 3.9068875 1.7380905 3.9068875 1.7690312 47 P 0
L 3.9068875 1.7380905 3.9401989 1.7380905 47 P 0
L 3.9068875 2.7000001 3.9618335 2.7000001 47 P 0
L 3.909941 2.584941 3.96229 2.584941 47 P 0
L 3.91122 2.46122 3.925 2.475 47 P 0
L 3.9139742 2.8025591 3.9381869 2.7783464 47 P 0
L 3.91875 0.3289469 3.91875 0.4 48 P 0
L 3.925 2.475 3.925 2.5375 47 P 0
L 3.925 2.5375 3.9436675 2.5561675 47 P 0
L 3.92608 1.33701 3.93858 1.34951 48 P 0
L 3.93125 0.534941 3.935187 0.534941 48 P 0
L 3.93125 0.5900591 3.93125 0.6402067 48 P 0
L 3.93125 0.6402067 3.935187 0.6402067 47 P 0
L 3.93125 0.6972933 3.93125 0.725 47 P 0
L 3.935187 0.534941 3.963878 0.50625 48 P 0
L 3.935187 0.6402067 3.9625 0.6675197 47 P 0
L 3.9381869 2.7625984 3.9381869 2.7783464 47 P 0
L 3.93858 1.34951 3.93858 1.51014 48 P 0
L 3.939269 1.675 3.939269 1.7371606 47 P 0
L 3.939269 1.7371606 3.9401989 1.7380905 47 P 0
L 3.9436675 2.5561675 3.9816575 2.5561675 47 P 0
L 3.9464075 0.7854331 4.0104331 0.7854331 48 P 0
L 3.9464075 0.8110237 3.9985237 0.8110237 47 P 0
L 3.9464075 0.8366142 3.9904181 0.8366142 48 P 0
L 3.9464075 0.964567 4.0070866 0.964567 47 P 0
L 3.95 0.74875 3.9625 0.73625 47 P 0
L 3.95 1.2 4.0875 1.2 50 P 0
L 3.95 1.7662282 3.95 1.7817647 50 P 0
L 3.95 1.7662282 3.9511692 1.765059 50 P 0
L 3.9500001 3.1751941 3.9500001 3.2145672 50 P 0
L 3.9500001 3.1751941 3.9501942 3.175 50 P 0
L 3.9500001 3.2145672 4.0229328 3.2145672 50 P 0
L 3.9511692 1.765059 3.9670257 1.7492025 50 P 0
L 3.9511692 1.765059 4 1.765059 50 P 0
L 3.9587819 0.4378992 3.9587819 0.4748302 48 P 0
L 3.9587819 0.4378992 3.9591509 0.4375302 48 P 0
L 3.9599409 1.9657835 3.9599409 1.9875 47 P 0
L 3.9599409 1.9657835 3.9625985 1.9631259 47 P 0
L 3.9599409 1.9875 3.9599409 2.1099974 47 P 0
L 3.96171 2.1888801 3.9991116 2.1888801 47 P 0
L 3.9618335 2.7000001 3.9755885 2.7137551 47 P 0
L 3.96229 2.6400591 3.9840065 2.6400591 47 P 0
L 3.9625 0.6675197 3.9625 0.73625 47 P 0
L 3.9625 2.2125 3.9625 2.2625 47 P 0
L 3.9625 2.2125 4.0875 2.2125 47 P 0
L 3.9625 2.4740512 3.9625 2.5125 47 P 0
L 3.9625 2.4740512 3.9740512 2.4625 47 P 0
L 3.9625985 1.8277559 3.9625985 1.8500985 48 P 0
L 3.9625985 1.8500985 3.975 1.8625 48 P 0
L 3.9625985 1.9222441 3.9625985 1.9631259 47 P 0
L 3.963878 0.50625 3.9864172 0.50625 48 P 0
L 3.9670257 1.6204743 3.9670257 1.7492025 50 P 0
L 3.9670257 1.6204743 4.0290354 1.5584646 50 P 0
L 3.9740512 2.4625 4.0375 2.4625 47 P 0
L 3.9755885 2.7137551 3.9755885 2.8374015 47 P 0
L 3.9762205 0.2684252 4.0375 0.3297047 48 P 0
L 3.9816575 2.5561675 4 2.57451 47 P 0
L 3.9840065 2.6400591 4.0691442 2.7251968 47 P 0
L 3.9864172 0.50625 4.0139 0.4787672 48 P 0
L 3.98799 2.6125 4.08799 2.7125 47 P 0
L 3.9904181 0.8366142 4.0040203 0.8502164 48 P 0
L 3.99125 0.75875 4.025 0.725 47 P 0
L 3.99375 0.534941 3.997687 0.534941 48 P 0
L 3.99375 0.5900591 3.99375 0.6402067 48 P 0
L 3.99375 0.6402067 3.997687 0.6402067 47 P 0
L 3.99375 0.6972933 3.99375 0.725 47 P 0
L 3.9946851 2.675 4.01299 2.6933049 47 P 0
L 3.997687 0.534941 4.026378 0.50625 48 P 0
L 3.997687 0.6402067 4.025 0.6675197 47 P 0
L 3.9985237 0.8110237 4.0125 0.825 47 P 0
L 3.9991116 2.0073844 4 2.0082728 47 P 0
L 3.9991116 2.0073844 4.015059 1.991437 47 P 0
L 3.9991116 2.1101399 3.9991116 2.1491116 48 P 0
L 4 0.76875 4.0218268 0.7469232 47 P 0
L 4 1.7099409 4.0217165 1.7099409 47 P 0
L 4 1.9222441 4 1.9271653 47 P 0
L 4 1.9271653 4.0228347 1.95 47 P 0
L 4 2.0082728 4 2.0125 47 P 0
L 4 2.57451 4 2.5875 47 P 0
L 4 2.5875 4.02451 2.61201 47 P 0
L 4.0040203 0.8502164 4.0040203 0.8599751 48 P 0
L 4.0040203 0.8599751 4.00625 0.8622048 48 P 0
L 4.0070866 0.964567 4.0688485 0.9028051 47 P 0
L 4.0104331 0.7854331 4.0125 0.7875 48 P 0
L 4.0125 2.2625 4.0125 2.3375 47 P 0
L 4.0125 2.2625 4.028311 2.2625 47 P 0
L 4.0125 2.3375 4.1375 2.3375 47 P 0
L 4.0125 2.5125 4.0125 2.5509488 47 P 0
L 4.0125 2.5509488 4.0125 2.5561675 47 P 0
L 4.0125 2.5561675 4.0407835 2.584451 47 P 0
L 4.0125 2.8125 4.01299 2.8125 50 P 0
L 4.01299 2.6933049 4.01299 2.7625984 47 P 0
L 4.01299 2.7625984 4.01299 2.8125 50 P 0
L 4.0139 0.4236 4.0139 0.4748302 48 P 0
L 4.0139 0.4236 4.0375 0.4 48 P 0
L 4.0139 0.4748302 4.0139 0.4787672 48 P 0
L 4.015059 1.9875 4.015059 1.991437 47 P 0
L 4.0217165 1.7099409 4.0227007 1.7089567 47 P 0
L 4.0218268 0.7469232 4.0465409 0.7469232 47 P 0
L 4.0227007 1.7089567 4.05 1.7089567 47 P 0
L 4.0228347 1.95 4.0808425 1.95 47 P 0
L 4.0229328 3.2145672 4.025 3.2125 50 P 0
L 4.02451 2.61201 4.0840934 2.61201 47 P 0
L 4.025 0.6675197 4.025 0.725 47 P 0
L 4.025 1.8625 4.0374016 1.8500984 48 P 0
L 4.026378 0.50625 4.1045272 0.50625 48 P 0
L 4.028311 2.2625 4.040811 2.25 47 P 0
L 4.0290354 1.5584646 4.0802166 1.5584646 50 P 0
L 4.0374016 1.8277559 4.0374016 1.8500984 48 P 0
L 4.0374016 1.9173229 4.0374016 1.9222441 51 P 0
L 4.0374016 1.9173229 4.0707678 1.8839567 51 P 0
L 4.0375 0.3297047 4.0375 0.4 48 P 0
L 4.0375 0.76875 4.0381631 0.7680869 47 P 0
L 4.0375 2.4625 4.05 2.475 47 P 0
L 4.0381631 0.7680869 4.0522405 0.7680869 47 P 0
L 4.0407835 2.584451 4.0625 2.584451 47 P 0
L 4.040811 2.25 4.05 2.25 47 P 0
L 4.0465409 0.7469232 4.0496177 0.75 47 P 0
L 4.0496177 0.75 4.06875 0.75 47 P 0
L 4.05 0.7223071 4.05 0.725 47 P 0
L 4.05 0.7223071 4.05625 0.7160571 47 P 0
L 4.05 1.688878 4.05 1.7089567 47 P 0
L 4.05 1.688878 4.072441 1.666437 47 P 0
L 4.05 1.7089567 4.05 1.7277205 47 P 0
L 4.05 1.7277205 4.0597747 1.7374952 47 P 0
L 4.05 2.475 4.05 2.5436675 47 P 0
L 4.05 2.5436675 4.0625 2.5561675 47 P 0
L 4.05 2.775 4.056004 2.775 47 P 0
L 4.0522405 0.7680869 4.0688485 0.7846949 47 P 0
L 4.056004 2.775 4.083563 2.747441 47 P 0
L 4.05625 0.534941 4.060187 0.534941 48 P 0
L 4.05625 0.5900591 4.05625 0.6402067 48 P 0
L 4.05625 0.6402067 4.060187 0.6402067 47 P 0
L 4.05625 0.6972933 4.05625 0.7160571 47 P 0
L 4.0597747 1.7374952 4.0983235 1.7374952 47 P 0
L 4.060187 0.534941 4.0747769 0.5203511 48 P 0
L 4.060187 0.6402067 4.0875 0.6675197 47 P 0
L 4.0625 2.5561675 4.0889409 2.5561675 47 P 0
L 4.0625 2.6395691 4.066437 2.6395691 47 P 0
L 4.066437 2.6395691 4.1269097 2.7000418 47 P 0
L 4.06875 0.75 4.0875 0.73125 47 P 0
L 4.0688485 0.7846949 4.0688485 0.7965059 47 P 0
L 4.0688485 0.7965059 4.0909941 0.7965059 47 P 0
L 4.0688485 0.8561515 4.0688485 0.8909941 47 P 0
L 4.0688485 0.8561515 4.1125 0.8125 47 P 0
L 4.0688485 0.8909941 4.0688485 0.9028051 47 P 0
L 4.0691442 2.7251968 4.1875 2.7251968 47 P 0
L 4.0707678 1.8839567 4.1125 1.8839567 51 P 0
L 4.0716509 0.4375302 4.0716509 0.4478727 48 P 0
L 4.0716509 0.4478727 4.0768919 0.4531137 48 P 0
L 4.072441 1.6625 4.072441 1.666437 47 P 0
L 4.0747769 0.5203511 4.1171489 0.5203511 48 P 0
L 4.0768919 0.4531137 4.0768919 0.4748302 48 P 0
L 4.0802166 1.5584646 4.1375 1.5011812 50 P 0
L 4.0808425 1.95 4.0897992 1.9410433 47 P 0
L 4.083563 2.747441 4.0875 2.747441 47 P 0
L 4.0840934 2.61201 4.1595834 2.6875 47 P 0
L 4.0875 0.6675197 4.0875 0.73125 47 P 0
L 4.0875 1.2 4.1125 1.175 50 P 0
L 4.0875 2.2125 4.0875 2.2625 47 P 0
L 4.0875 2.2125 4.2125 2.2125 47 P 0
L 4.0875 2.4740512 4.0875 2.5125 47 P 0
L 4.0875 2.4740512 4.0990512 2.4625 47 P 0
L 4.08799 2.7125 4.2180721 2.7125 47 P 0
L 4.0889409 2.5561675 4.1452734 2.6125 47 P 0
L 4.0897992 1.9410433 4.1125 1.9410433 47 P 0
L 4.0909941 0.7965059 4.1 0.7875 47 P 0
L 4.0942126 0.2684252 4.15 0.3242126 48 P 0
L 4.0983235 1.7119046 4.116103 1.7119046 47 P 0
L 4.0990512 2.4625 4.15 2.4625 47 P 0
L 4.1 0.7625 4.1 0.7875 47 P 0
L 4.1 0.7625 4.1160926 0.7464074 47 P 0
L 4.1 2.8025591 4.1375957 2.8025591 47 P 0
L 4.1 2.9754064 4.1 3.0175828 50 P 0
L 4.1 3.0175828 4.1178505 3.0354333 50 P 0
L 4.1 3.6625 4.1020673 3.6645673 50 P 0
L 4.1020673 3.6645673 4.1750001 3.6645673 50 P 0
L 4.1036909 0.964813 4.1036909 0.96875 47 P 0
L 4.1036909 0.964813 4.1436516 0.9248523 47 P 0
L 4.1045272 0.50625 4.13201 0.4787672 48 P 0
L 4.10625 0.8614036 4.10625 0.8909941 47 P 0
L 4.10625 0.8614036 4.1364036 0.83125 47 P 0
L 4.1125 0.76875 4.1125 0.8125 47 P 0
L 4.1125 0.76875 4.125 0.75625 47 P 0
L 4.1125 1.0914367 4.1125 1.175 50 P 0
L 4.1125 1.0914367 4.4007849 0.8031518 50 P 0
L 4.1125 1.8839567 4.15 1.8839567 51 P 0
L 4.1125 1.9410433 4.1535433 1.9410433 47 P 0
L 4.1125 2.0107284 4.1125 2.0625 50 P 0
L 4.1138118 1.7141958 4.1138118 1.7182039 47 P 0
L 4.1138118 1.7141958 4.116103 1.7119046 47 P 0
L 4.1138118 1.7182039 4.1374968 1.7182039 47 P 0
L 4.1160926 0.7223071 4.1160926 0.7464074 47 P 0
L 4.1171489 0.5203511 4.13125 0.50625 48 P 0
L 4.1178505 3.0354333 4.1750001 3.0354333 50 P 0
L 4.125 0.75625 4.1589843 0.75625 47 P 0
L 4.1269097 2.7000418 4.3603743 2.7000418 47 P 0
L 4.1275591 1.6625 4.1275591 1.6842165 47 P 0
L 4.1275591 1.6842165 4.1374968 1.6941542 47 P 0
L 4.13125 0.50625 4.2226372 0.50625 48 P 0
L 4.13201 0.41799 4.13201 0.4748302 48 P 0
L 4.13201 0.41799 4.15 0.4 48 P 0
L 4.13201 0.4748302 4.13201 0.4787672 48 P 0
L 4.1364036 0.83125 4.2246177 0.83125 47 P 0
L 4.1374968 1.6941542 4.1374968 1.7182039 47 P 0
L 4.1375 1.1125 4.1375 1.3899606 50 P 0
L 4.1375 1.1125 4.36875 0.88125 50 P 0
L 4.1375 1.4834646 4.1375 1.5011812 50 P 0
L 4.1375 2.2625 4.1375 2.3375 47 P 0
L 4.1375 2.3375 4.2625 2.3375 47 P 0
L 4.1375 2.5125 4.1375 2.563388 47 P 0
L 4.1375 2.563388 4.158563 2.584451 47 P 0
L 4.1375957 2.8025591 4.1618084 2.7783464 47 P 0
L 4.1436516 0.7965059 4.1659941 0.7965059 47 P 0
L 4.1436516 0.8791831 4.1436516 0.8909941 47 P 0
L 4.1436516 0.8791831 4.1665847 0.85625 47 P 0
L 4.1436516 0.8909941 4.1436516 0.9248523 47 P 0
L 4.1452734 2.6125 4.1842498 2.6125 47 P 0
L 4.15 0.3242126 4.15 0.4 48 P 0
L 4.15 2.4625 4.175 2.4875 47 P 0
L 4.1535433 1.9410433 4.1625 1.95 47 P 0
L 4.158563 2.584451 4.1625 2.584451 47 P 0
L 4.158809 0.96875 4.1875 0.96875 48 P 0
L 4.1589843 0.75625 4.1712107 0.7440236 47 P 0
L 4.1595834 2.6875 4.3723425 2.6875 47 P 0
L 4.1618084 2.7625984 4.1618084 2.7783464 47 P 0
L 4.1625 2.6395691 4.166437 2.6395691 47 P 0
L 4.1650591 1.8125 4.2125 1.8125 50 P 0
L 4.1659941 0.7965059 4.1841044 0.7783956 47 P 0
L 4.166437 2.6395691 4.2018679 2.675 47 P 0
L 4.1665847 0.85625 4.18125 0.85625 47 P 0
L 4.1712107 0.7223071 4.1712107 0.7440236 47 P 0
L 4.175 1.1125 4.175 1.14547 48 P 0
L 4.175 1.1125 4.375 0.9125 48 P 0
L 4.175 1.202559 4.175 1.3012441 48 P 0
L 4.175 1.3012441 4.2022992 1.3285433 48 P 0
L 4.175 1.9125 4.1839567 1.9035433 47 P 0
L 4.175 2.4875 4.175 2.5407502 47 P 0
L 4.175 2.5407502 4.2 2.5657502 47 P 0
L 4.175 3.1748058 4.1750001 3.1748059 50 P 0
L 4.1750001 3.1748059 4.1750001 3.2145672 50 P 0
L 4.1750001 3.2145672 4.2479328 3.2145672 50 P 0
L 4.17667 1.7119046 4.2013198 1.7119046 47 P 0
L 4.17667 1.7374952 4.2152157 1.7374952 47 P 0
L 4.1839567 1.875 4.1839567 1.9035433 47 P 0
L 4.1841044 0.7783956 4.23125 0.7783956 47 P 0
L 4.1841509 0.4375302 4.1950019 0.4483812 48 P 0
L 4.1842498 2.6125 4.2349409 2.6631911 47 P 0
L 4.1875 0.96875 4.30625 0.85 48 P 0
L 4.1875 2.7251968 4.19921 2.7369068 47 P 0
L 4.1950019 0.4483812 4.1950019 0.4748302 48 P 0
L 4.19921 2.7369068 4.19921 2.8374015 47 P 0
L 4.2 1.625 4.2 1.6671614 47 P 0
L 4.2 1.6671614 4.225 1.6921614 47 P 0
L 4.2 2.5657502 4.2 2.5770691 47 P 0
L 4.2 2.5770691 4.2354309 2.6125 47 P 0
L 4.2013198 1.7119046 4.2032835 1.7099409 47 P 0
L 4.2018679 2.675 4.3821851 2.675 47 P 0
L 4.2022992 1.3285433 4.225 1.3285433 48 P 0
L 4.2032835 1.7099409 4.225 1.7099409 47 P 0
L 4.2106299 1.4500001 4.2106299 1.5 48 P 0
L 4.2106299 1.4500001 4.225 1.43563 48 P 0
L 4.2106299 1.5 4.2106299 1.5280157 48 P 0
L 4.2106299 1.5280157 4.2464567 1.5638425 48 P 0
L 4.2122047 0.2684252 4.26875 0.3249705 48 P 0
L 4.2125 2.2125 4.2125 2.2625 47 P 0
L 4.2125 2.2125 4.3375 2.2125 47 P 0
L 4.2125 2.4740512 4.2125 2.5125 47 P 0
L 4.2125 2.4740512 4.2240512 2.4625 47 P 0
L 4.2152157 1.7374952 4.225 1.7472795 47 P 0
L 4.2180721 2.7125 4.2366115 2.7310394 47 P 0
L 4.2226372 0.50625 4.25012 0.4787672 48 P 0
L 4.2240512 2.4625 4.2875 2.4625 47 P 0
L 4.2246177 0.83125 4.23125 0.8378823 47 P 0
L 4.225 1.1995101 4.225 1.2 48 P 0
L 4.225 1.2 4.225 1.26594 48 P 0
L 4.225 1.33406 4.225 1.43563 48 P 0
L 4.225 1.6921614 4.225 1.7099409 47 P 0
L 4.225 1.7472795 4.225 1.765059 47 P 0
L 4.225 1.765059 4.275 1.765059 47 P 0
L 4.225 1.9349409 4.2467165 1.9349409 47 P 0
L 4.23125 0.7375 4.23125 0.7783956 47 P 0
L 4.23125 0.8378823 4.23125 0.8591043 47 P 0
L 4.23125 0.8591043 4.266278 0.8591043 47 P 0
L 4.2349409 2.6631911 4.3942935 2.6631911 47 P 0
L 4.2354309 2.6125 4.3875 2.6125 47 P 0
L 4.2366115 2.7310394 4.2366115 2.7625984 47 P 0
L 4.2366115 2.7625984 4.2366115 2.8116115 50 P 0
L 4.2410433 1.875 4.2598071 1.875 47 P 0
L 4.2464567 1.5638425 4.2464567 1.65 48 P 0
L 4.2464567 1.65 4.2464567 1.653937 47 P 0
L 4.2464567 1.653937 4.2675197 1.675 47 P 0
L 4.2467165 1.9349409 4.2592993 1.9475237 47 P 0
L 4.2479328 3.2145672 4.25 3.2125 50 P 0
L 4.25012 0.41863 4.25012 0.4748302 48 P 0
L 4.25012 0.41863 4.26875 0.4 48 P 0
L 4.25012 0.4748302 4.25012 0.4787672 48 P 0
L 4.2592993 1.9475237 4.2592993 1.9842993 47 P 0
L 4.2592993 1.9842993 4.2744095 1.9994095 47 P 0
L 4.2598071 1.875 4.2744095 1.8896024 47 P 0
L 4.2625 2.2625 4.2625 2.3375 47 P 0
L 4.2625 2.3375 4.3875 2.3375 47 P 0
L 4.2625 2.5125 4.2625 2.584451 47 P 0
L 4.2625 2.6395691 4.3931715 2.6395691 47 P 0
L 4.266278 0.8591043 4.2875 0.8378823 47 P 0
L 4.2675197 1.675 4.2875 1.675 47 P 0
L 4.26875 0.3249705 4.26875 0.4 48 P 0
L 4.2744095 1.8896024 4.2744095 1.9324804 47 P 0
L 4.2744095 1.9324804 4.2901575 1.9482284 47 P 0
L 4.2744095 1.9994095 4.3088583 1.9994095 47 P 0
L 4.275 1.075 4.275 1.14547 48 P 0
L 4.275 1.075 4.41875 0.93125 48 P 0
L 4.275 1.1995101 4.275 1.202559 48 P 0
L 4.275 1.202559 4.275 1.3012441 48 P 0
L 4.275 1.3012441 4.3022992 1.3285433 48 P 0
L 4.275 1.7099409 4.3099409 1.7099409 47 P 0
L 4.275 2.775 4.281004 2.775 47 P 0
L 4.281004 2.775 4.308563 2.747441 47 P 0
L 4.28125 0.4375 4.2933563 0.4375 48 P 0
L 4.2875 0.81875 4.2875 0.8378823 47 P 0
L 4.2875 1.675 4.3 1.6875 47 P 0
L 4.2875 2.4625 4.3 2.475 47 P 0
L 4.2901575 1.9482284 4.3088583 1.9482284 47 P 0
L 4.2933563 0.4375 4.314813 0.4160433 48 P 0
L 4.2974409 1.8511812 4.2974409 1.875 47 P 0
L 4.2974409 1.8511812 4.321063 1.8275591 47 P 0
L 4.2974409 1.875 4.2974409 1.9135826 47 P 0
L 4.2974409 1.9135826 4.3088583 1.925 47 P 0
L 4.3 1.6875 4.4125 1.6875 47 P 0
L 4.3 2.475 4.3 2.5384488 47 P 0
L 4.3 2.5384488 4.3365512 2.575 47 P 0
L 4.3022992 1.3285433 4.325 1.3285433 48 P 0
L 4.3035433 1.65 4.3035433 1.653937 47 P 0
L 4.3035433 1.653937 4.3246063 1.675 47 P 0
L 4.308563 2.747441 4.3125 2.747441 47 P 0
L 4.3088583 1.925 4.3375 1.925 47 P 0
L 4.3088583 1.9482284 4.3088583 1.9738189 47 P 0
L 4.3088583 2.025 4.3275591 2.025 47 P 0
L 4.30906 1.65 4.325 1.65 48 P 0
L 4.3099409 1.7099409 4.325 1.725 47 P 0
L 4.31063 1.36437 4.31063 1.43563 48 P 0
L 4.31063 1.36437 4.325 1.35 48 P 0
L 4.31063 1.43563 4.33937 1.46437 48 P 0
L 4.314813 0.4160433 4.31875 0.4160433 47 P 0
L 4.31875 0.31875 4.31875 0.3589567 48 P 0
L 4.31875 0.4160433 4.31875 0.45625 48 P 0
L 4.321063 1.8275591 4.325 1.8275591 47 P 0
L 4.324508 2.9754064 4.324508 3.0170908 50 P 0
L 4.324508 3.0170908 4.3428505 3.0354333 50 P 0
L 4.3246063 1.675 4.425 1.675 47 P 0
L 4.325 1.1995101 4.325 1.2 48 P 0
L 4.325 1.2 4.325 1.26594 48 P 0
L 4.325 1.33406 4.325 1.35 48 P 0
L 4.325 1.65 4.3464567 1.6285433 48 P 0
L 4.325 1.725 4.325 1.772441 47 P 0
L 4.325 1.772441 4.365059 1.772441 47 P 0
L 4.325 2.8025591 4.3633857 2.8025591 47 P 0
L 4.325 3.6625 4.3270673 3.6645673 50 P 0
L 4.3270673 3.6645673 4.4000001 3.6645673 50 P 0
L 4.3275591 2.025 4.35 2.0025591 47 P 0
L 4.3365512 2.575 4.3737209 2.575 47 P 0
L 4.3375 1.925 4.35 1.9375 47 P 0
L 4.3375 2.2125 4.3375 2.2625 47 P 0
L 4.3375 2.2125 4.4625 2.2125 47 P 0
L 4.3375 2.4740512 4.3375 2.5125 47 P 0
L 4.3375 2.4740512 4.3490512 2.4625 47 P 0
L 4.33937 1.46437 4.33937 1.4719842 48 P 0
L 4.33937 1.4719842 4.3393701 1.4719843 48 P 0
L 4.3393701 1.4719843 4.3393701 1.5 48 P 0
L 4.3393701 1.5 4.3393701 1.5452126 48 P 0
L 4.3393701 1.5452126 4.3464567 1.5522992 48 P 0
L 4.3428505 3.0354333 4.4000001 3.0354333 50 P 0
L 4.3464567 1.5522992 4.3464567 1.5875 48 P 0
L 4.3464567 1.5875 4.3464567 1.6285433 48 P 0
L 4.3490512 2.4625 4.4125 2.4625 47 P 0
L 4.35 1.9375 4.35 2.0025591 47 P 0
L 4.352559 1.847441 4.352559 1.875 47 P 0
L 4.352559 1.847441 4.3625 1.8375 47 P 0
L 4.3603743 2.7000418 4.3723425 2.71201 47 P 0
L 4.3633857 2.8025591 4.3875984 2.7783464 47 P 0
L 4.365059 1.772441 4.375 1.7625 47 P 0
L 4.36875 0.88125 4.4 0.88125 50 P 0
L 4.3723425 2.6875 4.3843525 2.69951 47 P 0
L 4.3723425 2.71201 4.4080731 2.71201 47 P 0
L 4.3737209 2.575 4.4362209 2.6375 47 P 0
L 4.375 0.9125 4.5375 0.9125 48 P 0
L 4.375 1.03125 4.375 1.14547 48 P 0
L 4.375 1.03125 4.45625 0.95 48 P 0
L 4.375 1.19951 4.375 1.202559 48 P 0
L 4.375 1.202559 4.375 1.3012441 48 P 0
L 4.375 1.3012441 4.4022992 1.3285433 48 P 0
L 4.3821851 2.675 4.3941951 2.68701 47 P 0
L 4.3843525 2.69951 4.4487449 2.69951 47 P 0
L 4.3875 2.2625 4.3875 2.3375 47 P 0
L 4.3875 2.3375 4.5125 2.3375 47 P 0
L 4.3875 2.5125 4.3875 2.5509488 47 P 0
L 4.3875 2.5509488 4.4615512 2.625 47 P 0
L 4.3875 2.6125 4.425 2.65 47 P 0
L 4.3875984 2.7625984 4.3875984 2.7783464 47 P 0
L 4.3931715 2.6395691 4.4156124 2.66201 47 P 0
L 4.3941951 2.68701 4.6333662 2.68701 47 P 0
L 4.3942935 2.6631911 4.4061024 2.675 47 P 0
L 4.3982309 0.4513775 4.3982309 0.48799 50 P 0
L 4.3982309 0.4513775 4.4125984 0.43701 50 P 0
L 4.3982309 0.48799 4.3982309 0.5097065 50 P 0
L 4.3982309 0.5097065 4.41681 0.5282856 50 P 0
L 4.4 0.88125 4.42421 0.85704 50 P 0
L 4.4000001 3.1749258 4.4000001 3.2145672 50 P 0
L 4.4000001 3.1749258 4.40012 3.1748059 50 P 0
L 4.4000001 3.2145672 4.4729328 3.2145672 50 P 0
L 4.4007849 0.8031518 4.42421 0.8031518 50 P 0
L 4.4022992 1.3285433 4.425 1.3285433 48 P 0
L 4.4035433 1.5522992 4.4035433 1.5875 48 P 0
L 4.4035433 1.5522992 4.4106299 1.5452126 48 P 0
L 4.4035433 1.5875 4.4035433 1.6285433 48 P 0
L 4.4035433 1.6285433 4.425 1.65 48 P 0
L 4.4061024 2.675 4.6749015 2.675 47 P 0
L 4.4080731 2.71201 4.425 2.7289369 47 P 0
L 4.4106299 1.4643701 4.4106299 1.5 48 P 0
L 4.4106299 1.4643701 4.43937 1.43563 48 P 0
L 4.4106299 1.5 4.4106299 1.5452126 48 P 0
L 4.4125 1.6875 4.425 1.7 47 P 0
L 4.4125 2.4625 4.425 2.475 47 P 0
L 4.4125984 0.43701 4.5414744 0.43701 50 P 0
L 4.4156124 2.66201 4.8566951 2.66201 47 P 0
L 4.41681 0.5282856 4.42421 0.5282856 50 P 0
L 4.41875 0.93125 4.6125 0.93125 48 P 0
L 4.42421 0.5282856 4.42421 0.5708683 50 P 0
L 4.42421 0.8031518 4.42421 0.85704 50 P 0
L 4.425 1.19951 4.425 1.2 48 P 0
L 4.425 1.2 4.425 1.26594 48 P 0
L 4.425 1.33406 4.425 1.35 48 P 0
L 4.425 1.35 4.43937 1.36437 48 P 0
L 4.425 1.65 4.44094 1.65 48 P 0
L 4.425 1.675 4.4375 1.6875 47 P 0
L 4.425 1.7 4.4625 1.7 47 P 0
L 4.425 2.475 4.425 2.5625 47 P 0
L 4.425 2.5625 4.475 2.6125 47 P 0
L 4.425 2.65 4.8961588 2.65 47 P 0
L 4.425 2.7289369 4.425 2.8374015 47 P 0
L 4.4362209 2.6375 5.0349409 2.6375 47 P 0
L 4.4375 1.6875 4.475 1.6875 47 P 0
L 4.43937 1.36437 4.43937 1.43563 48 P 0
L 4.4464567 1.65 4.4464567 1.653937 47 P 0
L 4.4464567 1.653937 4.4675197 1.675 47 P 0
L 4.4487449 2.69951 4.4624015 2.7131666 47 P 0
L 4.453349 0.48799 4.4987183 0.48799 50 P 0
L 4.45625 0.95 4.6875 0.95 48 P 0
L 4.4615512 2.625 5.0761811 2.625 47 P 0
L 4.4624015 2.7131666 4.4624015 2.7625984 47 P 0
L 4.4624015 2.7625984 4.4624015 2.8124015 50 P 0
L 4.4624015 2.8124015 4.4625 2.8125 50 P 0
L 4.4625 1.7 4.475 1.7125 47 P 0
L 4.4625 2.2125 4.4625 2.2625 47 P 0
L 4.4625 2.2125 4.5875 2.2125 47 P 0
L 4.4625 2.4740512 4.4625 2.5125 47 P 0
L 4.4625 2.4740512 4.4740512 2.4625 47 P 0
L 4.4675197 1.675 4.4895035 1.675 47 P 0
L 4.4729328 3.2145672 4.475 3.2125 50 P 0
L 4.4740512 2.4625 4.5375 2.4625 47 P 0
L 4.475 0.98125 4.475 1.1474409 48 P 0
L 4.475 0.98125 4.4875 0.96875 48 P 0
L 4.475 1.1474409 4.475 1.15 48 P 0
L 4.475 1.19951 4.475 1.202559 48 P 0
L 4.475 1.202559 4.475 1.3012441 48 P 0
L 4.475 1.3012441 4.5022992 1.3285433 48 P 0
L 4.475 1.6875 4.4875 1.7 47 P 0
L 4.475 1.7125 4.5875 1.7125 47 P 0
L 4.475 2.6125 5.14016 2.6125 47 P 0
L 4.4875 0.96875 4.7625 0.96875 48 P 0
L 4.4875 1.7 4.6 1.7 47 P 0
L 4.4895035 1.675 4.5020035 1.6875 47 P 0
L 4.4987183 0.48799 4.5356299 0.5249016 50 P 0
L 4.5 1.925 4.5 1.9642361 50 P 0
L 4.5 1.925 4.5125 1.9125 50 P 0
L 4.5 1.9642361 4.5095828 1.9738189 50 P 0
L 4.5001201 2.775 4.506004 2.775 47 P 0
L 4.5020035 1.6875 4.6125 1.6875 47 P 0
L 4.5022992 1.3285433 4.525 1.3285433 48 P 0
L 4.5035433 1.65 4.5035433 1.653937 47 P 0
L 4.5035433 1.653937 4.5246063 1.675 47 P 0
L 4.506004 2.775 4.533563 2.747441 47 P 0
L 4.50906 1.65 4.525 1.65 48 P 0
L 4.5095828 1.9738189 4.5411418 1.9738189 50 P 0
L 4.51063 1.36437 4.51063 1.43563 48 P 0
L 4.51063 1.36437 4.525 1.35 48 P 0
L 4.51063 1.43563 4.53937 1.46437 48 P 0
L 4.5125 1.9125 4.525 1.9125 50 P 0
L 4.5125 2.2625 4.5125 2.3375 47 P 0
L 4.5125 2.3375 4.6375 2.3375 47 P 0
L 4.5125 2.5125 4.5125 2.5567913 47 P 0
L 4.5125 2.5567913 4.5557087 2.6 47 P 0
L 4.5246063 1.675 4.625 1.675 47 P 0
L 4.525 1.19951 4.525 1.2 48 P 0
L 4.525 1.2 4.525 1.26594 48 P 0
L 4.525 1.33406 4.525 1.35 48 P 0
L 4.525 1.65 4.5464567 1.6285433 48 P 0
L 4.533563 2.747441 4.5375 2.747441 47 P 0
L 4.5356299 0.5249016 4.55 0.5249016 50 P 0
L 4.5375 0.9125 4.55 0.9 48 P 0
L 4.5375 2.4625 4.55 2.475 47 P 0
L 4.53937 1.46437 4.53937 1.4719842 48 P 0
L 4.53937 1.4719842 4.5393701 1.4719843 48 P 0
L 4.5393701 1.4719843 4.5393701 1.5 48 P 0
L 4.5393701 1.5 4.5393701 1.5452126 48 P 0
L 4.5393701 1.5452126 4.5464567 1.5522992 48 P 0
L 4.5411418 1.9994095 4.5759016 1.9994095 50 P 0
L 4.5411418 2.025 4.5871065 2.025 50 P 0
L 4.5414744 0.43701 4.5696851 0.4087993 50 P 0
L 4.5464567 1.5522992 4.5464567 1.5875 48 P 0
L 4.5464567 1.5875 4.5464567 1.6285433 48 P 0
L 4.55 0.47431 4.55 0.5249016 50 P 0
L 4.55 0.47431 4.57431 0.45 50 P 0
L 4.55 0.64006 4.55 0.6500985 50 P 0
L 4.55 0.6500985 4.55 0.86875 50 P 0
L 4.55 0.86875 4.55 0.9 48 P 0
L 4.55 2.475 4.55 2.5628 47 P 0
L 4.55 2.5628 4.5747 2.5875 47 P 0
L 4.55 2.8025591 4.5883857 2.8025591 47 P 0
L 4.55 2.9754064 4.55 3.0167928 50 P 0
L 4.55 3.0167928 4.5686405 3.0354333 50 P 0
L 4.55 3.6625 4.5520673 3.6645673 50 P 0
L 4.5520673 3.6645673 4.6250001 3.6645673 50 P 0
L 4.5557087 2.6 5.15 2.6 47 P 0
L 4.5686405 3.0354333 4.6261812 3.0354333 50 P 0
L 4.5696851 0.3252409 4.5696851 0.4087993 50 P 0
L 4.5696851 0.3252409 4.626496 0.26843 50 P 0
L 4.57431 0.45 4.6809103 0.45 50 P 0
L 4.5747 2.5875 5.15453 2.5875 47 P 0
L 4.575 1 4.575 1.14547 48 P 0
L 4.575 1 4.5875 0.9875 48 P 0
L 4.575 1.19951 4.575 1.202559 48 P 0
L 4.575 1.202559 4.575 1.3012441 48 P 0
L 4.575 1.3012441 4.6022992 1.3285433 48 P 0
L 4.5759016 1.9994095 4.5799567 1.9953544 50 P 0
L 4.5799567 1.9953544 4.6125 1.9953544 50 P 0
L 4.5871065 2.025 4.608563 2.0464565 50 P 0
L 4.5875 0.9875 4.8375 0.9875 48 P 0
L 4.5875 1.7125 4.6 1.725 47 P 0
L 4.5875 2.2125 4.5875 2.2625 47 P 0
L 4.5875 2.2125 4.7125 2.2125 47 P 0
L 4.5875 2.4740512 4.5875 2.5125 47 P 0
L 4.5875 2.4740512 4.5990512 2.4625 47 P 0
L 4.5883857 2.8025591 4.6125984 2.7783464 47 P 0
L 4.5990512 2.4625 4.6625 2.4625 47 P 0
L 4.6 1.7 4.6125 1.7125 47 P 0
L 4.6 1.725 4.65 1.725 47 P 0
L 4.6022992 1.3285433 4.625 1.3285433 48 P 0
L 4.6035433 1.5343115 4.6035433 1.5875 48 P 0
L 4.6035433 1.5343115 4.6098391 1.5280157 48 P 0
L 4.6035433 1.5875 4.6035433 1.6285433 48 P 0
L 4.6035433 1.6285433 4.625 1.65 48 P 0
L 4.608563 2.0464565 4.6125 2.0464565 50 P 0
L 4.6098391 1.4651609 4.6098391 1.5 48 P 0
L 4.6098391 1.4651609 4.63937 1.43563 48 P 0
L 4.6098391 1.5 4.6098391 1.5280157 48 P 0
L 4.6125 0.93125 4.625 0.91875 48 P 0
L 4.6125 1.6875 4.625 1.7 47 P 0
L 4.6125 1.7125 4.6625 1.7125 47 P 0
L 4.6125984 2.7625984 4.6125984 2.7783464 47 P 0
L 4.625 0.5 4.625 0.7249016 50 P 0
L 4.625 0.5 4.64375 0.48125 50 P 0
L 4.625 0.7249016 4.625 0.73435 50 P 0
L 4.625 0.84006 4.625 0.8500985 50 P 0
L 4.625 0.8500985 4.625 0.88125 50 P 0
L 4.625 0.88125 4.625 0.91875 48 P 0
L 4.625 1.19951 4.625 1.2 48 P 0
L 4.625 1.2 4.625 1.26594 48 P 0
L 4.625 1.33406 4.625 1.35 48 P 0
L 4.625 1.35 4.63937 1.36437 48 P 0
L 4.625 1.65 4.64094 1.65 48 P 0
L 4.625 1.675 4.6375 1.6875 47 P 0
L 4.625 1.7 4.675 1.7 47 P 0
L 4.625 3.4375001 4.6250001 3.4375002 50 P 0
L 4.6250001 3.4375002 4.6250001 3.4854334 50 P 0
L 4.6261812 3.2145672 4.6979328 3.2145672 50 P 0
L 4.6333662 2.68701 4.65 2.7036438 47 P 0
L 4.6375 1.6875 4.6875 1.6875 47 P 0
L 4.6375 2.2625 4.6375 2.3375 47 P 0
L 4.6375 2.3375 4.7375 2.3375 47 P 0
L 4.6375 2.5125 4.6375 2.5509488 47 P 0
L 4.6375 2.5509488 4.6620512 2.5755 47 P 0
L 4.63937 1.36437 4.63937 1.43563 48 P 0
L 4.64375 0.48125 4.7147141 0.48125 50 P 0
L 4.6464567 1.65 4.6464567 1.653937 47 P 0
L 4.6464567 1.653937 4.6682205 1.6757008 47 P 0
L 4.65 1.725 4.6625 1.7375 47 P 0
L 4.65 2.7036438 4.65 2.8374015 47 P 0
L 4.6620512 2.5755 5.1625 2.5755 47 P 0
L 4.6625 1.7125 4.675 1.725 47 P 0
L 4.6625 1.7375 4.7875 1.7375 47 P 0
L 4.6625 2.4625 4.675 2.475 47 P 0
L 4.6682205 1.6757008 4.7 1.6757008 47 P 0
L 4.6749015 2.675 4.6874015 2.6875 47 P 0
L 4.675 1.01875 4.675 1.1474409 48 P 0
L 4.675 1.01875 4.6875 1.00625 48 P 0
L 4.675 1.1474409 4.675 1.15 48 P 0
L 4.675 1.19951 4.675 1.202559 48 P 0
L 4.675 1.202559 4.675 1.3012441 48 P 0
L 4.675 1.3012441 4.7022992 1.3285433 48 P 0
L 4.675 1.7 4.6875 1.7125 47 P 0
L 4.675 1.725 4.8 1.725 47 P 0
L 4.675 2.475 4.675 2.55 47 P 0
L 4.675 2.55 4.688153 2.563153 47 P 0
L 4.6809103 0.45 4.7444882 0.3864221 50 P 0
L 4.6874015 2.6875 4.6874015 2.7625984 47 P 0
L 4.6874015 2.7625984 4.6874015 2.8125 50 P 0
L 4.6875 0.95 4.7 0.9375 48 P 0
L 4.6875 1.00625 4.9125 1.00625 48 P 0
L 4.6875 1.6875 4.7 1.7 47 P 0
L 4.6875 1.7125 4.8125 1.7125 47 P 0
L 4.688153 2.563153 5.1685579 2.563153 47 P 0
L 4.6979328 3.2145672 4.7 3.2125 50 P 0
L 4.7 0.5249016 4.7143701 0.5249016 50 P 0
L 4.7 0.64006 4.7 0.6500985 50 P 0
L 4.7 0.6500985 4.7 0.8875 50 P 0
L 4.7 0.8875 4.7 0.9375 48 P 0
L 4.7 1.6757008 4.7117992 1.6875 47 P 0
L 4.7 1.7 4.825 1.7 47 P 0
L 4.7022992 1.3285433 4.725 1.3285433 48 P 0
L 4.7035433 1.65 4.7035433 1.653937 47 P 0
L 4.7035433 1.653937 4.7248171 1.6752108 47 P 0
L 4.70906 1.65 4.725 1.65 48 P 0
L 4.71063 1.36437 4.71063 1.43563 48 P 0
L 4.71063 1.36437 4.725 1.35 48 P 0
L 4.71063 1.43563 4.73937 1.46437 48 P 0
L 4.7117992 1.6875 4.8375 1.6875 47 P 0
L 4.7125 2.2125 4.7125 2.2625 47 P 0
L 4.7125 2.2125 4.775 2.2125 47 P 0
L 4.7125 2.4740512 4.7125 2.5125 47 P 0
L 4.7125 2.4740512 4.7240512 2.4625 47 P 0
L 4.7143701 0.5249016 4.7892717 0.45 50 P 0
L 4.7147141 0.48125 4.8027559 0.3932082 50 P 0
L 4.7240512 2.4625 4.775 2.4625 47 P 0
L 4.7248171 1.6752108 4.85 1.6752108 47 P 0
L 4.725 1.19951 4.725 1.2 48 P 0
L 4.725 1.2 4.725 1.26594 48 P 0
L 4.725 1.33406 4.725 1.35 48 P 0
L 4.725 1.65 4.7464567 1.6285433 48 P 0
L 4.725 1.85 4.7562501 1.8812501 50 P 0
L 4.725 2.775 4.731004 2.775 47 P 0
L 4.7275591 1.9125 4.7562501 1.9125 50 P 0
L 4.731004 2.775 4.758563 2.747441 47 P 0
L 4.7375 2.3375 4.7625 2.3125 47 P 0
L 4.7375 2.375 4.7875 2.325 47 P 0
L 4.7385793 1.4651607 4.7385793 1.5 48 P 0
L 4.7385793 1.4651607 4.73937 1.46437 48 P 0
L 4.7385793 1.5 4.7385793 1.5444218 48 P 0
L 4.7385793 1.5444218 4.7464567 1.5522992 48 P 0
L 4.7444882 0.26843 4.8027559 0.3266977 50 P 0
L 4.7464567 1.5522992 4.7464567 1.5875 48 P 0
L 4.7464567 1.5875 4.7464567 1.6285433 48 P 0
L 4.7562501 1.8812501 4.7562501 1.9125 50 P 0
L 4.7562501 1.9125 4.784941 1.9125 50 P 0
L 4.758563 2.747441 4.7625 2.747441 47 P 0
L 4.7625 0.96875 4.775 0.95625 48 P 0
L 4.7625 2.2625 4.7625 2.3125 47 P 0
L 4.7625 2.5125 4.7875 2.5125 47 P 0
L 4.77421 1.03829 4.77421 1.1469509 48 P 0
L 4.77421 1.03829 4.7875 1.025 48 P 0
L 4.77421 1.202069 4.77421 1.3004541 48 P 0
L 4.77421 1.3004541 4.8022992 1.3285433 48 P 0
L 4.77421 2.8025591 4.8133857 2.8025591 47 P 0
L 4.775 0.5001599 4.775 0.7249016 50 P 0
L 4.775 0.5001599 4.7993699 0.47579 50 P 0
L 4.775 0.7249016 4.775 0.73435 50 P 0
L 4.775 0.84006 4.775 0.8500985 50 P 0
L 4.775 0.8500985 4.775 0.8875 50 P 0
L 4.775 0.8875 4.775 0.95625 48 P 0
L 4.775 2.2125 4.7875 2.225 47 P 0
L 4.775 2.4625 4.7875 2.475 47 P 0
L 4.775 2.9761964 4.775 3.0175828 50 P 0
L 4.775 3.0175828 4.7928505 3.0354333 50 P 0
L 4.775 3.6625 4.7770673 3.6645673 50 P 0
L 4.7770673 3.6645673 4.8500001 3.6645673 50 P 0
L 4.7839567 1.85 4.7839567 1.8897992 50 P 0
L 4.7839567 1.8897992 4.784941 1.8907835 50 P 0
L 4.784941 1.8907835 4.784941 1.9125 50 P 0
L 4.7875 1.025 4.9875 1.025 48 P 0
L 4.7875 1.7375 4.8 1.75 47 P 0
L 4.7875 2.225 4.7875 2.2453305 47 P 0
L 4.7875 2.2453305 4.8262795 2.28411 47 P 0
L 4.7875 2.325 4.8302165 2.325 47 P 0
L 4.7875 2.475 4.7875 2.4983579 47 P 0
L 4.7875 2.4983579 4.8291421 2.54 47 P 0
L 4.7875 2.5125 4.825 2.55 47 P 0
L 4.7892717 0.45 4.84028 0.45 50 P 0
L 4.7928505 3.0354333 4.8500001 3.0354333 50 P 0
L 4.7993699 0.47579 4.8661365 0.47579 50 P 0
L 4.8 1.725 4.8125 1.7375 47 P 0
L 4.8 1.75 4.825 1.75 47 P 0
L 4.8022992 1.3285433 4.825 1.3285433 48 P 0
L 4.8027559 0.3266977 4.8027559 0.3932082 50 P 0
L 4.8035433 1.5338223 4.8035433 1.5875 48 P 0
L 4.8035433 1.5338223 4.8098399 1.5275257 48 P 0
L 4.8035433 1.5875 4.8035433 1.6339567 48 P 0
L 4.8035433 1.6339567 4.8190966 1.64951 48 P 0
L 4.8098399 1.4714943 4.8098399 1.49951 48 P 0
L 4.8098399 1.4714943 4.80984 1.4714942 48 P 0
L 4.8098399 1.49951 4.8098399 1.5275257 48 P 0
L 4.80984 1.46516 4.80984 1.4714942 48 P 0
L 4.80984 1.46516 4.83937 1.43563 48 P 0
L 4.8125 1.7125 4.825 1.725 47 P 0
L 4.8125 1.7375 4.8375 1.7375 47 P 0
L 4.8133857 2.8025591 4.8375984 2.7783464 47 P 0
L 4.8190966 1.64951 4.84016 1.64951 48 P 0
L 4.825 1.19951 4.825 1.2 48 P 0
L 4.825 1.2 4.825 1.26594 48 P 0
L 4.825 1.3285433 4.825 1.35 48 P 0
L 4.825 1.35 4.8393701 1.3643701 48 P 0
L 4.825 1.7 4.8375 1.7125 47 P 0
L 4.825 1.725 4.85 1.725 47 P 0
L 4.825 1.75 4.8375 1.7625 47 P 0
L 4.825 2.55 5.175 2.55 47 P 0
L 4.8262795 2.28411 4.8302165 2.28411 47 P 0
L 4.8291421 2.54 5.1791421 2.54 47 P 0
L 4.8302165 2.2270234 4.8854766 2.2270234 47 P 0
L 4.8302165 2.28411 4.8302165 2.325 47 P 0
L 4.8302165 2.325 4.8302165 2.3599409 47 P 0
L 4.8302165 2.415059 4.8302165 2.45 47 P 0
L 4.8375 0.9875 4.85 0.975 48 P 0
L 4.8375 1.6875 4.85 1.7 47 P 0
L 4.8375 1.7125 4.8622892 1.7125 47 P 0
L 4.8375 1.7375 4.85 1.75 47 P 0
L 4.8375 1.7625 4.9375 1.7625 47 P 0
L 4.8375984 2.7625984 4.8375984 2.7783464 47 P 0
L 4.83937 1.4 4.83937 1.43563 48 P 0
L 4.8393701 1.3643701 4.8393701 1.4 48 P 0
L 4.84028 0.45 4.8624803 0.4277997 50 P 0
L 4.8456667 1.64951 4.8456667 1.653447 47 P 0
L 4.8456667 1.653447 4.8674305 1.6752108 47 P 0
L 4.85 0.5249016 4.8643701 0.5249016 50 P 0
L 4.85 0.64006 4.85 0.6500985 50 P 0
L 4.85 0.6500985 4.85 0.8875 50 P 0
L 4.85 0.8875 4.85 0.975 48 P 0
L 4.85 1.6752108 4.8622892 1.6875 47 P 0
L 4.85 1.7 4.875 1.7 47 P 0
L 4.85 1.725 4.8625 1.7375 47 P 0
L 4.85 1.75 4.9625 1.75 47 P 0
L 4.85 2.4875 4.8987835 2.4875 50 P 0
L 4.85 3.525 4.8500001 3.5249999 50 P 0
L 4.8500001 3.2145672 4.9229328 3.2145672 50 P 0
L 4.8500001 3.4854334 4.8500001 3.5249999 50 P 0
L 4.8566951 2.66201 4.875 2.6803149 47 P 0
L 4.8622892 1.6875 4.8875 1.6875 47 P 0
L 4.8622892 1.7125 4.8747892 1.725 47 P 0
L 4.8624803 0.26843 4.91875 0.3246997 50 P 0
L 4.8624803 0.3864221 4.8624803 0.4277997 50 P 0
L 4.8625 1.7375 4.975 1.7375 47 P 0
L 4.8643701 0.5249016 4.9804724 0.4087993 50 P 0
L 4.8661365 0.47579 4.91875 0.4231765 50 P 0
L 4.8674305 1.6752108 4.9 1.6752108 47 P 0
L 4.87421 1.05704 4.87421 1.1469509 48 P 0
L 4.87421 1.05704 4.8875 1.04375 48 P 0
L 4.87421 1.19951 4.87421 1.202069 48 P 0
L 4.87421 1.202069 4.87421 1.3007541 48 P 0
L 4.87421 1.3007541 4.9015092 1.3280533 48 P 0
L 4.8747892 1.725 4.9875 1.725 47 P 0
L 4.875 1.7 4.8875 1.7125 47 P 0
L 4.875 2.6803149 4.875 2.8374015 47 P 0
L 4.8854766 2.2270234 4.8875 2.225 47 P 0
L 4.8875 1.04375 5.0625 1.04375 48 P 0
L 4.8875 1.6875 4.9 1.7 47 P 0
L 4.8875 1.7125 5 1.7125 47 P 0
L 4.8961588 2.65 4.9124015 2.6662427 47 P 0
L 4.8987835 2.4875 4.925 2.4612835 50 P 0
L 4.9 1.6752108 4.9122892 1.6875 47 P 0
L 4.9 1.7 5.0125 1.7 47 P 0
L 4.9015092 1.3280533 4.92421 1.3280533 48 P 0
L 4.9027533 1.64951 4.9027533 1.653447 47 P 0
L 4.9027533 1.64951 4.92766 1.64951 48 P 0
L 4.9027533 1.653447 4.9245171 1.6752108 47 P 0
L 4.9098399 1.3714943 4.9098399 1.39951 48 P 0
L 4.9098399 1.3714943 4.92421 1.3571242 48 P 0
L 4.90984 1.39951 4.90984 1.43514 48 P 0
L 4.90984 1.43514 4.93858 1.46388 48 P 0
L 4.9122892 1.6875 5.025 1.6875 47 P 0
L 4.9124015 2.6662427 4.9124015 2.7625984 47 P 0
L 4.9124015 2.7625984 4.9124015 2.8124015 50 P 0
L 4.9124015 2.8124015 4.9125 2.8125 50 P 0
L 4.9125 1.00625 4.925 0.99375 48 P 0
L 4.91875 0.3246997 4.91875 0.4231765 50 P 0
L 4.9229328 3.2145672 4.925 3.2125 50 P 0
L 4.92421 1.19951 4.92421 1.26545 48 P 0
L 4.92421 1.3280533 4.92421 1.3571242 48 P 0
L 4.9245171 1.6752108 5.0377108 1.6752108 47 P 0
L 4.925 0.5122 4.925 0.7249016 50 P 0
L 4.925 0.5122 4.9719689 0.4652311 50 P 0
L 4.925 0.7249016 4.925 0.73435 50 P 0
L 4.925 0.84006 4.925 0.8500985 50 P 0
L 4.925 0.8500985 4.925 0.8875 50 P 0
L 4.925 0.8875 4.925 0.99375 48 P 0
L 4.925 2.225 4.925 2.2899607 50 P 0
L 4.925 2.4061024 4.9757244 2.4061024 50 P 0
L 4.925 2.4100394 4.925 2.4612835 50 P 0
L 4.92766 1.64951 4.9464567 1.6307133 48 P 0
L 4.9375 1.7625 4.95 1.775 47 P 0
L 4.93858 1.46388 4.93858 1.4714942 48 P 0
L 4.93858 1.4714942 4.9385801 1.4714943 48 P 0
L 4.9385801 1.4714943 4.9385801 1.49951 48 P 0
L 4.9385801 1.49951 4.9385801 1.5447226 48 P 0
L 4.9385801 1.5447226 4.9464567 1.5525992 48 P 0
L 4.9464567 1.5525992 4.9464567 1.5875 48 P 0
L 4.9464567 1.5875 4.9464567 1.6307133 48 P 0
L 4.95 1.775 5.0125 1.775 47 P 0
L 4.95 2.775 4.956004 2.775 47 P 0
L 4.956004 2.775 4.983563 2.747441 47 P 0
L 4.9625 1.75 4.975 1.7625 47 P 0
L 4.9719689 0.4652311 4.990324 0.4652311 50 P 0
L 4.97421 1.07579 4.97421 1.1469509 48 P 0
L 4.97421 1.07579 4.9875 1.0625 48 P 0
L 4.97421 1.202069 4.97421 1.3007541 48 P 0
L 4.97421 1.3007541 5.0015092 1.3280533 48 P 0
L 4.975 1.7375 4.9875 1.75 47 P 0
L 4.975 1.7625 5.025 1.7625 47 P 0
L 4.9757244 2.4061024 4.9954095 2.3864173 50 P 0
L 4.9804724 0.26843 5.0375 0.3254576 50 P 0
L 4.9804724 0.3864221 4.9804724 0.4087993 50 P 0
L 4.983563 2.747441 4.9875 2.747441 47 P 0
L 4.9875 1.025 5 1.0125 48 P 0
L 4.9875 1.0625 5.1375 1.0625 48 P 0
L 4.9875 1.725 5 1.7375 47 P 0
L 4.9875 1.75 5.0375 1.75 47 P 0
L 4.990324 0.4652311 5.0375 0.4180551 50 P 0
L 4.9954095 2.3864173 5.025 2.3864173 50 P 0
L 4.9992755 2.8025591 5.0383857 2.8025591 47 P 0
L 4.9992755 2.9761964 4.9992755 3.0168583 50 P 0
L 4.9992755 3.0168583 5.0178505 3.0354333 50 P 0
L 5 0.5249016 5.0143701 0.5249016 50 P 0
L 5 0.64006 5 0.6500985 50 P 0
L 5 0.6500985 5 0.8875 50 P 0
L 5 0.8875 5 1.0125 48 P 0
L 5 1.7125 5.0125 1.725 47 P 0
L 5 1.7375 5.05 1.7375 47 P 0
L 5 3.6625 5.0020673 3.6645673 50 P 0
L 5.0015092 1.3280533 5.02421 1.3280533 48 P 0
L 5.0020673 3.6645673 5.0750001 3.6645673 50 P 0
L 5.0035433 1.5510192 5.0035433 1.5875 48 P 0
L 5.0035433 1.5510192 5.0098399 1.5447226 48 P 0
L 5.0035433 1.5875 5.0035433 1.6322833 48 P 0
L 5.0035433 1.6322833 5.02077 1.64951 48 P 0
L 5.0098399 1.4638801 5.0098399 1.49951 48 P 0
L 5.0098399 1.4638801 5.03858 1.43514 48 P 0
L 5.0098399 1.49951 5.0098399 1.5447226 48 P 0
L 5.0125 1.7 5.025 1.7125 47 P 0
L 5.0125 1.725 5.0625 1.725 47 P 0
L 5.0125 1.775 5.025 1.7875 47 P 0
L 5.0143701 0.5249016 5.042789 0.4964827 50 P 0
L 5.0178505 3.0354333 5.0750001 3.0354333 50 P 0
L 5.02077 1.64951 5.0456667 1.64951 48 P 0
L 5.02421 1.20625 5.02421 1.26545 48 P 0
L 5.02421 1.3280533 5.02421 1.3571242 48 P 0
L 5.02421 1.3571242 5.0385801 1.3714943 48 P 0
L 5.025 1.6875 5.0375 1.7 47 P 0
L 5.025 1.7125 5.075 1.7125 47 P 0
L 5.025 1.7625 5.0375 1.775 47 P 0
L 5.025 1.7875 5.025 1.9 47 P 0
L 5.025 1.9 5.0581732 1.9331732 47 P 0
L 5.025 2.2875 5.025 2.3135827 48 P 0
L 5.025 2.2875 5.0625 2.25 48 P 0
L 5.0349409 2.6375 5.0724409 2.675 47 P 0
L 5.0375 0.3254576 5.0375 0.4180551 50 P 0
L 5.0375 1.7 5.0875 1.7 47 P 0
L 5.0375 1.75 5.05 1.7625 47 P 0
L 5.0375 1.775 5.0375 1.8916421 47 P 0
L 5.0375 1.8916421 5.07 1.9241421 47 P 0
L 5.0377108 1.6752108 5.05 1.6875 47 P 0
L 5.0383857 2.8025591 5.0625984 2.7783464 47 P 0
L 5.03858 1.39951 5.03858 1.43514 48 P 0
L 5.0385801 1.3714943 5.0385801 1.39951 48 P 0
L 5.042789 0.463461 5.042789 0.4964827 50 P 0
L 5.042789 0.463461 5.0984646 0.4077854 50 P 0
L 5.0456667 1.64951 5.0456667 1.653447 47 P 0
L 5.0456667 1.653447 5.0674305 1.6752108 47 P 0
L 5.05 1.6875 5.1027533 1.6875 47 P 0
L 5.05 1.7375 5.0625 1.75 47 P 0
L 5.05 1.7625 5.05 1.89 47 P 0
L 5.05 1.89 5.08 1.92 47 P 0
L 5.0581732 1.9331732 5.0581732 2.0781732 47 P 0
L 5.0581732 2.0781732 5.0704527 2.0904527 47 P 0
L 5.0625 1.04375 5.075 1.03125 48 P 0
L 5.0625 1.725 5.075 1.7375 47 P 0
L 5.0625 1.75 5.0625 1.885 47 P 0
L 5.0625 1.885 5.09 1.9125 47 P 0
L 5.0625 2.25 5.1 2.25 48 P 0
L 5.0625984 2.7625984 5.0625984 2.7783464 47 P 0
L 5.067189 0.8875 5.075 0.879689 50 P 0
L 5.067189 0.8875 5.075 0.8875 50 P 0
L 5.0674305 1.6752108 5.110375 1.6752108 47 P 0
L 5.07 1.9241421 5.07 2.014551 47 P 0
L 5.07 2.014551 5.1065316 2.0510826 47 P 0
L 5.0704527 2.0904527 5.1380906 2.0904527 47 P 0
L 5.0724409 2.675 5.1123597 2.675 47 P 0
L 5.07421 1.09454 5.07421 1.1469509 48 P 0
L 5.07421 1.09454 5.0875 1.08125 48 P 0
L 5.07421 1.202069 5.07421 1.3007541 48 P 0
L 5.07421 1.3007541 5.1015092 1.3280533 48 P 0
L 5.075 0.5 5.075 0.7249016 50 P 0
L 5.075 0.5 5.1572343 0.4177657 50 P 0
L 5.075 0.7249016 5.075 0.73435 50 P 0
L 5.075 0.8500985 5.075 0.879689 50 P 0
L 5.075 0.8875 5.075 1.03125 48 P 0
L 5.075 1.7125 5.0875 1.725 47 P 0
L 5.075 1.7375 5.075 1.8786023 47 P 0
L 5.075 1.8786023 5.1 1.9036023 47 P 0
L 5.075 3.5249999 5.0750001 3.5249998 50 P 0
L 5.0750001 3.2145672 5.1479328 3.2145672 50 P 0
L 5.0750001 3.4854334 5.0750001 3.5249998 50 P 0
L 5.0761811 2.625 5.096063 2.6448819 47 P 0
L 5.08 1.92 5.08 1.9851809 47 P 0
L 5.08 1.9851809 5.1065316 2.0117125 47 P 0
L 5.08 2.0572298 5.0935402 2.07077 47 P 0
L 5.0875 1.08125 5.2125 1.08125 48 P 0
L 5.0875 1.7 5.1 1.7125 47 P 0
L 5.0875 1.725 5.0875 1.8740649 47 P 0
L 5.0875 1.8740649 5.1070351 1.8936 47 P 0
L 5.09 1.9125 5.09 1.9558109 47 P 0
L 5.09 1.9558109 5.1065316 1.9723425 47 P 0
L 5.0935402 2.07077 5.13612 2.07077 47 P 0
L 5.096063 2.6448819 5.1 2.6448819 47 P 0
L 5.0984646 0.26843 5.1572343 0.3271997 50 P 0
L 5.0984646 0.3864221 5.0984646 0.4077854 50 P 0
L 5.1 1.7125 5.1 1.849311 47 P 0
L 5.1 1.849311 5.104919 1.85423 47 P 0
L 5.1 1.9036023 5.1 1.9268235 47 P 0
L 5.1 1.9268235 5.1061465 1.93297 47 P 0
L 5.1 2.1166693 5.1 2.25 48 P 0
L 5.1 2.1166693 5.1065316 2.1101377 48 P 0
L 5.1 2.25 5.1 2.2958661 48 P 0
L 5.1 2.4041338 5.1088582 2.4041338 48 P 0
L 5.1 2.7 5.1 2.8374015 47 P 0
L 5.1015092 1.3280533 5.12421 1.3280533 48 P 0
L 5.1027533 1.64951 5.1027533 1.653447 47 P 0
L 5.1027533 1.64951 5.12549 1.64951 48 P 0
L 5.1027533 1.653447 5.1245171 1.6752108 47 P 0
L 5.1027533 1.6875 5.1380906 1.7228373 47 P 0
L 5.104919 1.85423 5.13612 1.85423 47 P 0
L 5.1061465 1.93297 5.13612 1.93297 47 P 0
L 5.1065316 1.9723425 5.1380906 1.9723425 47 P 0
L 5.1065316 2.0117125 5.1380906 2.0117125 47 P 0
L 5.1065316 2.0510826 5.1380906 2.0510826 47 P 0
L 5.1065316 2.1101377 5.1380906 2.1101377 48 P 0
L 5.1070351 1.8936 5.13612 1.8936 47 P 0
L 5.1088582 2.4041338 5.139433 2.4041338 48 P 0
L 5.1088582 2.4041338 5.175 2.4702756 48 P 0
L 5.1098399 1.3714943 5.1098399 1.39951 48 P 0
L 5.1098399 1.3714943 5.12421 1.3571242 48 P 0
L 5.10984 1.39951 5.10984 1.43514 48 P 0
L 5.10984 1.43514 5.1385801 1.4638801 48 P 0
L 5.110375 1.6752108 5.1226642 1.6875 47 P 0
L 5.1123597 2.675 5.1374015 2.7000418 47 P 0
L 5.1226642 1.6875 5.225 1.6875 47 P 0
L 5.12421 1.20704 5.12421 1.2709667 48 P 0
L 5.12421 1.20704 5.125 1.20625 48 P 0
L 5.12421 1.3280533 5.12421 1.3571242 48 P 0
L 5.1245171 1.6752108 5.2491308 1.6752108 47 P 0
L 5.125 2.203571 5.125 2.225 47 P 0
L 5.125 2.203571 5.1730355 2.1555355 47 P 0
L 5.12549 1.64951 5.1464567 1.6285433 48 P 0
L 5.13612 1.83455 5.1875 1.83455 47 P 0
L 5.13612 1.87392 5.17392 1.87392 47 P 0
L 5.13612 1.91329 5.16954 1.91329 47 P 0
L 5.13612 1.95266 5.17141 1.95266 47 P 0
L 5.13612 1.99203 5.17328 1.99203 47 P 0
L 5.13612 2.0314 5.18735 2.0314 47 P 0
L 5.1374015 2.7000418 5.1374015 2.7625984 47 P 0
L 5.1374015 2.7625984 5.1374015 2.8124015 50 P 0
L 5.1374015 2.8124015 5.1375 2.8125 50 P 0
L 5.1375 1.0625 5.15 1.05 48 P 0
L 5.1380906 1.7228373 5.1380906 1.8148622 47 P 0
L 5.1385801 1.4638801 5.1385801 1.49951 48 P 0
L 5.1385801 1.49951 5.1385801 1.5447226 48 P 0
L 5.1385801 1.5447226 5.1464567 1.5525992 48 P 0
L 5.139433 2.4041338 5.1486142 2.3949526 48 P 0
L 5.14016 2.6125 5.15266 2.625 47 P 0
L 5.1464567 1.5525992 5.1464567 1.5875 48 P 0
L 5.1464567 1.5875 5.1464567 1.6285433 48 P 0
L 5.1479328 3.2145672 5.15 3.2125 50 P 0
L 5.1486142 2.2638858 5.1486142 2.3949526 48 P 0
L 5.1486142 2.2638858 5.175 2.2375 48 P 0
L 5.15 0.4887685 5.15 0.5249016 50 P 0
L 5.15 0.4887685 5.216496 0.4222725 50 P 0
L 5.15 0.6500985 5.15 0.8875 50 P 0
L 5.15 0.8875 5.15 1.05 48 P 0
L 5.15 2.6 5.1625 2.6125 47 P 0
L 5.15266 2.625 5.2474409 2.625 47 P 0
L 5.15453 2.5875 5.16703 2.6 47 P 0
L 5.1560692 2.2130631 5.1830355 2.1860968 47 P 0
L 5.1572343 0.3271997 5.1572343 0.4177657 50 P 0
L 5.1625 2.5755 5.1745 2.5875 47 P 0
L 5.1625 2.6125 5.3103976 2.6125 47 P 0
L 5.16703 2.6 5.4474409 2.6 47 P 0
L 5.1685579 2.563153 5.1809049 2.5755 47 P 0
L 5.16954 1.91329 5.18125 1.925 47 P 0
L 5.17141 1.95266 5.18125 1.9625 47 P 0
L 5.172441 2.2790984 5.1782835 2.2849409 47 P 0
L 5.172441 2.3125 5.172441 2.316437 47 P 0
L 5.172441 2.316437 5.196063 2.340059 47 P 0
L 5.1730355 2.1142571 5.1730355 2.1555355 47 P 0
L 5.1730355 2.1142571 5.2125 2.0747926 47 P 0
L 5.17328 1.99203 5.18125 2 47 P 0
L 5.17392 1.87392 5.1875 1.8875 47 P 0
L 5.17421 1.11329 5.17421 1.1469509 48 P 0
L 5.17421 1.11329 5.1875 1.1 48 P 0
L 5.17421 1.202069 5.17421 1.3007541 48 P 0
L 5.17421 1.3007541 5.2015092 1.3280533 48 P 0
L 5.1745 2.5875 5.5103976 2.5875 47 P 0
L 5.175 2.2375 5.2375 2.2375 48 P 0
L 5.175 2.4702756 5.175 2.48125 48 P 0
L 5.175 2.55 5.18701 2.56201 47 P 0
L 5.175 2.775 5.181004 2.775 47 P 0
L 5.1782835 2.2849409 5.2 2.2849409 47 P 0
L 5.1791421 2.54 5.1888469 2.5497048 47 P 0
L 5.1809049 2.5755 5.6582781 2.5755 47 P 0
L 5.181004 2.775 5.208563 2.747441 47 P 0
L 5.18125 1.925 5.1875 1.925 47 P 0
L 5.18125 1.9625 5.1875 1.9625 47 P 0
L 5.18125 2 5.1875 2 47 P 0
L 5.1830355 2.1183992 5.1830355 2.1860968 47 P 0
L 5.1830355 2.1183992 5.2225 2.0789347 47 P 0
L 5.18701 2.56201 5.7129077 2.56201 47 P 0
L 5.18735 2.0314 5.1875 2.03125 47 P 0
L 5.1875 1.1 5.2875 1.1 48 P 0
L 5.1875 2.2125 5.1930355 2.2069645 47 P 0
L 5.1888469 2.5497048 5.85 2.5497048 47 P 0
L 5.1930355 2.1225413 5.1930355 2.2069645 47 P 0
L 5.1930355 2.1225413 5.2325 2.0830768 47 P 0
L 5.196063 2.340059 5.2 2.340059 47 P 0
L 5.2 2.34203 5.2 2.38297 47 P 0
L 5.2 2.446309 5.203937 2.446309 47 P 0
L 5.2015092 1.3280533 5.22421 1.3280533 48 P 0
L 5.2035433 1.5510192 5.2035433 1.5875 48 P 0
L 5.2035433 1.5510192 5.2098399 1.5447226 48 P 0
L 5.2035433 1.5875 5.2035433 1.6322833 48 P 0
L 5.2035433 1.6322833 5.22077 1.64951 48 P 0
L 5.203937 2.446309 5.2185269 2.4608989 47 P 0
L 5.208563 2.747441 5.2125 2.747441 47 P 0
L 5.2098399 1.4638801 5.2098399 1.49951 48 P 0
L 5.2098399 1.4638801 5.23858 1.43514 48 P 0
L 5.2098399 1.49951 5.2098399 1.5447226 48 P 0
L 5.2125 1.08125 5.225 1.06875 48 P 0
L 5.2125 1.775 5.2125 2.0747926 47 P 0
L 5.2125 1.775 5.21486 1.77264 47 P 0
L 5.2125 2.5125 5.275 2.5125 47 P 0
L 5.21486 1.73612 5.21486 1.77264 47 P 0
L 5.2148623 2.1375 5.2148623 2.1869094 48 P 0
L 5.216496 0.26843 5.27421 0.326144 50 P 0
L 5.216496 0.3864221 5.216496 0.4222725 50 P 0
L 5.2185269 2.4608989 5.2358989 2.4608989 47 P 0
L 5.22077 1.64951 5.2456667 1.64951 48 P 0
L 5.2225 1.8025 5.2225 2.0789347 47 P 0
L 5.2225 1.8025 5.25423 1.77077 47 P 0
L 5.22421 1.20625 5.22421 1.26545 48 P 0
L 5.22421 1.3280533 5.22421 1.3571242 48 P 0
L 5.22421 1.3571242 5.2385801 1.3714943 48 P 0
L 5.225 0.4864174 5.225 0.7249016 50 P 0
L 5.225 0.4864174 5.27421 0.4372074 50 P 0
L 5.225 0.7249016 5.225 0.73435 50 P 0
L 5.225 0.8500985 5.225 0.8875 50 P 0
L 5.225 0.8875 5.225 1.06875 48 P 0
L 5.225 1.6875 5.2345473 1.6970473 47 P 0
L 5.225 2.8025591 5.2658086 2.8025591 47 P 0
L 5.225 2.975 5.225 3.0175828 50 P 0
L 5.225 3.0175828 5.2428505 3.0354333 50 P 0
L 5.225 3.6625 5.2270673 3.6645673 50 P 0
L 5.2270673 3.6645673 5.3000001 3.6645673 50 P 0
L 5.2325 1.83 5.2325 2.0830768 47 P 0
L 5.2325 1.83 5.2936 1.7689 47 P 0
L 5.2345473 1.6970473 5.2345473 1.7380905 47 P 0
L 5.2345473 2.1515111 5.2345473 2.1869094 48 P 0
L 5.2345473 2.1515111 5.2386891 2.1473693 48 P 0
L 5.23455 1.7125 5.23455 1.73612 47 P 0
L 5.2358989 2.4608989 5.2375 2.4625 47 P 0
L 5.2375 2.2375 5.2375 2.3466841 48 P 0
L 5.2375 2.2375 5.30625 2.2375 48 P 0
L 5.2375 2.3466841 5.2946427 2.4038268 48 P 0
L 5.23858 1.39951 5.23858 1.43514 48 P 0
L 5.2385801 1.3714943 5.2385801 1.39951 48 P 0
L 5.2386891 2.1363109 5.2386891 2.1473693 48 P 0
L 5.2386891 2.1363109 5.25 2.125 48 P 0
L 5.2428505 3.0354333 5.3000001 3.0354333 50 P 0
L 5.2456667 1.64951 5.26826 1.64951 47 P 0
L 5.2474409 2.625 5.2974409 2.675 47 P 0
L 5.2491308 1.6752108 5.27392 1.7 47 P 0
L 5.25 2.1 5.25 2.125 48 P 0
L 5.25423 1.73612 5.25423 1.77077 47 P 0
L 5.25423 2.1445809 5.25423 2.18888 48 P 0
L 5.25423 2.1445809 5.2875 2.1113109 48 P 0
L 5.2658086 2.8025591 5.273449 2.7949187 47 P 0
L 5.26826 1.64951 5.2788372 1.6600872 47 P 0
L 5.273449 2.7929858 5.273449 2.7949187 47 P 0
L 5.273449 2.7929858 5.2880884 2.7783464 47 P 0
L 5.27392 1.7 5.27392 1.73612 47 P 0
L 5.27392 2.1519109 5.27392 2.18888 48 P 0
L 5.27392 2.1519109 5.2883309 2.1375 48 P 0
L 5.27421 0.326144 5.27421 0.4372074 50 P 0
L 5.27421 1.14498 5.275 1.14419 48 P 0
L 5.27421 1.1469509 5.278147 1.1469509 48 P 0
L 5.27421 1.202069 5.27421 1.3007541 48 P 0
L 5.27421 1.3007541 5.3015092 1.3280533 48 P 0
L 5.275 2.25625 5.275 2.28297 47 P 0
L 5.275 2.343996 5.3127716 2.343996 47 P 0
L 5.275 2.5125 5.32047 2.5125 47 P 0
L 5.278147 1.1469509 5.3063479 1.11875 48 P 0
L 5.2788372 1.6600872 5.2788372 1.6725872 47 P 0
L 5.2788372 1.6725872 5.31329 1.70704 47 P 0
L 5.2875 1.1 5.3 1.0875 48 P 0
L 5.2875 1.825 5.47795 1.825 47 P 0
L 5.2875 2.1 5.2875 2.1113109 48 P 0
L 5.2880884 2.7625984 5.2880884 2.7783464 47 P 0
L 5.2883309 2.1375 5.3125 2.1375 48 P 0
L 5.2936 1.73612 5.2936 1.7689 47 P 0
L 5.2936024 2.1869094 5.3132875 2.1869094 48 P 0
L 5.2946427 2.4038268 5.4399232 2.4038268 48 P 0
L 5.2974409 2.675 5.352559 2.675 47 P 0
L 5.3 0.4953111 5.3 0.5249016 50 P 0
L 5.3 0.4953111 5.3344882 0.4608229 50 P 0
L 5.3 0.6500985 5.3 0.8875 50 P 0
L 5.3 0.8875 5.3 1.0875 48 P 0
L 5.3 3.5625 5.3000001 3.5624999 50 P 0
L 5.3000001 3.2145672 5.3729328 3.2145672 50 P 0
L 5.3000001 3.4854334 5.3000001 3.5624999 50 P 0
L 5.3015092 1.3280533 5.32421 1.3280533 48 P 0
L 5.3027533 1.64951 5.32766 1.64951 48 P 0
L 5.30625 2.2375 5.31329 2.23046 48 P 0
L 5.30625 2.2625 5.30625 2.3374744 47 P 0
L 5.30625 2.2625 5.33297 2.23578 47 P 0
L 5.30625 2.3374744 5.3127716 2.343996 47 P 0
L 5.3063479 1.11875 5.3625 1.11875 48 P 0
L 5.3098399 1.3714943 5.3098399 1.39951 48 P 0
L 5.3098399 1.3714943 5.32421 1.3571242 48 P 0
L 5.30984 1.39951 5.30984 1.43514 48 P 0
L 5.30984 1.43514 5.33858 1.46388 48 P 0
L 5.3103976 2.6125 5.325 2.6271024 47 P 0
L 5.3127716 2.343996 5.3127717 2.3439961 47 P 0
L 5.3127717 2.3439961 5.3344882 2.3439961 47 P 0
L 5.31329 1.70704 5.31329 1.73612 47 P 0
L 5.31329 2.18888 5.31329 2.23046 48 P 0
L 5.32421 1.20753 5.32421 1.2709667 48 P 0
L 5.32421 1.20753 5.32549 1.20625 48 P 0
L 5.32421 1.3280533 5.32421 1.3571242 48 P 0
L 5.325 2.6271024 5.325 2.6448819 47 P 0
L 5.325 2.7 5.325 2.8053525 47 P 0
L 5.325 2.8053525 5.32549 2.8058425 47 P 0
L 5.32549 2.8058425 5.32549 2.8374015 47 P 0
L 5.32766 1.64951 5.32766 1.65 47 P 0
L 5.32766 1.64951 5.3464567 1.6307133 48 P 0
L 5.32766 1.65 5.35266 1.675 47 P 0
L 5.33297 1.73612 5.33297 1.77047 47 P 0
L 5.33297 1.77047 5.35 1.7875 47 P 0
L 5.33297 2.18888 5.33297 2.23578 47 P 0
L 5.3344882 0.26843 5.3919265 0.3258683 50 P 0
L 5.3344882 0.3864221 5.3344882 0.4608229 50 P 0
L 5.3344882 2.2710985 5.3344882 2.288878 47 P 0
L 5.3344882 2.2710985 5.3526575 2.2529292 47 P 0
L 5.33858 1.46388 5.33858 1.4714942 48 P 0
L 5.33858 1.4714942 5.3385801 1.4714943 48 P 0
L 5.3385801 1.4714943 5.3385801 1.49951 48 P 0
L 5.3385801 1.49951 5.3385801 1.5447226 48 P 0
L 5.3385801 1.5447226 5.3464567 1.5525992 48 P 0
L 5.3464567 1.5525992 5.3464567 1.5875 48 P 0
L 5.3464567 1.5875 5.3464567 1.6307133 48 P 0
L 5.35 2.365844 5.35 2.38 47 P 0
L 5.35 2.365844 5.3592048 2.3566392 47 P 0
L 5.352559 2.675 5.3628915 2.6853325 47 P 0
L 5.3526575 2.1869094 5.3526575 2.2529292 47 P 0
L 5.35266 1.675 5.35266 1.73612 47 P 0
L 5.3592048 2.2984232 5.3592048 2.3566392 47 P 0
L 5.3592048 2.2984232 5.3596782 2.2984232 47 P 0
L 5.3596782 2.2984232 5.3692235 2.2888779 47 P 0
L 5.3625 1.11875 5.375 1.10625 48 P 0
L 5.3628915 2.6853325 5.3628915 2.7625984 47 P 0
L 5.3628915 2.7625984 5.3628915 2.8121085 50 P 0
L 5.3692235 2.2888779 5.39094 2.2888779 47 P 0
L 5.37234 1.73612 5.37234 1.77234 47 P 0
L 5.37234 1.77234 5.3727223 1.77234 47 P 0
L 5.3723426 2.1869094 5.3723426 2.2184684 47 P 0
L 5.3723426 2.2184684 5.39094 2.2370658 47 P 0
L 5.3727223 1.77234 5.3878823 1.7875 47 P 0
L 5.3729328 3.2145672 5.375 3.2125 50 P 0
L 5.3732257 2.512502 5.4046594 2.512502 47 P 0
L 5.37421 0.47579 5.375 0.47658 50 P 0
L 5.37421 0.47579 5.3919265 0.4580735 50 P 0
L 5.37421 1.1469509 5.4155491 1.1469509 48 P 0
L 5.37421 1.202069 5.37421 1.3007541 48 P 0
L 5.37421 1.3007541 5.4015092 1.3280533 48 P 0
L 5.3749664 0.7249017 5.375 0.73435 50 P 0
L 5.375 0.47658 5.375 0.7249016 50 P 0
L 5.375 0.8500985 5.375 0.8875 50 P 0
L 5.375 0.8875 5.375 1.10625 48 P 0
L 5.39094 2.2370658 5.39094 2.2888779 47 P 0
L 5.39094 2.343996 5.39094 2.38 47 P 0
L 5.3919265 0.3258683 5.3919265 0.4580735 50 P 0
L 5.3920276 2.124 5.3920276 2.1869094 51 P 0
L 5.39203 1.675 5.39203 1.73612 47 P 0
L 5.39203 1.675 5.41752 1.64951 47 P 0
L 5.4 2.775 5.406004 2.775 47 P 0
L 5.4015092 1.3280533 5.42421 1.3280533 48 P 0
L 5.4035433 1.5510192 5.4035433 1.5875 48 P 0
L 5.4035433 1.5510192 5.4098399 1.5447226 48 P 0
L 5.4035433 1.5875 5.4035433 1.6322833 48 P 0
L 5.4035433 1.6322833 5.42077 1.64951 48 P 0
L 5.4046594 2.512502 5.4046614 2.5125 47 P 0
L 5.4046614 2.5125 5.4224409 2.5125 47 P 0
L 5.406004 2.775 5.433563 2.747441 47 P 0
L 5.4098399 1.4638801 5.4098399 1.49951 48 P 0
L 5.4098399 1.4638801 5.43858 1.43514 48 P 0
L 5.4098399 1.49951 5.4098399 1.5447226 48 P 0
L 5.4117126 1.7380905 5.4117126 1.7742126 47 P 0
L 5.4117126 1.7742126 5.425 1.7875 47 P 0
L 5.4155491 1.1469509 5.45 1.1125 48 P 0
L 5.41752 1.64951 5.42077 1.64951 47 P 0
L 5.42077 1.64951 5.4456667 1.64951 48 P 0
L 5.422 2.243 5.437 2.243 47 P 0
L 5.42421 1.20625 5.42421 1.26545 48 P 0
L 5.42421 1.3280533 5.42421 1.3571242 48 P 0
L 5.42421 1.3571242 5.4385801 1.3714943 48 P 0
L 5.4314 1.7 5.4314 1.73612 47 P 0
L 5.4314 1.7 5.4439 1.6875 47 P 0
L 5.433563 2.747441 5.4375 2.747441 47 P 0
L 5.437 2.243 5.45108 2.22892 47 P 0
L 5.43858 1.39951 5.43858 1.43514 48 P 0
L 5.4385801 1.3714943 5.4385801 1.39951 48 P 0
L 5.4399232 2.4038268 5.4525 2.39125 48 P 0
L 5.4439 1.6875 5.4687003 1.6875 47 P 0
L 5.4474409 2.6 5.5224409 2.675 47 P 0
L 5.45 0.3889024 5.45 0.5249016 50 P 0
L 5.45 0.3889024 5.4524803 0.3864221 50 P 0
L 5.45 0.6500985 5.45 0.8875 50 P 0
L 5.45 0.8875 5.45 1.1125 48 P 0
L 5.45 2.975 5.45 3.0175828 50 P 0
L 5.45 3.0175828 5.4678505 3.0354333 50 P 0
L 5.45 3.6625 5.4520673 3.6645673 50 P 0
L 5.45108 1.73612 5.45108 1.7820865 47 P 0
L 5.45108 1.7820865 5.4564935 1.7875 47 P 0
L 5.45108 2.18888 5.45108 2.22892 47 P 0
L 5.4510827 2.8025591 5.4883857 2.8025591 47 P 0
L 5.4520673 3.6645673 5.5242101 3.6645673 50 P 0
L 5.4524803 0.26843 5.5125 0.3284497 50 P 0
L 5.4525 2.2629291 5.4525 2.2846456 48 P 0
L 5.4525 2.2629291 5.47077 2.2446591 48 P 0
L 5.4525 2.3653543 5.4525 2.39125 48 P 0
L 5.4525 2.3653543 5.4633268 2.3653543 48 P 0
L 5.4633268 2.3653543 5.4875 2.3895275 48 P 0
L 5.4633268 2.3653543 5.5225 2.3653543 48 P 0
L 5.4678505 3.0354333 5.5250001 3.0354333 50 P 0
L 5.4687003 1.6875 5.5027533 1.653447 47 P 0
L 5.4707678 1.7065315 5.4707678 1.7380905 47 P 0
L 5.4707678 1.7065315 5.4897993 1.6875 47 P 0
L 5.47077 1.7125 5.47077 1.73612 47 P 0
L 5.47077 2.18888 5.47077 2.24173 48 P 0
L 5.47077 2.24173 5.47077 2.2446591 48 P 0
L 5.47421 1.1469509 5.478147 1.1469509 48 P 0
L 5.47421 1.202069 5.47421 1.3007541 48 P 0
L 5.47421 1.3007541 5.5015092 1.3280533 48 P 0
L 5.47795 1.825 5.5101378 1.8571878 47 P 0
L 5.478147 1.1469509 5.525 1.1000979 48 P 0
L 5.47953 2.5125 5.55 2.5125 47 P 0
L 5.4875 2.3895275 5.4875 2.4125 48 P 0
L 5.4883857 2.8025591 5.5125984 2.7783464 47 P 0
L 5.4897993 1.6875 5.5375 1.6875 47 P 0
L 5.49045 1.73612 5.49045 1.7717 47 P 0
L 5.49045 1.7717 5.5008365 1.7820865 47 P 0
L 5.49045 2.09705 5.49045 2.217159 48 P 0
L 5.49045 2.217159 5.5225 2.249209 48 P 0
L 5.5008365 1.7820865 5.5375 1.7820865 47 P 0
L 5.5015092 1.3280533 5.52421 1.3280533 48 P 0
L 5.5027533 1.64951 5.5027533 1.653447 47 P 0
L 5.5027533 1.64951 5.52549 1.64951 48 P 0
L 5.5098399 1.3714943 5.5098399 1.39951 48 P 0
L 5.5098399 1.3714943 5.52421 1.3571242 48 P 0
L 5.50984 1.39951 5.50984 1.43514 48 P 0
L 5.50984 1.43514 5.5385801 1.4638801 48 P 0
L 5.5101378 1.7380905 5.5994095 1.7380905 47 P 0
L 5.5101378 1.8571878 5.5101378 2.0858701 47 P 0
L 5.5101378 2.0858701 5.5122768 2.0880091 47 P 0
L 5.5101378 2.1082299 5.5101378 2.1869094 47 P 0
L 5.5101378 2.1082299 5.5122768 2.1060909 47 P 0
L 5.51014 2.18888 5.51152 2.1875 47 P 0
L 5.5103976 2.5875 5.55 2.6271024 47 P 0
L 5.5122768 2.0880091 5.5122768 2.1060909 47 P 0
L 5.5125 0.3284497 5.5125 0.4491132 50 P 0
L 5.5125 0.4491132 5.525 0.4616132 50 P 0
L 5.5125 2.29094 5.5225 2.28094 48 P 0
L 5.5125984 2.7625984 5.5125984 2.7783464 47 P 0
L 5.5224409 2.675 5.577559 2.675 47 P 0
L 5.5225 2.249209 5.5225 2.28094 48 P 0
L 5.5225 2.249209 5.544209 2.249209 47 P 0
L 5.5225 2.3653543 5.5956595 2.3653543 48 P 0
L 5.52421 1.20625 5.52421 1.26545 48 P 0
L 5.52421 1.3280533 5.52421 1.3571242 48 P 0
L 5.5242101 3.4854334 5.5242101 3.5867101 50 P 0
L 5.5242101 3.5867101 5.525 3.5875 50 P 0
L 5.5249664 0.7249017 5.525 0.73435 50 P 0
L 5.525 0.4616132 5.525 0.7249016 50 P 0
L 5.525 0.8500985 5.525 0.8875 50 P 0
L 5.525 0.8875 5.525 1.1000979 48 P 0
L 5.5250001 3.2145672 5.5979328 3.2145672 50 P 0
L 5.52549 1.64951 5.5469467 1.6280533 48 P 0
L 5.5375 1.6875 5.57549 1.64951 47 P 0
L 5.5375 1.8327127 5.5375 1.909807 47 P 0
L 5.5375 1.8327127 5.5553505 1.8148622 47 P 0
L 5.5385801 1.4638801 5.5385801 1.49951 48 P 0
L 5.5385801 1.49951 5.5385801 1.5447226 48 P 0
L 5.5385801 1.5447226 5.5469467 1.5530892 48 P 0
L 5.540193 1.9875 5.5553505 1.9723425 47 P 0
L 5.544209 2.249209 5.5601162 2.2651162 47 P 0
L 5.5469467 1.5530892 5.5469467 1.5875 48 P 0
L 5.5469467 1.5875 5.5469467 1.6280533 48 P 0
L 5.55 2.5125 5.7 2.5125 47 P 0
L 5.55 2.6271024 5.55 2.6448819 47 P 0
L 5.55 2.7 5.55 2.8374015 47 P 0
L 5.5553505 1.8148622 5.5869095 1.8148622 47 P 0
L 5.5553505 1.9723425 5.5869095 1.9723425 47 P 0
L 5.5601162 2.2651162 5.5601162 2.3051162 47 P 0
L 5.5601162 2.3051162 5.58 2.325 47 P 0
L 5.565 2.2266323 5.565 2.2316323 48 P 0
L 5.565 2.2266323 5.5869095 2.2047228 48 P 0
L 5.5675197 0.3893748 5.5675197 0.4425197 50 P 0
L 5.5675197 0.3893748 5.5704724 0.3864221 50 P 0
L 5.5675197 0.4425197 5.6 0.475 50 P 0
L 5.5704724 0.26843 5.6277559 0.3257135 50 P 0
L 5.57421 1.1469509 5.578147 1.1469509 48 P 0
L 5.57421 1.202069 5.57421 1.3007541 48 P 0
L 5.57421 1.3007541 5.6015092 1.3280533 48 P 0
L 5.57549 1.64951 5.62077 1.64951 47 P 0
L 5.577559 2.675 5.5874015 2.6848425 47 P 0
L 5.578147 1.1469509 5.6 1.1250979 48 P 0
L 5.58 2.325 5.6158677 2.325 47 P 0
L 5.5869095 1.8345472 5.6184685 1.8345472 47 P 0
L 5.5869095 1.8542322 5.6332678 1.8542322 47 P 0
L 5.5869095 1.9132874 5.6511697 1.9132874 47 P 0
L 5.5869095 1.9329724 5.6454724 1.9329724 48 P 0
L 5.5869095 2.0510826 5.6323202 2.0510826 47 P 0
L 5.5869095 2.0904527 5.6184685 2.0904527 47 P 0
L 5.5869095 2.1101377 5.5869095 2.2047228 48 P 0
L 5.5869095 2.2047228 5.5956595 2.2134728 48 P 0
L 5.5874015 2.6848425 5.5874015 2.7625984 47 P 0
L 5.5874015 2.7625984 5.5874015 2.8124015 50 P 0
L 5.5874015 2.8124015 5.5875 2.8125 50 P 0
L 5.58888 1.87392 5.64483 1.87392 47 P 0
L 5.58888 1.8936 5.66235 1.8936 47 P 0
L 5.58888 1.91329 5.5911668 1.9155768 47 P 0
L 5.58888 1.95266 5.63484 1.95266 47 P 0
L 5.58888 1.99203 5.690598 1.99203 47 P 0
L 5.58888 2.01171 5.61954 2.01171 47 P 0
L 5.58888 2.0314 5.6311 2.0314 47 P 0
L 5.58888 2.05108 5.5899334 2.0500266 47 P 0
L 5.58888 2.07077 5.6413337 2.07077 47 P 0
L 5.5956595 2.2134728 5.5956595 2.2846456 48 P 0
L 5.5979328 3.2145672 5.6 3.2125 50 P 0
L 5.5994095 1.7380905 5.65 1.6875 47 P 0
L 5.6 0.475 5.6 0.5249016 50 P 0
L 5.6 0.6500985 5.6 0.8875 50 P 0
L 5.6 0.8875 5.6 1.1250979 48 P 0
L 5.6015092 1.3280533 5.62421 1.3280533 48 P 0
L 5.6040333 1.5505292 5.6040333 1.5875 48 P 0
L 5.6040333 1.5505292 5.6098399 1.5447226 48 P 0
L 5.6040333 1.5875 5.6040333 1.6327733 48 P 0
L 5.6040333 1.6327733 5.62077 1.64951 48 P 0
L 5.6081732 2.1409591 5.6081732 2.2140409 47 P 0
L 5.6081732 2.1409591 5.6209591 2.1281732 47 P 0
L 5.6081732 2.2140409 5.6623055 2.2681732 47 P 0
L 5.6098399 1.4638801 5.6098399 1.49951 48 P 0
L 5.6098399 1.4638801 5.63858 1.43514 48 P 0
L 5.6098399 1.49951 5.6098399 1.5447226 48 P 0
L 5.6158677 2.325 5.6375 2.3466323 47 P 0
L 5.6184685 1.8345472 5.6643268 1.7886889 47 P 0
L 5.6184685 2.0904527 5.6217226 2.0937068 47 P 0
L 5.61954 2.01171 5.62922 2.00203 47 P 0
L 5.62077 1.64951 5.64016 1.64951 48 P 0
L 5.6209591 2.1281732 5.6293268 2.1281732 47 P 0
L 5.6217226 2.0937068 5.6625 2.0937068 47 P 0
L 5.62421 1.20704 5.62421 1.2709667 48 P 0
L 5.62421 1.20704 5.625 1.20625 48 P 0
L 5.62421 1.3280533 5.62421 1.3571242 48 P 0
L 5.62421 1.3571242 5.6385801 1.3714943 48 P 0
L 5.6250001 2.77 5.639567 2.77 47 P 0
L 5.6277559 0.3257135 5.6277559 0.43125 50 P 0
L 5.6277559 0.43125 5.675 0.4784941 50 P 0
L 5.62922 2.00203 5.7140207 2.00203 47 P 0
L 5.6293268 2.1281732 5.6413337 2.1161663 47 P 0
L 5.63 2.15 5.6487402 2.15 47 P 0
L 5.63 2.18 5.6328823 2.18 47 P 0
L 5.6311 2.0314 5.6375 2.025 47 P 0
L 5.6323202 2.0510826 5.6333762 2.0500266 47 P 0
L 5.6328823 2.18 5.6659591 2.1469232 47 P 0
L 5.6332678 1.8542322 5.65 1.8375 47 P 0
L 5.6333762 2.0500266 5.651458 2.0500266 47 P 0
L 5.63484 1.95266 5.6405 1.95832 47 P 0
L 5.6375 2.3466323 5.6375 2.3825831 47 P 0
L 5.6375 2.3825831 5.7049169 2.45 47 P 0
L 5.63858 1.39951 5.63858 1.43514 48 P 0
L 5.6385801 1.3714943 5.6385801 1.39951 48 P 0
L 5.639567 2.77 5.662126 2.747441 47 P 0
L 5.6405 1.95832 5.6405 1.9624655 47 P 0
L 5.6413337 2.07077 5.6424171 2.0718534 47 P 0
L 5.64375 2.2846456 5.6459724 2.2824232 48 P 0
L 5.64483 1.87392 5.6743268 1.8444232 47 P 0
L 5.6454724 1.9329724 5.675 1.9625 48 P 0
L 5.6459724 2.2824232 5.6787312 2.2824232 48 P 0
L 5.6487402 2.15 5.661817 2.1369232 47 P 0
L 5.65 1.6875 5.7027533 1.6875 47 P 0
L 5.65 2.225 5.6500098 2.225 47 P 0
L 5.6500098 2.225 5.683808 2.2587982 47 P 0
L 5.6511697 1.9132874 5.6534591 1.9155768 47 P 0
L 5.651458 2.0500266 5.6514846 2.0500532 47 P 0
L 5.6514846 2.0500532 5.6624468 2.0500532 47 P 0
L 5.6534591 1.9155768 5.6727132 1.9155768 47 P 0
L 5.6582781 2.5755 5.7577781 2.675 47 P 0
L 5.66 2.185 5.66625 2.17875 47 P 0
L 5.661817 2.1369232 5.6769548 2.1369232 47 P 0
L 5.662126 2.747441 5.666063 2.747441 47 P 0
L 5.6623055 2.2681732 5.6790409 2.2681732 47 P 0
L 5.66235 1.8936 5.6625 1.89375 47 P 0
L 5.6625 2.05 5.70047 2.01203 47 P 0
L 5.6625 2.35625 5.66875 2.35 48 P 0
L 5.6643268 1.7215311 5.6643268 1.7886889 47 P 0
L 5.6643268 1.7215311 5.6883579 1.6975 47 P 0
L 5.6659591 2.1469232 5.7003775 2.1469232 47 P 0
L 5.666063 2.8025591 5.7133857 2.8025591 47 P 0
L 5.66625 2.17875 5.709941 2.17875 47 P 0
L 5.66875 2.35 5.7089567 2.35 48 P 0
L 5.671063 2.747441 5.675 2.747441 47 P 0
L 5.6727132 1.9155768 5.6843268 1.9039632 47 P 0
L 5.67421 0.88829 5.67421 1.1469509 48 P 0
L 5.67421 0.88829 5.675 0.8875 48 P 0
L 5.67421 1.202069 5.67421 1.3007541 48 P 0
L 5.67421 1.3007541 5.7015092 1.3280533 48 P 0
L 5.6743268 1.7256732 5.6743268 1.8444232 47 P 0
L 5.6743268 1.7256732 5.6925 1.7075 47 P 0
L 5.6749664 0.7249017 5.675 0.73435 50 P 0
L 5.675 0.4784941 5.675 0.7249016 50 P 0
L 5.675 0.84006 5.675 0.8500985 50 P 0
L 5.675 0.8500985 5.675 0.8875 50 P 0
L 5.675 2.975 5.675 3.0175828 50 P 0
L 5.675 3.0175828 5.6928505 3.0354333 50 P 0
L 5.675 3.6625 5.6770673 3.6645673 50 P 0
L 5.6769548 2.1369232 5.709941 2.103937 47 P 0
L 5.6770673 3.6645673 5.7500001 3.6645673 50 P 0
L 5.6787312 2.2824232 5.690058 2.29375 48 P 0
L 5.6790409 2.2681732 5.6799011 2.2690334 47 P 0
L 5.6799011 2.2690334 5.7999011 2.2690334 47 P 0
L 5.683808 2.2587982 5.803808 2.2587982 47 P 0
L 5.6843268 1.7298153 5.6843268 1.9039632 47 P 0
L 5.6843268 1.7298153 5.6966421 1.7175 47 P 0
L 5.6883579 1.6975 5.8268021 1.6975 47 P 0
L 5.6884646 0.26843 5.7456667 0.3256321 50 P 0
L 5.6884646 0.3864221 5.6884646 0.4337757 50 P 0
L 5.6884646 0.4337757 5.75 0.4953111 50 P 0
L 5.690058 2.29375 5.709941 2.29375 48 P 0
L 5.690598 1.99203 5.709941 1.972687 47 P 0
L 5.6925 1.7075 5.8309442 1.7075 47 P 0
L 5.6928505 3.0354333 5.7500001 3.0354333 50 P 0
L 5.6966421 1.7175 5.8350863 1.7175 47 P 0
L 5.7003775 2.1469232 5.7375 2.1098007 47 P 0
L 5.70047 2.01203 5.7333621 2.01203 47 P 0
L 5.7015092 1.3280533 5.72421 1.3280533 48 P 0
L 5.7027533 1.64951 5.7027533 1.6875 47 P 0
L 5.7027533 1.64951 5.72766 1.64951 48 P 0
L 5.7049169 2.45 5.8 2.45 47 P 0
L 5.7098399 1.3714943 5.7098399 1.39951 48 P 0
L 5.7098399 1.3714943 5.72421 1.3571242 48 P 0
L 5.70984 1.39951 5.70984 1.43514 48 P 0
L 5.70984 1.43514 5.7385801 1.4638801 48 P 0
L 5.709941 1.7875 5.709941 1.84705 47 P 0
L 5.709941 1.84705 5.7283 1.84705 47 P 0
L 5.709941 1.9125 5.709941 1.96875 47 P 0
L 5.709941 1.96875 5.709941 1.972687 47 P 0
L 5.709941 2.04375 5.709941 2.1 47 P 0
L 5.709941 2.1 5.709941 2.103937 47 P 0
L 5.709941 2.17875 5.709941 2.225 47 P 0
L 5.709941 2.29375 5.73049 2.29375 48 P 0
L 5.709941 2.40625 5.73125 2.40625 48 P 0
L 5.7129077 2.56201 5.775 2.6241023 47 P 0
L 5.7133857 2.8025591 5.7375984 2.7783464 47 P 0
L 5.7140207 2.00203 5.7307206 1.9853301 47 P 0
L 5.72421 1.2097 5.72421 1.2709667 48 P 0
L 5.72421 1.2097 5.72766 1.20625 48 P 0
L 5.72421 1.3280533 5.72421 1.3571242 48 P 0
L 5.72766 1.64951 5.7464567 1.6307133 48 P 0
L 5.7283 1.84705 5.7307206 1.8494706 47 P 0
L 5.73049 2.29375 5.7375 2.30076 48 P 0
L 5.7307206 1.8494706 5.7307206 1.9853301 47 P 0
L 5.73125 2.40625 5.7375 2.4 48 P 0
L 5.7333621 2.01203 5.7403921 2.005 47 P 0
L 5.7375 2.0752461 5.7375 2.1098007 47 P 0
L 5.7375 2.0752461 5.7650591 2.047687 47 P 0
L 5.7375 2.30076 5.7375 2.4 48 P 0
L 5.7375984 2.7625984 5.7375984 2.7783464 47 P 0
L 5.7385801 1.4638801 5.7385801 1.49951 48 P 0
L 5.7385801 1.49951 5.7385801 1.5447226 48 P 0
L 5.7385801 1.5447226 5.7464567 1.5525992 48 P 0
L 5.74016 1.7472 5.74016 1.7803804 48 P 0
L 5.74016 1.7803804 5.7472796 1.7875 48 P 0
L 5.7403921 2.005 5.745 2.0096079 47 P 0
L 5.7456667 0.3256321 5.7456667 0.4177657 50 P 0
L 5.7456667 0.4177657 5.825 0.497099 50 P 0
L 5.7464567 1.5525992 5.7464567 1.5875 48 P 0
L 5.7464567 1.5875 5.7464567 1.6307133 48 P 0
L 5.7472796 1.7875 5.7650591 1.7875 48 P 0
L 5.75 0.4953111 5.75 0.5249016 50 P 0
L 5.75 0.6500985 5.75 0.8875 50 P 0
L 5.75 0.8875 5.75 1.1266779 48 P 0
L 5.75 1.1266779 5.770273 1.1469509 48 P 0
L 5.75 3.4875 5.75 3.6125 50 P 0
L 5.7500001 3.2145672 5.8479328 3.2145672 47 P 0
L 5.7577781 2.675 5.7963091 2.675 47 P 0
L 5.7650591 1.7599409 5.7650591 1.7875 47 P 0
L 5.7650591 1.7599409 5.785 1.74 47 P 0
L 5.7650591 1.84705 5.7650591 1.850987 47 P 0
L 5.7650591 1.850987 5.79375 1.8796779 47 P 0
L 5.7650591 1.9125 5.81 1.9125 48 P 0
L 5.7650591 1.96875 5.7650591 1.972687 47 P 0
L 5.7650591 1.972687 5.79921 2.0068379 47 P 0
L 5.7650591 2.04375 5.7650591 2.047687 47 P 0
L 5.7650591 2.1 5.7883423 2.1 47 P 0
L 5.7650591 2.17875 5.79497 2.17875 47 P 0
L 5.7650591 2.225 5.79872 2.225 47 P 0
L 5.7650591 2.29375 5.7650591 2.326315 48 P 0
L 5.7650591 2.326315 5.7660433 2.3272992 48 P 0
L 5.7650591 2.40625 5.8 2.40625 47 P 0
L 5.7660433 2.3272992 5.7660433 2.35 48 P 0
L 5.76703 2.29375 5.79345 2.29375 48 P 0
L 5.770273 1.1469509 5.77421 1.1469509 48 P 0
L 5.77421 1.202069 5.77421 1.3007541 48 P 0
L 5.77421 1.3007541 5.8015092 1.3280533 48 P 0
L 5.775 2.6241023 5.775 2.6448819 47 P 0
L 5.775 2.7 5.775 2.8374015 47 P 0
L 5.785 1.74 5.875 1.74 47 P 0
L 5.7883423 2.1 5.79921 2.0891323 47 P 0
L 5.79345 2.29375 5.79421 2.29451 48 P 0
L 5.79375 1.8796779 5.79375 1.88125 47 P 0
L 5.79421 2.29451 5.8 2.3 48 P 0
L 5.79497 2.17875 5.8 2.18378 47 P 0
L 5.7963091 2.675 5.8124015 2.6910924 47 P 0
L 5.79872 2.225 5.79921 2.22451 47 P 0
L 5.79921 2.0068379 5.79921 2.01201 47 P 0
L 5.79921 2.065 5.79921 2.0891323 47 P 0
L 5.79921 2.12 5.8019745 2.12 47 P 0
L 5.7999011 2.2690334 5.8218268 2.2909591 47 P 0
L 5.8 2.18378 5.8 2.19 47 P 0
L 5.8 2.45 5.8625 2.3875 47 P 0
L 5.8015092 1.3280533 5.82421 1.3280533 48 P 0
L 5.8019745 2.12 5.8157835 2.133809 47 P 0
L 5.8035433 1.5510192 5.8035433 1.5875 48 P 0
L 5.8035433 1.5510192 5.8098399 1.5447226 48 P 0
L 5.8035433 1.5875 5.8035433 1.6322833 48 P 0
L 5.8035433 1.6322833 5.82077 1.64951 48 P 0
L 5.803808 2.2587982 5.8318268 2.286817 47 P 0
L 5.8061516 1.7999508 5.8375 1.7999508 48 P 0
L 5.8069685 0.26843 5.86843 0.26843 50 P 0
L 5.8069685 0.3864221 5.9 0.4794536 50 P 0
L 5.8069685 0.3864221 5.9003 0.3864221 50 P 0
L 5.8098399 1.4638801 5.8098399 1.49951 48 P 0
L 5.8098399 1.4638801 5.83858 1.43514 48 P 0
L 5.8098399 1.49951 5.8098399 1.5447226 48 P 0
L 5.81 1.9125 5.8361732 1.8863268 48 P 0
L 5.8124015 2.6910924 5.8124015 2.7625984 47 P 0
L 5.8124015 2.7625984 5.8124015 2.8124015 50 P 0
L 5.8124015 2.8124015 5.8125 2.8125 50 P 0
L 5.8157835 2.133809 5.8375 2.133809 47 P 0
L 5.82077 1.20625 5.82421 1.20969 48 P 0
L 5.82077 1.64951 5.84016 1.64951 48 P 0
L 5.8218268 2.2909591 5.8218268 2.3383302 47 P 0
L 5.8218268 2.3383302 5.8434966 2.36 47 P 0
L 5.82421 1.20969 5.82421 1.2709667 48 P 0
L 5.82421 1.3280533 5.82421 1.3571242 48 P 0
L 5.82421 1.3571242 5.8385801 1.3714943 48 P 0
L 5.82421 2.1982802 5.82421 2.260395 48 P 0
L 5.82421 2.1982802 5.87 2.1524902 48 P 0
L 5.82421 2.260395 5.838815 2.275 48 P 0
L 5.8249664 0.7249017 5.825 0.73435 50 P 0
L 5.825 0.497099 5.825 0.7249016 50 P 0
L 5.825 0.8500985 5.825 0.89375 50 P 0
L 5.825 0.89375 5.825 1.1016779 48 P 0
L 5.825 1.1016779 5.870273 1.1469509 48 P 0
L 5.8268021 1.6975 5.8456667 1.6786354 47 P 0
L 5.8309442 1.7075 5.8556667 1.6827775 47 P 0
L 5.8318268 2.286817 5.8318268 2.3013668 47 P 0
L 5.8318268 2.3013668 5.86171 2.33125 47 P 0
L 5.8350863 1.7175 5.8773755 1.6752108 47 P 0
L 5.8361732 1.8863268 5.8361732 1.9285571 48 P 0
L 5.8361732 1.8863268 5.8375 1.885 48 P 0
L 5.8361732 1.9285571 5.86171 1.9540939 48 P 0
L 5.8375 1.7999508 5.8375 1.885 48 P 0
L 5.8375 1.96358 5.8375 2.0125492 47 P 0
L 5.8375 2.0609114 5.8375 2.0786909 48 P 0
L 5.8375 2.0609114 5.8473346 2.0510768 48 P 0
L 5.8375 2.0786909 5.841437 2.0786909 48 P 0
L 5.83858 1.39951 5.83858 1.43514 48 P 0
L 5.8385801 1.3714943 5.8385801 1.39951 48 P 0
L 5.838815 2.275 5.8625 2.275 48 P 0
L 5.841437 2.0786909 5.87 2.1072539 48 P 0
L 5.8434966 2.36 5.8799234 2.36 47 P 0
L 5.8456667 1.64951 5.8456667 1.6786354 47 P 0
L 5.8473346 2.0510768 5.8552271 2.0510768 48 P 0
L 5.8479328 3.2145672 5.8625 3.2 47 P 0
L 5.85 2.5497048 5.8625 2.5622048 47 P 0
L 5.8552271 2.0510768 5.86171 2.0445939 48 P 0
L 5.8556667 1.6785498 5.8556667 1.6827775 47 P 0
L 5.8556667 1.6785498 5.8847065 1.64951 47 P 0
L 5.86 1.9125 5.9108423 1.9125 47 P 0
L 5.86171 1.9540939 5.86171 2.0445939 48 P 0
L 5.86171 2.21875 5.89375 2.21875 47 P 0
L 5.8625 2.275 5.9027533 2.275 48 P 0
L 5.8625 2.5622048 5.8625 3.2 47 P 0
L 5.86843 0.26843 6.052559 0.452559 50 P 0
L 5.87 2.1072539 5.87 2.1524902 48 P 0
L 5.870273 1.1469509 5.87421 1.1469509 48 P 0
L 5.87421 1.202069 5.87421 1.3007541 48 P 0
L 5.87421 1.3007541 5.9015092 1.3280533 48 P 0
L 5.875 1.74 5.8875 1.7525 47 P 0
L 5.875 2.065 5.8875 2.0525 47 P 0
L 5.8773755 1.6752108 5.9197892 1.6752108 47 P 0
L 5.8799234 2.36 6.06 2.1799234 47 P 0
L 5.88 1.89 5.9192002 1.89 47 P 0
L 5.8847065 1.64951 5.9027533 1.64951 47 P 0
L 5.8875 1.7525 5.8875 1.7999508 47 P 0
L 5.8875 1.7999508 5.8875 1.84375 47 P 0
L 5.8875 2.0125492 5.8875 2.0525 47 P 0
L 5.89 1.7 5.9150812 1.7 47 P 0
L 5.8931732 2.1959591 5.8931732 2.2181732 47 P 0
L 5.8931732 2.1959591 5.89375 2.1953823 47 P 0
L 5.8931732 2.2181732 5.89375 2.21875 47 P 0
L 5.89375 2.0786909 5.89375 2.1953823 47 P 0
L 5.89375 2.0786909 5.91875 2.0786909 47 P 0
L 5.89375 2.21875 5.9125 2.2375 47 P 0
L 5.9 0.4794536 5.9 0.5249016 50 P 0
L 5.9 0.64006 5.9 0.6500985 50 P 0
L 5.9 0.6500985 5.9 0.8625 50 P 0
L 5.9 0.8625 5.9 1.0766779 48 P 0
L 5.9 1.0766779 5.970273 1.1469509 48 P 0
L 5.9 1.73125 5.9339567 1.73125 47 P 0
L 5.9003 0.3864221 5.9974409 0.483563 50 P 0
L 5.9015092 1.3280533 5.92421 1.3280533 48 P 0
L 5.90827 1.64951 5.92766 1.64951 48 P 0
L 5.9098399 1.3714943 5.9098399 1.39951 48 P 0
L 5.9098399 1.3714943 5.92421 1.3571242 48 P 0
L 5.90984 1.39951 5.90984 1.43514 48 P 0
L 5.90984 1.43514 5.93858 1.46388 48 P 0
L 5.9108423 1.9125 5.9659014 1.8574409 47 P 0
L 5.9125 1.96875 5.9125 2.0546614 47 P 0
L 5.9125 2.0546614 5.91875 2.0609114 47 P 0
L 5.915 2.205 5.9899234 2.205 47 P 0
L 5.9150812 1.7 5.9700812 1.645 47 P 0
L 5.91875 1.21875 5.92421 1.22421 48 P 0
L 5.91875 2.0609114 5.91875 2.0786909 47 P 0
L 5.91875 2.133809 5.91875 2.172343 47 P 0
L 5.91875 2.133809 5.973691 2.133809 47 P 0
L 5.9192002 1.89 5.9617593 1.8474409 47 P 0
L 5.9197892 1.6752108 5.965 1.63 47 P 0
L 5.92421 1.22421 5.92421 1.2709667 48 P 0
L 5.92421 1.3280533 5.92421 1.3571242 48 P 0
L 5.92421 1.93 5.9900591 1.93 47 P 0
L 5.92766 1.64951 5.9464567 1.6307133 48 P 0
L 5.9375 1.7664233 5.9375 1.7999508 47 P 0
L 5.9375 1.7664233 5.9469725 1.7569508 47 P 0
L 5.93858 1.46388 5.93858 1.4714942 48 P 0
L 5.93858 1.4714942 5.9385801 1.4714943 48 P 0
L 5.9385801 1.4714943 5.9385801 1.49951 48 P 0
L 5.9385801 1.49951 5.9385801 1.5447226 48 P 0
L 5.9385801 1.5447226 5.9464567 1.5525992 48 P 0
L 5.9464567 1.5525992 5.9464567 1.5875 48 P 0
L 5.9464567 1.5875 5.9464567 1.6307133 48 P 0
L 5.9469725 1.7569508 5.9472957 1.7569508 47 P 0
L 5.9472957 1.7569508 5.9625 1.7417465 47 P 0
L 5.9617593 1.8474409 5.9735374 1.8474409 47 P 0
L 5.9625 1.7116574 5.9625 1.7417465 47 P 0
L 5.9625 1.7116574 5.9786909 1.6954665 47 P 0
L 5.965 1.63 5.99 1.63 47 P 0
L 5.9659014 1.8574409 6.09 1.8574409 47 P 0
L 5.9700812 1.645 6.008996 1.645 47 P 0
L 5.970273 1.1469509 5.97421 1.1469509 48 P 0
L 5.9735374 1.8474409 5.9875 1.8334783 47 P 0
L 5.973691 2.0734114 5.973691 2.133809 47 P 0
L 5.973691 2.0734114 5.9914705 2.0734114 47 P 0
L 5.97421 1.20404 5.97421 1.32451 48 P 0
L 5.97421 1.32451 5.98671 1.33701 48 P 0
L 5.975 0.875 6.025 0.875 50 P 0
L 5.9786909 1.67375 5.9786909 1.6954665 47 P 0
L 5.98671 1.33701 6.02421 1.33701 48 P 0
L 5.9875 1.7664233 5.9875 1.7999508 47 P 0
L 5.9875 1.7664233 5.9910433 1.76288 47 P 0
L 5.9875 1.7999508 5.9875 1.8334783 47 P 0
L 5.9899234 2.205 6.0288091 2.1661143 47 P 0
L 5.99 1.63 6.0035433 1.6164567 47 P 0
L 5.9900591 1.93 6.05 1.9899409 47 P 0
L 5.9910433 1.73125 5.9910433 1.76288 47 P 0
L 5.9914705 2.0734114 6.0080295 2.0568524 47 P 0
L 5.9974409 0.483563 5.9974409 0.4875 50 P 0
L 6.0015749 0.8036418 6.025 0.8036418 50 P 0
L 6.0035433 1.5451767 6.0035433 1.5875 48 P 0
L 6.0035433 1.5451767 6.03858 1.51014 48 P 0
L 6.0035433 1.5875 6.0035433 1.6164567 47 P 0
L 6.0080295 2.0568313 6.0080295 2.0568524 47 P 0
L 6.0080295 2.0568313 6.0198018 2.045059 47 P 0
L 6.008996 1.645 6.033809 1.669813 47 P 0
L 6.0198018 2.045059 6.09 2.045059 47 P 0
L 6.02421 1.33701 6.03858 1.35138 48 P 0
L 6.025 0.5287756 6.025 0.5713583 50 P 0
L 6.025 0.5287756 6.0329999 0.5287756 50 P 0
L 6.025 0.8036418 6.025 0.875 50 P 0
L 6.025 0.8036418 6.0484251 0.8036418 50 P 0
L 6.025 0.875 6.075 0.875 50 P 0
L 6.0288091 2.0734114 6.0484114 2.0734114 47 P 0
L 6.0288091 2.133809 6.0288091 2.1661143 47 P 0
L 6.0329999 0.5287756 6.052559 0.5092165 50 P 0
L 6.033809 1.669813 6.033809 1.67375 47 P 0
L 6.03858 1.35138 6.03858 1.51014 48 P 0
L 6.0484114 2.0734114 6.06 2.085 47 P 0
L 6.05 1.9899409 6.09 1.9899409 47 P 0
L 6.052559 0.452559 6.052559 0.4875 50 P 0
L 6.052559 0.4875 6.052559 0.5092165 50 P 0
L 6.06 2.085 6.06 2.1799234 47 P 0
L 6.09 1.912559 6.09 1.95 47 P 0
L 6.09 1.95 6.1147166 1.9747166 47 P 0
L 6.09 2.0273006 6.09 2.045059 47 P 0
L 6.09 2.0273006 6.1147166 2.002584 47 P 0
L 6.1147166 1.9747166 6.1147166 2.002584 47 P 0
P 0.1968504 0.1968504 54 P 0 0 ;0=50,1=0
P 0.1968504 3.7401575 54 P 0 0 ;0=50,1=0
P 0.2216557 2.42329 0 P 0 0 ;0=0,1=0,2
P 0.2221949 2.95 36 P 0 0 ;0=36,1=0,2
P 0.2339567 1.5375 12 P 0 0 ;0=12,1=0,2
P 0.2339567 1.8375 12 P 0 0 ;0=12,1=0,2
P 0.2348425 2.1729331 19 P 0 0 ;0=19,1=0,2
P 0.2348425 2.1985237 19 P 0 0 ;0=19,1=0,2
P 0.2348425 2.2241142 19 P 0 0 ;0=19,1=0,2
P 0.2348425 2.2497048 19 P 0 0 ;0=19,1=0,2
P 0.2348425 2.2752953 19 P 0 0 ;0=19,1=0,2
P 0.2348425 2.3008859 19 P 0 0 ;0=19,1=0,2
P 0.2348425 2.3264764 19 P 0 0 ;0=19,1=0,2
P 0.2348425 2.352067 19 P 0 0 ;0=19,1=0,2
P 0.2348425 2.4729331 19 P 0 0 ;0=19,1=0,2
P 0.2348425 2.4985237 19 P 0 0 ;0=19,1=0,2
P 0.2348425 2.5241142 19 P 0 0 ;0=19,1=0,2
P 0.2348425 2.5497048 19 P 0 0 ;0=19,1=0,2
P 0.2348425 2.5752953 19 P 0 0 ;0=19,1=0,2
P 0.2348425 2.6008859 19 P 0 0 ;0=19,1=0,2
P 0.2348425 2.6264764 19 P 0 0 ;0=19,1=0,2
P 0.2348425 2.652067 19 P 0 0 ;0=19,1=0,2
P 0.2417789 2.12079 0 P 0 0 ;0=0,1=0,2
P 0.24921 0.6249016 5 P 0 0 ;0=5,1=0,2
P 0.24921 0.7500985 5 P 0 0 ;0=5,1=0,2
P 0.25 0.8149606 25 P 0 0 ;0=25,1=0,2
P 0.25 0.9084646 24 P 0 0 ;0=24,1=0,2
P 0.25 1.325 53 P 0 0 ;0=49,1=0
P 0.25 1.425 53 P 0 0 ;0=49,1=0
P 0.25 1.625 53 P 0 0 ;0=49,1=0
P 0.25 1.725 53 P 0 0 ;0=49,1=0
P 0.25 1.925 53 P 0 0 ;0=49,1=0
P 0.25 2.025 53 P 0 0 ;0=49,1=0
P 0.2910433 1.5375 12 P 0 0 ;0=12,1=0,2
P 0.2910433 1.8375 12 P 0 0 ;0=12,1=0,2
P 0.295 1.1874409 3 P 0 0 ;0=3,1=0,2
P 0.295 1.242559 3 P 0 0 ;0=3,1=0,2
P 0.3023644 2.42329 0 P 0 0 ;0=0,1=0,2
P 0.3224876 2.12079 0 P 0 0 ;0=0,1=0,2
P 0.3403051 2.95 36 P 0 0 ;0=36,1=0,2
P 0.35 1.1874409 3 P 0 0 ;0=3,1=0,2
P 0.35 1.242559 3 P 0 0 ;0=3,1=0,2
P 0.35 1.325 53 P 0 0 ;0=49,1=0
P 0.35 1.425 53 P 0 0 ;0=49,1=0
P 0.35 1.625 53 P 0 0 ;0=49,1=0
P 0.35 1.725 53 P 0 0 ;0=49,1=0
P 0.35 1.925 53 P 0 0 ;0=49,1=0
P 0.35 2.025 53 P 0 0 ;0=49,1=0
P 0.3875 0.6375 53 P 0 0 ;0=49,1=0
P 0.3875 0.7375 53 P 0 0 ;0=49,1=0
P 0.3875 0.875 9 P 0 0 ;0=9,1=0,2
P 0.3937008 3.7401575 46 P 0 0 ;0=46,1=0,2
P 0.39375 3.0779036 1 P 0 0 ;0=1,1=0,2
P 0.39375 3.2845965 1 P 0 0 ;0=1,1=0,2
P 0.4033956 2.99375 0 P 0 0 ;0=0,1=0,2
P 0.405 1.1874409 3 P 0 0 ;0=3,1=0,2
P 0.405 1.242559 3 P 0 0 ;0=3,1=0,2
P 0.4096457 3.3625 0 P 0 0 ;0=0,1=0,2
P 0.4224409 3.4875 8 P 0 0 ;0=8,1=0,2
P 0.422441 3.425 8 P 0 0 ;0=8,1=0,2
P 0.45 1.325 53 P 0 0 ;0=49,1=0
P 0.45 1.425 53 P 0 0 ;0=49,1=0
P 0.45 1.625 53 P 0 0 ;0=49,1=0
P 0.45 1.725 53 P 0 0 ;0=49,1=0
P 0.45 1.925 53 P 0 0 ;0=49,1=0
P 0.45 2.025 53 P 0 0 ;0=49,1=0
P 0.4651575 2.1729331 19 P 0 0 ;0=19,1=0,2
P 0.4651575 2.1985237 19 P 0 0 ;0=19,1=0,2
P 0.4651575 2.2241142 19 P 0 0 ;0=19,1=0,2
P 0.4651575 2.2497048 19 P 0 0 ;0=19,1=0,2
P 0.4651575 2.2752953 19 P 0 0 ;0=19,1=0,2
P 0.4651575 2.3008859 19 P 0 0 ;0=19,1=0,2
P 0.4651575 2.3264764 19 P 0 0 ;0=19,1=0,2
P 0.4651575 2.352067 19 P 0 0 ;0=19,1=0,2
P 0.4651575 2.4729331 19 P 0 0 ;0=19,1=0,2
P 0.4651575 2.4985237 19 P 0 0 ;0=19,1=0,2
P 0.4651575 2.5241142 19 P 0 0 ;0=19,1=0,2
P 0.4651575 2.5497048 19 P 0 0 ;0=19,1=0,2
P 0.4651575 2.5752953 19 P 0 0 ;0=19,1=0,2
P 0.4651575 2.6008859 19 P 0 0 ;0=19,1=0,2
P 0.4651575 2.6264764 19 P 0 0 ;0=19,1=0,2
P 0.4651575 2.652067 19 P 0 0 ;0=19,1=0,2
P 0.477559 3.4875 8 P 0 0 ;0=8,1=0,2
P 0.4775591 3.425 8 P 0 0 ;0=8,1=0,2
P 0.4841043 2.99375 0 P 0 0 ;0=0,1=0,2
P 0.4875 0.6375 53 P 0 0 ;0=49,1=0
P 0.4875 0.7375 53 P 0 0 ;0=49,1=0
P 0.4875 0.875 9 P 0 0 ;0=9,1=0,2
P 0.4903544 3.3625 0 P 0 0 ;0=0,1=0,2
P 0.492126 0.0984252 46 P 0 0 ;0=47,1=0
P 0.492126 0.2684252 52 P 0 0 ;0=48,1=0
P 0.492126 0.3864173 52 P 0 0 ;0=48,1=0
P 0.51 1.1874409 3 P 0 0 ;0=3,1=0,2
P 0.51 1.242559 3 P 0 0 ;0=3,1=0,2
P 0.5339567 3.4875 12 P 0 0 ;0=12,1=0,2
P 0.5350787 3.2625 37 P 0 0 ;0=37,1=0,2
P 0.5350787 3.3125 37 P 0 0 ;0=37,1=0,2
P 0.5350787 3.3625 37 P 0 0 ;0=37,1=0,2
P 0.5350787 3.4125 37 P 0 0 ;0=37,1=0,2
P 0.55 1.325 53 P 0 0 ;0=49,1=0
P 0.55 1.425 53 P 0 0 ;0=49,1=0
P 0.55 1.625 53 P 0 0 ;0=49,1=0
P 0.55 1.725 53 P 0 0 ;0=49,1=0
P 0.55 1.925 53 P 0 0 ;0=49,1=0
P 0.55 2.025 53 P 0 0 ;0=49,1=0
P 0.56 2.5075992 7 P 0 0 ;0=7,1=0,2
P 0.56 2.5883079 7 P 0 0 ;0=7,1=0,2
P 0.56321 2.1955848 7 P 0 0 ;0=7,1=0,2
P 0.56321 2.2762935 7 P 0 0 ;0=7,1=0,2
P 0.565 1.1874409 3 P 0 0 ;0=3,1=0,2
P 0.565 1.242559 3 P 0 0 ;0=3,1=0,2
P 0.5846456 3.6375 0 P 0 0 ;0=0,1=0,2
P 0.5910433 3.4875 12 P 0 0 ;0=12,1=0,2
P 0.62 1.1874409 3 P 0 0 ;0=3,1=0,2
P 0.62 1.242559 3 P 0 0 ;0=3,1=0,2
P 0.6348425 2.1729331 19 P 0 0 ;0=19,1=0,2
P 0.6348425 2.1985237 19 P 0 0 ;0=19,1=0,2
P 0.6348425 2.2241142 19 P 0 0 ;0=19,1=0,2
P 0.6348425 2.2497048 19 P 0 0 ;0=19,1=0,2
P 0.6348425 2.2752953 19 P 0 0 ;0=19,1=0,2
P 0.6348425 2.3008859 19 P 0 0 ;0=19,1=0,2
P 0.6348425 2.3264764 19 P 0 0 ;0=19,1=0,2
P 0.6348425 2.352067 19 P 0 0 ;0=19,1=0,2
P 0.6348425 2.4729331 19 P 0 0 ;0=19,1=0,2
P 0.6348425 2.4985237 19 P 0 0 ;0=19,1=0,2
P 0.6348425 2.5241142 19 P 0 0 ;0=19,1=0,2
P 0.6348425 2.5497048 19 P 0 0 ;0=19,1=0,2
P 0.6348425 2.5752953 19 P 0 0 ;0=19,1=0,2
P 0.6348425 2.6008859 19 P 0 0 ;0=19,1=0,2
P 0.6348425 2.6264764 19 P 0 0 ;0=19,1=0,2
P 0.6348425 2.652067 19 P 0 0 ;0=19,1=0,2
P 0.6375 3.3375 38 P 0 0 ;0=38,1=0,2
P 0.65 1.325 53 P 0 0 ;0=49,1=0
P 0.65 1.425 53 P 0 0 ;0=49,1=0
P 0.65 1.625 53 P 0 0 ;0=49,1=0
P 0.65 1.725 53 P 0 0 ;0=49,1=0
P 0.65 1.925 53 P 0 0 ;0=49,1=0
P 0.65 2.025 53 P 0 0 ;0=49,1=0
P 0.6653543 3.6375 0 P 0 0 ;0=0,1=0,2
P 0.6718996 0.5408465 31 P 0 0 ;0=31,1=0,2
P 0.6718996 1.0833465 32 P 0 0 ;0=32,1=0,2
P 0.6849409 3.4875 8 P 0 0 ;0=8,1=0,2
P 0.7224409 1.15 8 P 0 0 ;0=8,1=0,2
P 0.7260827 3.6375 35 P 0 0 ;0=35,1=0,2
P 0.7399212 3.2625 37 P 0 0 ;0=37,1=0,2
P 0.7399212 3.3125 37 P 0 0 ;0=37,1=0,2
P 0.7399212 3.3625 37 P 0 0 ;0=37,1=0,2
P 0.7399212 3.4125 37 P 0 0 ;0=37,1=0,2
P 0.740059 3.4875 8 P 0 0 ;0=8,1=0,2
P 0.75 1.325 53 P 0 0 ;0=49,1=0
P 0.75 1.425 53 P 0 0 ;0=49,1=0
P 0.75 1.625 53 P 0 0 ;0=49,1=0
P 0.75 1.725 53 P 0 0 ;0=49,1=0
P 0.75 1.925 53 P 0 0 ;0=49,1=0
P 0.75 2.025 53 P 0 0 ;0=49,1=0
P 0.7508996 0.5408465 32 P 0 0 ;0=32,1=0,2
P 0.7508996 1.0833465 32 P 0 0 ;0=32,1=0,2
P 0.777559 1.15 8 P 0 0 ;0=8,1=0,2
P 0.7874016 0.0984252 46 P 0 0 ;0=47,1=0
P 0.7874016 0.2684252 52 P 0 0 ;0=48,1=0
P 0.7874016 0.3864173 52 P 0 0 ;0=48,1=0
P 0.7989173 3.6375 35 P 0 0 ;0=35,1=0,2
P 0.8 3.259941 3 P 0 0 ;0=3,1=0,2
P 0.8 3.3150591 3 P 0 0 ;0=3,1=0,2
P 0.8 3.372441 3 P 0 0 ;0=3,1=0,2
P 0.8 3.4275591 3 P 0 0 ;0=3,1=0,2
P 0.8298996 0.5408465 32 P 0 0 ;0=32,1=0,2
P 0.8298996 1.0833465 32 P 0 0 ;0=32,1=0,2
P 0.8375 1.1464567 4 P 0 0 ;0=4,1=0,2
P 0.8375 1.2035433 4 P 0 0 ;0=4,1=0,2
P 0.85 1.325 53 P 0 0 ;0=49,1=0
P 0.85 1.425 53 P 0 0 ;0=49,1=0
P 0.85 1.625 53 P 0 0 ;0=49,1=0
P 0.85 1.725 53 P 0 0 ;0=49,1=0
P 0.85 1.925 53 P 0 0 ;0=49,1=0
P 0.85 2.025 53 P 0 0 ;0=49,1=0
P 0.8651575 2.1729331 19 P 0 0 ;0=19,1=0,2
P 0.8651575 2.1985237 19 P 0 0 ;0=19,1=0,2
P 0.8651575 2.2241142 19 P 0 0 ;0=19,1=0,2
P 0.8651575 2.2497048 19 P 0 0 ;0=19,1=0,2
P 0.8651575 2.2752953 19 P 0 0 ;0=19,1=0,2
P 0.8651575 2.3008859 19 P 0 0 ;0=19,1=0,2
P 0.8651575 2.3264764 19 P 0 0 ;0=19,1=0,2
P 0.8651575 2.352067 19 P 0 0 ;0=19,1=0,2
P 0.8651575 2.4729331 19 P 0 0 ;0=19,1=0,2
P 0.8651575 2.4985237 19 P 0 0 ;0=19,1=0,2
P 0.8651575 2.5241142 19 P 0 0 ;0=19,1=0,2
P 0.8651575 2.5497048 19 P 0 0 ;0=19,1=0,2
P 0.8651575 2.5752953 19 P 0 0 ;0=19,1=0,2
P 0.8651575 2.6008859 19 P 0 0 ;0=19,1=0,2
P 0.8651575 2.6264764 19 P 0 0 ;0=19,1=0,2
P 0.8651575 2.652067 19 P 0 0 ;0=19,1=0,2
P 0.8955709 3.2654527 33 P 0 0 ;0=33,1=0,2
P 0.8955709 3.3634842 33 P 0 0 ;0=33,1=0,2
P 0.8955709 3.4615157 33 P 0 0 ;0=33,1=0,2
P 0.8955709 3.5595472 33 P 0 0 ;0=33,1=0,2
P 0.9 1.1464567 4 P 0 0 ;0=4,1=0,2
P 0.9 1.2035433 4 P 0 0 ;0=4,1=0,2
P 0.9088996 0.5408465 32 P 0 0 ;0=32,1=0,2
P 0.9088996 1.0833465 32 P 0 0 ;0=32,1=0,2
P 0.934941 2.1125 8 P 0 0 ;0=8,1=0,2
P 0.95 1.325 53 P 0 0 ;0=49,1=0
P 0.95 1.425 53 P 0 0 ;0=49,1=0
P 0.95 1.625 53 P 0 0 ;0=49,1=0
P 0.95 1.725 53 P 0 0 ;0=49,1=0
P 0.95 1.925 53 P 0 0 ;0=49,1=0
P 0.95 2.025 53 P 0 0 ;0=49,1=0
P 0.9599409 1.15 8 P 0 0 ;0=8,1=0,2
P 0.9839567 1.5125 12 P 0 0 ;0=12,1=0,2
P 0.9841509 2.31201 8 P 0 0 ;0=8,1=0,2
P 0.9849409 2.6 8 P 0 0 ;0=8,1=0,2
P 0.9878996 0.5408465 32 P 0 0 ;0=32,1=0,2
P 0.9878996 1.0833465 32 P 0 0 ;0=32,1=0,2
P 0.9900591 2.1125 8 P 0 0 ;0=8,1=0,2
P 0.9921234 1.2375 12 P 0 0 ;0=12,1=0,2
P 1.0027559 2.1625985 29 P 0 0 ;0=29,1=0,2
P 1.0027559 2.2 29 P 0 0 ;0=29,1=0,2
P 1.0027559 2.2374016 29 P 0 0 ;0=29,1=0,2
P 1.0027559 2.4500985 29 P 0 0 ;0=29,1=0,2
P 1.0027559 2.4875 29 P 0 0 ;0=29,1=0,2
P 1.0027559 2.5249016 29 P 0 0 ;0=29,1=0,2
P 1.0088557 2.38451 0 P 0 0 ;0=0,1=0,2
P 1.0125 0.43125 9 P 0 0 ;0=9,1=0,2
P 1.015059 1.15 8 P 0 0 ;0=8,1=0,2
P 1.039269 2.31201 8 P 0 0 ;0=8,1=0,2
P 1.040059 2.6 8 P 0 0 ;0=8,1=0,2
P 1.0410433 1.5125 12 P 0 0 ;0=12,1=0,2
P 1.04921 1.2375 12 P 0 0 ;0=12,1=0,2
P 1.0499936 1.625 53 P 0 0 ;0=49,1=0
P 1.0499936 1.725 53 P 0 0 ;0=49,1=0
P 1.0499936 1.925 53 P 0 0 ;0=49,1=0
P 1.0499936 2.025 53 P 0 0 ;0=49,1=0
P 1.05 1.325 53 P 0 0 ;0=49,1=0
P 1.05 1.425 53 P 0 0 ;0=49,1=0
P 1.0668996 0.5408465 32 P 0 0 ;0=32,1=0,2
P 1.0668996 1.0833465 32 P 0 0 ;0=32,1=0,2
P 1.0826772 0.0984252 46 P 0 0 ;0=47,1=0
P 1.0826772 0.2684252 52 P 0 0 ;0=48,1=0
P 1.0826772 0.3864173 52 P 0 0 ;0=48,1=0
P 1.0857283 3.05 23 P 0 0 ;0=23,1=0,2
P 1.0895644 2.38451 0 P 0 0 ;0=0,1=0,2
P 1.0964567 2.6 12 P 0 0 ;0=12,1=0,2
P 1.0972441 2.1625985 29 P 0 0 ;0=29,1=0,2
P 1.0972441 2.2374016 29 P 0 0 ;0=29,1=0,2
P 1.0972441 2.4500985 29 P 0 0 ;0=29,1=0,2
P 1.0972441 2.5249016 29 P 0 0 ;0=29,1=0,2
P 1.1081667 2.31201 12 P 0 0 ;0=12,1=0,2
P 1.14921 0.43125 9 P 0 0 ;0=9,1=0,2
P 1.15 1.325 53 P 0 0 ;0=49,1=0
P 1.15 1.425 53 P 0 0 ;0=49,1=0
P 1.1535433 2.6 12 P 0 0 ;0=12,1=0,2
P 1.16171 1.6459667 4 P 0 0 ;0=4,1=0,2
P 1.16171 1.7030533 4 P 0 0 ;0=4,1=0,2
P 1.1625 1.9464567 4 P 0 0 ;0=4,1=0,2
P 1.1625 2.0035433 4 P 0 0 ;0=4,1=0,2
P 1.1652533 2.31201 12 P 0 0 ;0=12,1=0,2
P 1.175 2.1596457 7 P 0 0 ;0=7,1=0,2
P 1.175 2.2403544 7 P 0 0 ;0=7,1=0,2
P 1.175 2.4502954 3 P 0 0 ;0=3,1=0,2
P 1.175 2.5054135 3 P 0 0 ;0=3,1=0,2
P 1.2375 1.2839567 4 P 0 0 ;0=4,1=0,2
P 1.2375 1.3410433 4 P 0 0 ;0=4,1=0,2
P 1.2375 1.4089567 4 P 0 0 ;0=4,1=0,2
P 1.2375 1.4660433 4 P 0 0 ;0=4,1=0,2
P 1.2392716 3.05 23 P 0 0 ;0=23,1=0,2
P 1.25 1.625 53 P 0 0 ;0=49,1=0
P 1.25 1.725 53 P 0 0 ;0=49,1=0
P 1.25 1.925 53 P 0 0 ;0=49,1=0
P 1.25 2.025 53 P 0 0 ;0=49,1=0
P 1.2968996 0.5408465 31 P 0 0 ;0=31,1=0,2
P 1.2968996 1.0833465 32 P 0 0 ;0=32,1=0,2
P 1.3144685 0.43125 9 P 0 0 ;0=9,1=0,2
P 1.3474409 1.15 8 P 0 0 ;0=8,1=0,2
P 1.35 1.325 53 P 0 0 ;0=49,1=0
P 1.35 1.425 53 P 0 0 ;0=49,1=0
P 1.35 1.625 53 P 0 0 ;0=49,1=0
P 1.35 1.725 53 P 0 0 ;0=49,1=0
P 1.35 1.925 53 P 0 0 ;0=49,1=0
P 1.35 2.025 53 P 0 0 ;0=49,1=0
P 1.3758996 0.5408465 32 P 0 0 ;0=32,1=0,2
P 1.3758996 1.0833465 32 P 0 0 ;0=32,1=0,2
P 1.3779528 0.0984252 46 P 0 0 ;0=47,1=0
P 1.3779528 0.2684252 52 P 0 0 ;0=48,1=0
P 1.3779528 0.3864173 52 P 0 0 ;0=48,1=0
P 1.402559 1.15 8 P 0 0 ;0=8,1=0,2
P 1.4294292 3.2654527 33 P 0 0 ;0=33,1=0,2
P 1.4294292 3.3634842 33 P 0 0 ;0=33,1=0,2
P 1.4294292 3.4615157 33 P 0 0 ;0=33,1=0,2
P 1.4294292 3.5595472 33 P 0 0 ;0=33,1=0,2
P 1.4375 0.43125 9 P 0 0 ;0=9,1=0,2
P 1.45 1.325 53 P 0 0 ;0=49,1=0
P 1.45 1.425 53 P 0 0 ;0=49,1=0
P 1.45 1.625 53 P 0 0 ;0=49,1=0
P 1.45 1.725 53 P 0 0 ;0=49,1=0
P 1.45 1.925 53 P 0 0 ;0=49,1=0
P 1.45 2.025 53 P 0 0 ;0=49,1=0
P 1.4548996 0.5408465 32 P 0 0 ;0=32,1=0,2
P 1.4548996 1.0833465 32 P 0 0 ;0=32,1=0,2
P 1.4625 1.1464567 4 P 0 0 ;0=4,1=0,2
P 1.4625 1.2035433 4 P 0 0 ;0=4,1=0,2
P 1.4875 2.2625 10 P 0 0 ;0=10,1=0,2
P 1.4875 2.5125 10 P 0 0 ;0=10,1=0,2
P 1.525 1.1464567 4 P 0 0 ;0=4,1=0,2
P 1.525 1.2035433 4 P 0 0 ;0=4,1=0,2
P 1.5250591 3.5512796 40 P 0 0 ;0=40,1=0,2
P 1.5250591 3.6237205 40 P 0 0 ;0=40,1=0,2
P 1.5279036 3.15625 2 P 0 0 ;0=2,1=0,2
P 1.5279036 3.3875 2 P 0 0 ;0=2,1=0,2
P 1.5338996 0.5408465 32 P 0 0 ;0=32,1=0,2
P 1.5338996 1.0833465 32 P 0 0 ;0=32,1=0,2
P 1.5375 2.2625 10 P 0 0 ;0=10,1=0,2
P 1.5375 2.5125 10 P 0 0 ;0=10,1=0,2
P 1.5375 2.584941 3 P 0 0 ;0=3,1=0,2
P 1.5375 2.6400591 3 P 0 0 ;0=3,1=0,2
P 1.5375 2.9625 53 P 0 0 ;0=49,1=0
P 1.55 1.325 53 P 0 0 ;0=49,1=0
P 1.55 1.425 53 P 0 0 ;0=49,1=0
P 1.55 1.625 53 P 0 0 ;0=49,1=0
P 1.55 1.725 53 P 0 0 ;0=49,1=0
P 1.55 1.925 53 P 0 0 ;0=49,1=0
P 1.55 2.025 53 P 0 0 ;0=49,1=0
P 1.5849409 1.15 8 P 0 0 ;0=8,1=0,2
P 1.6125 0.43125 9 P 0 0 ;0=9,1=0,2
P 1.6125 2.2625 10 P 0 0 ;0=10,1=0,2
P 1.6125 2.5125 10 P 0 0 ;0=10,1=0,2
P 1.6128996 0.5408465 32 P 0 0 ;0=32,1=0,2
P 1.6128996 1.0833465 32 P 0 0 ;0=32,1=0,2
P 1.6375 2.9625 53 P 0 0 ;0=49,1=0
P 1.640059 1.15 8 P 0 0 ;0=8,1=0,2
P 1.65 1.325 53 P 0 0 ;0=49,1=0
P 1.65 1.425 53 P 0 0 ;0=49,1=0
P 1.65 1.625 53 P 0 0 ;0=49,1=0
P 1.65 1.725 53 P 0 0 ;0=49,1=0
P 1.65 1.925 53 P 0 0 ;0=49,1=0
P 1.65 2.025 53 P 0 0 ;0=49,1=0
P 1.6625 2.2625 10 P 0 0 ;0=10,1=0,2
P 1.6625 2.5125 10 P 0 0 ;0=10,1=0,2
P 1.6625 2.584941 3 P 0 0 ;0=3,1=0,2
P 1.6625 2.6400591 3 P 0 0 ;0=3,1=0,2
P 1.6732283 0.0984252 46 P 0 0 ;0=47,1=0
P 1.6732283 0.2684252 52 P 0 0 ;0=48,1=0
P 1.6732283 0.3864173 52 P 0 0 ;0=48,1=0
P 1.6818307 3.5875 39 P 0 0 ;0=39,1=0,2
P 1.6918996 0.5408465 32 P 0 0 ;0=32,1=0,2
P 1.6918996 1.0833465 32 P 0 0 ;0=32,1=0,2
P 1.6999997 2.86875 9 P 0 0 ;0=9,1=0,2
P 1.73125 0.43125 9 P 0 0 ;0=9,1=0,2
P 1.7345965 3.15625 2 P 0 0 ;0=2,1=0,2
P 1.7345965 3.3875 2 P 0 0 ;0=2,1=0,2
P 1.7375 2.2625 10 P 0 0 ;0=10,1=0,2
P 1.7375 2.5125 10 P 0 0 ;0=10,1=0,2
P 1.76875 2.86875 9 P 0 0 ;0=9,1=0,2
P 1.7750985 1.8277559 28 P 0 0 ;0=28,1=0,2
P 1.7750985 1.9222441 28 P 0 0 ;0=28,1=0,2
P 1.7849409 1.9875 8 P 0 0 ;0=8,1=0,2
P 1.7875 2.2625 10 P 0 0 ;0=10,1=0,2
P 1.7875 2.5125 10 P 0 0 ;0=10,1=0,2
P 1.7875 2.584451 3 P 0 0 ;0=3,1=0,2
P 1.7875 2.6395691 3 P 0 0 ;0=3,1=0,2
P 1.8125 1.9222441 28 P 0 0 ;0=28,1=0,2
P 1.8375 2.747441 3 P 0 0 ;0=3,1=0,2
P 1.8375 2.8025591 3 P 0 0 ;0=3,1=0,2
P 1.840059 1.9875 8 P 0 0 ;0=8,1=0,2
P 1.8499016 1.6974409 3 P 0 0 ;0=3,1=0,2
P 1.8499016 1.752559 3 P 0 0 ;0=3,1=0,2
P 1.8499016 1.8277559 28 P 0 0 ;0=28,1=0,2
P 1.8499016 1.9222441 28 P 0 0 ;0=28,1=0,2
P 1.8625 2.2625 10 P 0 0 ;0=10,1=0,2
P 1.8625 2.5125 10 P 0 0 ;0=10,1=0,2
P 1.897441 1.6375 8 P 0 0 ;0=8,1=0,2
P 1.9 1.6964567 4 P 0 0 ;0=4,1=0,2
P 1.9 1.7535433 4 P 0 0 ;0=4,1=0,2
P 1.9125 2.2625 10 P 0 0 ;0=10,1=0,2
P 1.9125 2.5125 10 P 0 0 ;0=10,1=0,2
P 1.9125 2.584941 3 P 0 0 ;0=3,1=0,2
P 1.9125 2.6400591 3 P 0 0 ;0=3,1=0,2
P 1.9125884 2.7625984 21 P 0 0 ;0=21,1=0,2
P 1.91299 0.43125 9 P 0 0 ;0=9,1=0,2
P 1.916437 1.875 4 P 0 0 ;0=4,1=0,2
P 1.916437 1.9320866 4 P 0 0 ;0=4,1=0,2
P 1.9250001 3.0354333 34 P 0 0 ;0=34,1=0,2
P 1.9250001 3.2145672 34 P 0 0 ;0=34,1=0,2
P 1.9250001 3.4854334 34 P 0 0 ;0=34,1=0,2
P 1.9250001 3.6645673 34 P 0 0 ;0=34,1=0,2
P 1.9483235 1.6994046 41 P 0 0 ;0=41,1=0,2
P 1.9483235 1.7249952 41 P 0 0 ;0=41,1=0,2
P 1.9483235 1.7505857 41 P 0 0 ;0=41,1=0,2
P 1.94999 2.8374015 21 P 0 0 ;0=21,1=0,2
P 1.9525591 1.6375 8 P 0 0 ;0=8,1=0,2
P 1.959941 1.8 8 P 0 0 ;0=8,1=0,2
P 1.9625 2.0107284 15 P 0 0 ;0=15,1=0,2
P 1.9625 2.1642717 15 P 0 0 ;0=15,1=0,2
P 1.9685039 0.0984252 46 P 0 0 ;0=47,1=0
P 1.9685039 0.2684252 52 P 0 0 ;0=48,1=0
P 1.9685039 0.3864173 52 P 0 0 ;0=48,1=0
P 1.9873915 2.7625984 21 P 0 0 ;0=21,1=0,2
P 1.9874968 1.7057039 42 P 0 0 ;0=42,1=0,2
P 1.9874968 1.7442865 42 P 0 0 ;0=42,1=0,2
P 1.9875 2.2625 10 P 0 0 ;0=10,1=0,2
P 1.9875 2.5125 10 P 0 0 ;0=10,1=0,2
P 2.0150591 1.8 8 P 0 0 ;0=8,1=0,2
P 2.025 0.43125 9 P 0 0 ;0=9,1=0,2
P 2.02667 1.6994046 41 P 0 0 ;0=41,1=0,2
P 2.02667 1.7249952 41 P 0 0 ;0=41,1=0,2
P 2.02667 1.7505857 41 P 0 0 ;0=41,1=0,2
P 2.0339567 1.875 12 P 0 0 ;0=12,1=0,2
P 2.0375 1.3899606 25 P 0 0 ;0=25,1=0,2
P 2.0375 1.4834646 24 P 0 0 ;0=24,1=0,2
P 2.0375 2.2625 10 P 0 0 ;0=10,1=0,2
P 2.0375 2.5125 10 P 0 0 ;0=10,1=0,2
P 2.0375 2.584941 3 P 0 0 ;0=3,1=0,2
P 2.0375 2.6400591 3 P 0 0 ;0=3,1=0,2
P 2.0553124 0.8714609 3 P 0 0 ;0=3,1=0,2
P 2.0553124 0.926579 3 P 0 0 ;0=3,1=0,2
P 2.0565453 0.6291831 45 P 0 0 ;0=45,1=0,2
P 2.0565453 0.6547737 45 P 0 0 ;0=45,1=0,2
P 2.0565453 0.6803642 45 P 0 0 ;0=45,1=0,2
P 2.0565453 0.7059548 45 P 0 0 ;0=45,1=0,2
P 2.0565453 0.7315453 45 P 0 0 ;0=45,1=0,2
P 2.0565453 0.7571359 45 P 0 0 ;0=45,1=0,2
P 2.0565453 0.7827264 45 P 0 0 ;0=45,1=0,2
P 2.0565453 0.808317 45 P 0 0 ;0=45,1=0,2
P 2.0625 2.747441 3 P 0 0 ;0=3,1=0,2
P 2.0625 2.8025591 3 P 0 0 ;0=3,1=0,2
P 2.075 1.1474409 3 P 0 0 ;0=3,1=0,2
P 2.075 1.202559 3 P 0 0 ;0=3,1=0,2
P 2.075 1.6974409 3 P 0 0 ;0=3,1=0,2
P 2.075 1.752559 3 P 0 0 ;0=3,1=0,2
P 2.075 1.9349409 3 P 0 0 ;0=3,1=0,2
P 2.075 1.990059 3 P 0 0 ;0=3,1=0,2
P 2.0777067 0.58125 12 P 0 0 ;0=12,1=0,2
P 2.0875 2.0333662 11 P 0 0 ;0=11,1=0,2
P 2.0875 2.1416339 11 P 0 0 ;0=11,1=0,2
P 2.0910433 1.875 12 P 0 0 ;0=12,1=0,2
P 2.1106299 1.5 13 P 0 0 ;0=13,1=0,2
P 2.1125 2.2625 10 P 0 0 ;0=10,1=0,2
P 2.1125 2.5125 10 P 0 0 ;0=10,1=0,2
P 2.1178124 0.8714609 3 P 0 0 ;0=3,1=0,2
P 2.1178124 0.926579 3 P 0 0 ;0=3,1=0,2
P 2.125 1.2714567 4 P 0 0 ;0=4,1=0,2
P 2.125 1.3285433 4 P 0 0 ;0=4,1=0,2
P 2.125 1.6974409 3 P 0 0 ;0=3,1=0,2
P 2.125 1.752559 3 P 0 0 ;0=3,1=0,2
P 2.1347933 0.58125 12 P 0 0 ;0=12,1=0,2
P 2.1375984 2.7625984 21 P 0 0 ;0=21,1=0,2
P 2.1464567 1.65 12 P 0 0 ;0=12,1=0,2
P 2.1474409 1.875 8 P 0 0 ;0=8,1=0,2
P 2.1500001 3.0354333 34 P 0 0 ;0=34,1=0,2
P 2.1500001 3.2145672 34 P 0 0 ;0=34,1=0,2
P 2.1500001 3.4854334 34 P 0 0 ;0=34,1=0,2
P 2.1500001 3.6645673 34 P 0 0 ;0=34,1=0,2
P 2.1588583 1.9482284 44 P 0 0 ;0=44,1=0,2
P 2.1588583 1.9738189 44 P 0 0 ;0=44,1=0,2
P 2.1588583 1.9994095 44 P 0 0 ;0=44,1=0,2
P 2.1588583 2.025 44 P 0 0 ;0=44,1=0,2
P 2.1588583 2.0505906 44 P 0 0 ;0=44,1=0,2
P 2.1588583 2.0761811 44 P 0 0 ;0=44,1=0,2
P 2.1588583 2.1017717 44 P 0 0 ;0=44,1=0,2
P 2.1625 2.2625 10 P 0 0 ;0=10,1=0,2
P 2.1625 2.5125 10 P 0 0 ;0=10,1=0,2
P 2.1625 2.584941 3 P 0 0 ;0=3,1=0,2
P 2.1625 2.6400591 3 P 0 0 ;0=3,1=0,2
P 2.175 1.1474409 3 P 0 0 ;0=3,1=0,2
P 2.175 1.202559 3 P 0 0 ;0=3,1=0,2
P 2.175 1.772441 3 P 0 0 ;0=3,1=0,2
P 2.175 1.8275591 3 P 0 0 ;0=3,1=0,2
P 2.175 2.8374015 21 P 0 0 ;0=21,1=0,2
P 2.1803124 0.8714609 3 P 0 0 ;0=3,1=0,2
P 2.1803124 0.926579 3 P 0 0 ;0=3,1=0,2
P 2.1941001 0.58125 12 P 0 0 ;0=12,1=0,2
P 2.202559 1.875 8 P 0 0 ;0=8,1=0,2
P 2.2035433 1.65 12 P 0 0 ;0=12,1=0,2
P 2.2106299 1.4 13 P 0 0 ;0=13,1=0,2
P 2.2124015 2.7625984 21 P 0 0 ;0=21,1=0,2
P 2.225 1.2714567 4 P 0 0 ;0=4,1=0,2
P 2.225 1.3285433 4 P 0 0 ;0=4,1=0,2
P 2.2375 2.2625 10 P 0 0 ;0=10,1=0,2
P 2.2375 2.5125 10 P 0 0 ;0=10,1=0,2
P 2.2393701 1.5 13 P 0 0 ;0=13,1=0,2
P 2.2413934 0.47382 8 P 0 0 ;0=8,1=0,2
P 2.2428124 0.8714609 3 P 0 0 ;0=3,1=0,2
P 2.2428124 0.926579 3 P 0 0 ;0=3,1=0,2
P 2.2464567 1.5875 12 P 0 0 ;0=12,1=0,2
P 2.2511867 0.58125 12 P 0 0 ;0=12,1=0,2
P 2.2641733 0.2684252 52 P 0 0 ;0=48,1=0
P 2.2641733 0.3864173 52 P 0 0 ;0=48,1=0
P 2.275 1.1474409 3 P 0 0 ;0=3,1=0,2
P 2.275 1.202559 3 P 0 0 ;0=3,1=0,2
P 2.275 2.025 43 P 0 0 ;0=43,1=0,2
P 2.2809547 0.6291831 45 P 0 0 ;0=45,1=0,2
P 2.2809547 0.6547737 45 P 0 0 ;0=45,1=0,2
P 2.2809547 0.6803642 45 P 0 0 ;0=45,1=0,2
P 2.2809547 0.7059548 45 P 0 0 ;0=45,1=0,2
P 2.2809547 0.7315453 45 P 0 0 ;0=45,1=0,2
P 2.2809547 0.7571359 45 P 0 0 ;0=45,1=0,2
P 2.2809547 0.7827264 45 P 0 0 ;0=45,1=0,2
P 2.2809547 0.808317 45 P 0 0 ;0=45,1=0,2
P 2.2875 2.2625 10 P 0 0 ;0=10,1=0,2
P 2.2875 2.5125 10 P 0 0 ;0=10,1=0,2
P 2.2875 2.747441 3 P 0 0 ;0=3,1=0,2
P 2.2875 2.8025591 3 P 0 0 ;0=3,1=0,2
P 2.2965115 0.47382 8 P 0 0 ;0=8,1=0,2
P 2.3035433 1.5875 12 P 0 0 ;0=12,1=0,2
P 2.3053124 0.8714609 3 P 0 0 ;0=3,1=0,2
P 2.3053124 0.926579 3 P 0 0 ;0=3,1=0,2
P 2.3106299 1.5 13 P 0 0 ;0=13,1=0,2
P 2.325 1.2714567 4 P 0 0 ;0=4,1=0,2
P 2.325 1.3285433 4 P 0 0 ;0=4,1=0,2
P 2.3393701 1.4 13 P 0 0 ;0=13,1=0,2
P 2.34375 0.6161909 3 P 0 0 ;0=3,1=0,2
P 2.34375 0.671309 3 P 0 0 ;0=3,1=0,2
P 2.3464567 1.65 12 P 0 0 ;0=12,1=0,2
P 2.3486615 0.0984252 46 P 0 0 ;0=47,1=0
P 2.3595034 0.47382 8 P 0 0 ;0=8,1=0,2
P 2.3625 2.2625 10 P 0 0 ;0=10,1=0,2
P 2.3625 2.5125 10 P 0 0 ;0=10,1=0,2
P 2.3625984 2.7625984 21 P 0 0 ;0=21,1=0,2
P 2.3678124 0.8714609 3 P 0 0 ;0=3,1=0,2
P 2.3678124 0.926579 3 P 0 0 ;0=3,1=0,2
P 2.375 1.1474409 3 P 0 0 ;0=3,1=0,2
P 2.375 1.202559 3 P 0 0 ;0=3,1=0,2
P 2.3750001 3.0354333 34 P 0 0 ;0=34,1=0,2
P 2.3750001 3.2145672 34 P 0 0 ;0=34,1=0,2
P 2.3750001 3.4854334 34 P 0 0 ;0=34,1=0,2
P 2.3750001 3.6645673 34 P 0 0 ;0=34,1=0,2
P 2.3821654 0.2684252 52 P 0 0 ;0=48,1=0
P 2.3821654 0.3864173 52 P 0 0 ;0=48,1=0
P 2.3911418 1.9482284 44 P 0 0 ;0=44,1=0,2
P 2.3911418 1.9738189 44 P 0 0 ;0=44,1=0,2
P 2.3911418 1.9994095 44 P 0 0 ;0=44,1=0,2
P 2.3911418 2.025 44 P 0 0 ;0=44,1=0,2
P 2.3911418 2.0505906 44 P 0 0 ;0=44,1=0,2
P 2.3911418 2.0761811 44 P 0 0 ;0=44,1=0,2
P 2.3911418 2.1017717 44 P 0 0 ;0=44,1=0,2
P 2.4 2.8374015 21 P 0 0 ;0=21,1=0,2
P 2.4035433 1.65 12 P 0 0 ;0=12,1=0,2
P 2.4106299 1.4 13 P 0 0 ;0=13,1=0,2
P 2.4125 2.2625 10 P 0 0 ;0=10,1=0,2
P 2.4125 2.5125 10 P 0 0 ;0=10,1=0,2
P 2.4146215 0.47382 8 P 0 0 ;0=8,1=0,2
P 2.425 1.2714567 4 P 0 0 ;0=4,1=0,2
P 2.425 1.3285433 4 P 0 0 ;0=4,1=0,2
P 2.4303124 0.8714609 3 P 0 0 ;0=3,1=0,2
P 2.4303124 0.926579 3 P 0 0 ;0=3,1=0,2
P 2.4374015 2.7625984 21 P 0 0 ;0=21,1=0,2
P 2.4393701 1.5 13 P 0 0 ;0=13,1=0,2
P 2.4464567 1.5875 12 P 0 0 ;0=12,1=0,2
P 2.4625 2.0464567 4 P 0 0 ;0=4,1=0,2
P 2.4625 2.1035433 4 P 0 0 ;0=4,1=0,2
P 2.465 1.9121457 7 P 0 0 ;0=7,1=0,2
P 2.465 1.9928544 7 P 0 0 ;0=7,1=0,2
P 2.475 1.1474409 3 P 0 0 ;0=3,1=0,2
P 2.475 1.202559 3 P 0 0 ;0=3,1=0,2
P 2.4776134 0.47382 8 P 0 0 ;0=8,1=0,2
P 2.4875 0.7408957 7 P 0 0 ;0=7,1=0,2
P 2.4875 0.8216044 7 P 0 0 ;0=7,1=0,2
P 2.4875 2.2625 10 P 0 0 ;0=10,1=0,2
P 2.4875 2.5125 10 P 0 0 ;0=10,1=0,2
P 2.4928124 0.8714609 3 P 0 0 ;0=3,1=0,2
P 2.4928124 0.926579 3 P 0 0 ;0=3,1=0,2
P 2.49375 0.534941 3 P 0 0 ;0=3,1=0,2
P 2.49375 0.5900591 3 P 0 0 ;0=3,1=0,2
P 2.49375 0.6402067 4 P 0 0 ;0=4,1=0,2
P 2.49375 0.6972933 4 P 0 0 ;0=4,1=0,2
P 2.5001575 0.2684252 52 P 0 0 ;0=48,1=0
P 2.5001575 0.3864173 52 P 0 0 ;0=48,1=0
P 2.5035433 1.5875 12 P 0 0 ;0=12,1=0,2
P 2.5106299 1.5 13 P 0 0 ;0=13,1=0,2
P 2.5125 2.747441 3 P 0 0 ;0=3,1=0,2
P 2.5125 2.8025591 3 P 0 0 ;0=3,1=0,2
P 2.522441 1.9125 8 P 0 0 ;0=8,1=0,2
P 2.525 1.2714567 4 P 0 0 ;0=4,1=0,2
P 2.525 1.3285433 4 P 0 0 ;0=4,1=0,2
P 2.5327315 0.47382 8 P 0 0 ;0=8,1=0,2
P 2.5375 2.2625 10 P 0 0 ;0=10,1=0,2
P 2.5375 2.5125 10 P 0 0 ;0=10,1=0,2
P 2.5393701 1.4 13 P 0 0 ;0=13,1=0,2
P 2.5464567 1.65 12 P 0 0 ;0=12,1=0,2
P 2.55625 0.534941 3 P 0 0 ;0=3,1=0,2
P 2.55625 0.5900591 3 P 0 0 ;0=3,1=0,2
P 2.55625 0.6402067 4 P 0 0 ;0=4,1=0,2
P 2.55625 0.6972933 4 P 0 0 ;0=4,1=0,2
P 2.575 1.1474409 3 P 0 0 ;0=3,1=0,2
P 2.575 1.202559 3 P 0 0 ;0=3,1=0,2
P 2.5775591 1.9125 8 P 0 0 ;0=8,1=0,2
P 2.5853543 2.075 14 P 0 0 ;0=14,1=0,2
P 2.5875984 2.7625984 21 P 0 0 ;0=21,1=0,2
P 2.5910925 0.7854331 19 P 0 0 ;0=19,1=0,2
P 2.5910925 0.8110237 19 P 0 0 ;0=19,1=0,2
P 2.5910925 0.8366142 19 P 0 0 ;0=19,1=0,2
P 2.5910925 0.8622048 19 P 0 0 ;0=19,1=0,2
P 2.5910925 0.8877953 19 P 0 0 ;0=19,1=0,2
P 2.5910925 0.9133859 19 P 0 0 ;0=19,1=0,2
P 2.5910925 0.9389764 19 P 0 0 ;0=19,1=0,2
P 2.5910925 0.964567 19 P 0 0 ;0=19,1=0,2
P 2.5957334 0.47382 8 P 0 0 ;0=8,1=0,2
P 2.6000001 3.0354333 34 P 0 0 ;0=34,1=0,2
P 2.6000001 3.2145672 34 P 0 0 ;0=34,1=0,2
P 2.6000001 3.4854334 34 P 0 0 ;0=34,1=0,2
P 2.6000001 3.6645673 34 P 0 0 ;0=34,1=0,2
P 2.6035433 1.65 12 P 0 0 ;0=12,1=0,2
P 2.6106299 1.4 13 P 0 0 ;0=13,1=0,2
P 2.6125 2.2625 10 P 0 0 ;0=10,1=0,2
P 2.6125 2.5125 10 P 0 0 ;0=10,1=0,2
P 2.6181497 0.2684252 52 P 0 0 ;0=48,1=0
P 2.6181497 0.3864173 52 P 0 0 ;0=48,1=0
P 2.61875 0.534941 3 P 0 0 ;0=3,1=0,2
P 2.61875 0.5900591 3 P 0 0 ;0=3,1=0,2
P 2.61875 0.6402067 4 P 0 0 ;0=4,1=0,2
P 2.61875 0.6972933 4 P 0 0 ;0=4,1=0,2
P 2.625 1.2714567 4 P 0 0 ;0=4,1=0,2
P 2.625 1.3285433 4 P 0 0 ;0=4,1=0,2
P 2.625 2.8374015 21 P 0 0 ;0=21,1=0,2
P 2.6339567 1.85 12 P 0 0 ;0=12,1=0,2
P 2.634941 1.9125 8 P 0 0 ;0=8,1=0,2
P 2.6393701 1.5 13 P 0 0 ;0=13,1=0,2
P 2.6464567 1.5875 12 P 0 0 ;0=12,1=0,2
P 2.6508515 0.47382 8 P 0 0 ;0=8,1=0,2
P 2.6624015 2.7625984 21 P 0 0 ;0=21,1=0,2
P 2.6625 2.2625 10 P 0 0 ;0=10,1=0,2
P 2.6625 2.5125 10 P 0 0 ;0=10,1=0,2
P 2.67421 1.1469509 3 P 0 0 ;0=3,1=0,2
P 2.67421 1.202069 3 P 0 0 ;0=3,1=0,2
P 2.68125 0.534941 3 P 0 0 ;0=3,1=0,2
P 2.68125 0.5900591 3 P 0 0 ;0=3,1=0,2
P 2.68125 0.6402067 4 P 0 0 ;0=4,1=0,2
P 2.68125 0.6972933 4 P 0 0 ;0=4,1=0,2
P 2.6900591 1.9125 8 P 0 0 ;0=8,1=0,2
P 2.6910433 1.85 12 P 0 0 ;0=12,1=0,2
P 2.7035433 1.5875 12 P 0 0 ;0=12,1=0,2
P 2.7098399 1.49951 13 P 0 0 ;0=13,1=0,2
P 2.7138434 0.47382 8 P 0 0 ;0=8,1=0,2
P 2.72421 1.2709667 4 P 0 0 ;0=4,1=0,2
P 2.72421 1.3280533 4 P 0 0 ;0=4,1=0,2
P 2.7361811 0.2684252 52 P 0 0 ;0=48,1=0
P 2.7361811 0.3864173 52 P 0 0 ;0=48,1=0
P 2.7375 2.747441 3 P 0 0 ;0=3,1=0,2
P 2.7375 2.8025591 3 P 0 0 ;0=3,1=0,2
P 2.7393701 1.4 13 P 0 0 ;0=13,1=0,2
P 2.74375 0.534941 3 P 0 0 ;0=3,1=0,2
P 2.74375 0.5900591 3 P 0 0 ;0=3,1=0,2
P 2.74375 0.6402067 4 P 0 0 ;0=4,1=0,2
P 2.74375 0.6972933 4 P 0 0 ;0=4,1=0,2
P 2.7456667 1.64951 12 P 0 0 ;0=12,1=0,2
P 2.7546456 2.075 14 P 0 0 ;0=14,1=0,2
P 2.7625 1.8346457 7 P 0 0 ;0=7,1=0,2
P 2.7625 1.9153544 7 P 0 0 ;0=7,1=0,2
P 2.7689615 0.47382 8 P 0 0 ;0=8,1=0,2
P 2.77421 1.1469509 3 P 0 0 ;0=3,1=0,2
P 2.77421 1.202069 3 P 0 0 ;0=3,1=0,2
P 2.7875 2.2938977 20 P 0 0 ;0=20,1=0,2
P 2.7875 2.4061024 20 P 0 0 ;0=20,1=0,2
P 2.8027533 1.64951 12 P 0 0 ;0=12,1=0,2
P 2.80625 0.534941 3 P 0 0 ;0=3,1=0,2
P 2.80625 0.5900591 3 P 0 0 ;0=3,1=0,2
P 2.80625 0.6402067 4 P 0 0 ;0=4,1=0,2
P 2.80625 0.6972933 4 P 0 0 ;0=4,1=0,2
P 2.8098395 1.3995098 13 P 0 0 ;0=13,1=0,2
P 2.8125984 2.7625984 21 P 0 0 ;0=21,1=0,2
P 2.8214075 0.7854331 19 P 0 0 ;0=19,1=0,2
P 2.8214075 0.8110237 19 P 0 0 ;0=19,1=0,2
P 2.8214075 0.8366142 19 P 0 0 ;0=19,1=0,2
P 2.8214075 0.8622048 19 P 0 0 ;0=19,1=0,2
P 2.8214075 0.8877953 19 P 0 0 ;0=19,1=0,2
P 2.8214075 0.9133859 19 P 0 0 ;0=19,1=0,2
P 2.8214075 0.9389764 19 P 0 0 ;0=19,1=0,2
P 2.8214075 0.964567 19 P 0 0 ;0=19,1=0,2
P 2.82421 1.2709667 4 P 0 0 ;0=4,1=0,2
P 2.82421 1.3280533 4 P 0 0 ;0=4,1=0,2
P 2.8250001 3.0354333 34 P 0 0 ;0=34,1=0,2
P 2.8250001 3.2145672 34 P 0 0 ;0=34,1=0,2
P 2.8250001 3.4854334 34 P 0 0 ;0=34,1=0,2
P 2.8250001 3.6645673 34 P 0 0 ;0=34,1=0,2
P 2.8319534 0.47382 8 P 0 0 ;0=8,1=0,2
P 2.8385801 1.49951 13 P 0 0 ;0=13,1=0,2
P 2.84 1.8346457 7 P 0 0 ;0=7,1=0,2
P 2.84 1.9153544 7 P 0 0 ;0=7,1=0,2
P 2.8464567 1.5875 12 P 0 0 ;0=12,1=0,2
P 2.85 2.8374015 21 P 0 0 ;0=21,1=0,2
P 2.8541733 0.2684252 52 P 0 0 ;0=48,1=0
P 2.8541733 0.3864173 52 P 0 0 ;0=48,1=0
P 2.86 1.9760827 22 P 0 0 ;0=22,1=0,2
P 2.86 2.0489173 22 P 0 0 ;0=22,1=0,2
P 2.86875 0.534941 3 P 0 0 ;0=3,1=0,2
P 2.86875 0.5900591 3 P 0 0 ;0=3,1=0,2
P 2.86875 0.6402067 4 P 0 0 ;0=4,1=0,2
P 2.86875 0.6972933 4 P 0 0 ;0=4,1=0,2
P 2.87421 1.1469509 3 P 0 0 ;0=3,1=0,2
P 2.87421 1.202069 3 P 0 0 ;0=3,1=0,2
P 2.8870715 0.47382 8 P 0 0 ;0=8,1=0,2
P 2.8874015 2.7625984 21 P 0 0 ;0=21,1=0,2
P 2.9 2.3135827 22 P 0 0 ;0=22,1=0,2
P 2.9 2.3864173 22 P 0 0 ;0=22,1=0,2
P 2.9035433 1.5875 12 P 0 0 ;0=12,1=0,2
P 2.9098399 1.49951 13 P 0 0 ;0=13,1=0,2
P 2.922441 2.115 8 P 0 0 ;0=8,1=0,2
P 2.922441 2.17 8 P 0 0 ;0=8,1=0,2
P 2.922441 2.225 8 P 0 0 ;0=8,1=0,2
P 2.92421 1.2709667 4 P 0 0 ;0=4,1=0,2
P 2.92421 1.3280533 4 P 0 0 ;0=4,1=0,2
P 2.93125 0.534941 3 P 0 0 ;0=3,1=0,2
P 2.93125 0.5900591 3 P 0 0 ;0=3,1=0,2
P 2.93125 0.6402067 4 P 0 0 ;0=4,1=0,2
P 2.93125 0.6972933 4 P 0 0 ;0=4,1=0,2
P 2.9385797 1.3995098 13 P 0 0 ;0=13,1=0,2
P 2.9438485 0.7965059 30 P 0 0 ;0=30,1=0,2
P 2.9438485 0.8909941 30 P 0 0 ;0=30,1=0,2
P 2.9456667 1.64951 12 P 0 0 ;0=12,1=0,2
P 2.9500634 0.47382 8 P 0 0 ;0=8,1=0,2
P 2.9625 2.747441 3 P 0 0 ;0=3,1=0,2
P 2.9625 2.8025591 3 P 0 0 ;0=3,1=0,2
P 2.9721654 0.2684252 52 P 0 0 ;0=48,1=0
P 2.9721654 0.3864173 52 P 0 0 ;0=48,1=0
P 2.97421 1.1469509 3 P 0 0 ;0=3,1=0,2
P 2.97421 1.202069 3 P 0 0 ;0=3,1=0,2
P 2.975 2.2958661 11 P 0 0 ;0=11,1=0,2
P 2.975 2.4041338 11 P 0 0 ;0=11,1=0,2
P 2.9775591 2.115 8 P 0 0 ;0=8,1=0,2
P 2.9775591 2.17 8 P 0 0 ;0=8,1=0,2
P 2.9775591 2.225 8 P 0 0 ;0=8,1=0,2
P 2.9786909 0.96875 8 P 0 0 ;0=8,1=0,2
P 2.98125 0.8909941 30 P 0 0 ;0=30,1=0,2
P 2.9910926 0.71875 8 P 0 0 ;0=8,1=0,2
P 3.0027533 1.64951 12 P 0 0 ;0=12,1=0,2
P 3.0051815 0.47382 8 P 0 0 ;0=8,1=0,2
P 3.0056693 0.0984252 46 P 0 0 ;0=47,1=0
P 3.0098399 1.39951 13 P 0 0 ;0=13,1=0,2
P 3.0186516 0.7965059 30 P 0 0 ;0=30,1=0,2
P 3.0186516 0.8909941 30 P 0 0 ;0=30,1=0,2
P 3.02421 1.2709667 4 P 0 0 ;0=4,1=0,2
P 3.02421 1.3280533 4 P 0 0 ;0=4,1=0,2
P 3.033809 0.96875 8 P 0 0 ;0=8,1=0,2
P 3.0375984 2.7625984 21 P 0 0 ;0=21,1=0,2
P 3.0380906 1.8148622 18 P 0 0 ;0=18,1=0,2
P 3.0380906 1.8345472 18 P 0 0 ;0=18,1=0,2
P 3.0380906 1.8542322 18 P 0 0 ;0=18,1=0,2
P 3.0380906 1.8739173 18 P 0 0 ;0=18,1=0,2
P 3.0380906 1.8936023 18 P 0 0 ;0=18,1=0,2
P 3.0380906 1.9132874 18 P 0 0 ;0=18,1=0,2
P 3.0380906 1.9329724 18 P 0 0 ;0=18,1=0,2
P 3.0380906 1.9526574 18 P 0 0 ;0=18,1=0,2
P 3.0380906 1.9723425 18 P 0 0 ;0=18,1=0,2
P 3.0380906 1.9920275 18 P 0 0 ;0=18,1=0,2
P 3.0380906 2.0117125 18 P 0 0 ;0=18,1=0,2
P 3.0380906 2.0313976 18 P 0 0 ;0=18,1=0,2
P 3.0380906 2.0510826 18 P 0 0 ;0=18,1=0,2
P 3.0380906 2.0707677 18 P 0 0 ;0=18,1=0,2
P 3.0380906 2.0904527 18 P 0 0 ;0=18,1=0,2
P 3.0380906 2.1101377 18 P 0 0 ;0=18,1=0,2
P 3.0385801 1.49951 13 P 0 0 ;0=13,1=0,2
P 3.0462107 0.71875 8 P 0 0 ;0=8,1=0,2
P 3.0464567 1.5875 12 P 0 0 ;0=12,1=0,2
P 3.0492101 3.4854334 34 P 0 0 ;0=34,1=0,2
P 3.0492101 3.6645673 34 P 0 0 ;0=34,1=0,2
P 3.0498158 3.0354333 34 P 0 0 ;0=34,1=0,2
P 3.0498158 3.2145672 34 P 0 0 ;0=34,1=0,2
P 3.0681734 0.47382 8 P 0 0 ;0=8,1=0,2
P 3.07421 1.1469509 3 P 0 0 ;0=3,1=0,2
P 3.07421 1.202069 3 P 0 0 ;0=3,1=0,2
P 3.075 2.8374015 21 P 0 0 ;0=21,1=0,2
P 3.0875 2.2869118 3 P 0 0 ;0=3,1=0,2
P 3.0875 2.3420299 3 P 0 0 ;0=3,1=0,2
P 3.0875 2.3911909 3 P 0 0 ;0=3,1=0,2
P 3.0875 2.446309 3 P 0 0 ;0=3,1=0,2
P 3.0901575 0.2684252 52 P 0 0 ;0=48,1=0
P 3.0901575 0.3864173 52 P 0 0 ;0=48,1=0
P 3.1 2.5125 9 P 0 0 ;0=9,1=0,2
P 3.1035433 1.5875 12 P 0 0 ;0=12,1=0,2
P 3.10625 0.7783956 7 P 0 0 ;0=7,1=0,2
P 3.10625 0.8591043 7 P 0 0 ;0=7,1=0,2
P 3.1098399 1.49951 13 P 0 0 ;0=13,1=0,2
P 3.1124015 2.7625984 21 P 0 0 ;0=21,1=0,2
P 3.1148623 1.7380905 17 P 0 0 ;0=17,1=0,2
P 3.1148623 2.1869094 17 P 0 0 ;0=17,1=0,2
P 3.1232915 0.47382 8 P 0 0 ;0=8,1=0,2
P 3.12421 1.2709667 4 P 0 0 ;0=4,1=0,2
P 3.12421 1.3280533 4 P 0 0 ;0=4,1=0,2
P 3.1345473 1.7380905 17 P 0 0 ;0=17,1=0,2
P 3.1345473 2.1869094 17 P 0 0 ;0=17,1=0,2
P 3.1385801 1.39951 13 P 0 0 ;0=13,1=0,2
P 3.1456667 1.64951 12 P 0 0 ;0=12,1=0,2
P 3.1542323 1.7380905 17 P 0 0 ;0=17,1=0,2
P 3.1542323 2.1869094 17 P 0 0 ;0=17,1=0,2
P 3.1625 2.2869118 3 P 0 0 ;0=3,1=0,2
P 3.1625 2.3420299 3 P 0 0 ;0=3,1=0,2
P 3.1739174 1.7380905 17 P 0 0 ;0=17,1=0,2
P 3.1739174 2.1869094 17 P 0 0 ;0=17,1=0,2
P 3.17421 1.1469509 3 P 0 0 ;0=3,1=0,2
P 3.17421 1.202069 3 P 0 0 ;0=3,1=0,2
P 3.1841509 0.8724711 3 P 0 0 ;0=3,1=0,2
P 3.1841509 0.9275892 3 P 0 0 ;0=3,1=0,2
P 3.1875 0.3589567 4 P 0 0 ;0=4,1=0,2
P 3.1875 0.4160433 4 P 0 0 ;0=4,1=0,2
P 3.1875 2.747441 3 P 0 0 ;0=3,1=0,2
P 3.1875 2.8025591 3 P 0 0 ;0=3,1=0,2
P 3.1936024 1.7380905 17 P 0 0 ;0=17,1=0,2
P 3.1936024 2.1869094 17 P 0 0 ;0=17,1=0,2
P 3.2027533 1.64951 12 P 0 0 ;0=12,1=0,2
P 3.2036909 2.5125 8 P 0 0 ;0=8,1=0,2
P 3.2098399 1.39951 13 P 0 0 ;0=13,1=0,2
P 3.2127953 0.5979331 45 P 0 0 ;0=45,1=0,2
P 3.2127953 0.6235237 45 P 0 0 ;0=45,1=0,2
P 3.2127953 0.6491142 45 P 0 0 ;0=45,1=0,2
P 3.2127953 0.6747048 45 P 0 0 ;0=45,1=0,2
P 3.2127953 0.7002953 45 P 0 0 ;0=45,1=0,2
P 3.2127953 0.7258859 45 P 0 0 ;0=45,1=0,2
P 3.2127953 0.7514764 45 P 0 0 ;0=45,1=0,2
P 3.2127953 0.777067 45 P 0 0 ;0=45,1=0,2
P 3.2132875 1.7380905 17 P 0 0 ;0=17,1=0,2
P 3.2132875 2.1869094 17 P 0 0 ;0=17,1=0,2
P 3.22421 1.2709667 4 P 0 0 ;0=4,1=0,2
P 3.22421 1.3280533 4 P 0 0 ;0=4,1=0,2
P 3.225 2.2869119 3 P 0 0 ;0=3,1=0,2
P 3.225 2.34203 3 P 0 0 ;0=3,1=0,2
P 3.2329725 1.7380905 17 P 0 0 ;0=17,1=0,2
P 3.2329725 2.1869094 17 P 0 0 ;0=17,1=0,2
P 3.2339567 0.55 12 P 0 0 ;0=12,1=0,2
P 3.2385801 1.49951 13 P 0 0 ;0=13,1=0,2
P 3.2464567 1.5875 12 P 0 0 ;0=12,1=0,2
P 3.2466509 0.8724711 3 P 0 0 ;0=3,1=0,2
P 3.2466509 0.9275892 3 P 0 0 ;0=3,1=0,2
P 3.2526575 1.7380905 17 P 0 0 ;0=17,1=0,2
P 3.2526575 2.1869094 17 P 0 0 ;0=17,1=0,2
P 3.258809 2.5125 8 P 0 0 ;0=8,1=0,2
P 3.2625 1.9625 16 P 0 0 ;0=16,1=0,2
P 3.2625984 2.7625984 21 P 0 0 ;0=21,1=0,2
P 3.2723426 1.7380905 17 P 0 0 ;0=17,1=0,2
P 3.2723426 2.1869094 17 P 0 0 ;0=17,1=0,2
P 3.27421 1.1469509 3 P 0 0 ;0=3,1=0,2
P 3.27421 1.202069 3 P 0 0 ;0=3,1=0,2
P 3.2750001 3.0354333 34 P 0 0 ;0=34,1=0,2
P 3.2750001 3.2145672 34 P 0 0 ;0=34,1=0,2
P 3.2750001 3.4854334 34 P 0 0 ;0=34,1=0,2
P 3.2750001 3.6645673 34 P 0 0 ;0=34,1=0,2
P 3.2875 2.2869118 3 P 0 0 ;0=3,1=0,2
P 3.2875 2.3420299 3 P 0 0 ;0=3,1=0,2
P 3.2910433 0.55 12 P 0 0 ;0=12,1=0,2
P 3.2920276 1.7380905 17 P 0 0 ;0=17,1=0,2
P 3.2920276 2.1869094 17 P 0 0 ;0=17,1=0,2
P 3.3 2.644882 3 P 0 0 ;0=3,1=0,2
P 3.3 2.7000001 3 P 0 0 ;0=3,1=0,2
P 3.3 2.8374015 21 P 0 0 ;0=21,1=0,2
P 3.3035433 1.5875 12 P 0 0 ;0=12,1=0,2
P 3.3091509 0.8724711 3 P 0 0 ;0=3,1=0,2
P 3.3091509 0.9275892 3 P 0 0 ;0=3,1=0,2
P 3.3098399 1.49951 13 P 0 0 ;0=13,1=0,2
P 3.3099409 2.5125 8 P 0 0 ;0=8,1=0,2
P 3.3117126 1.7380905 17 P 0 0 ;0=17,1=0,2
P 3.3117126 2.1869094 17 P 0 0 ;0=17,1=0,2
P 3.32421 1.2709667 4 P 0 0 ;0=4,1=0,2
P 3.32421 1.3280533 4 P 0 0 ;0=4,1=0,2
P 3.3313977 1.7380905 17 P 0 0 ;0=17,1=0,2
P 3.3313977 2.1869094 17 P 0 0 ;0=17,1=0,2
P 3.3374015 2.7625984 21 P 0 0 ;0=21,1=0,2
P 3.3385801 1.39951 13 P 0 0 ;0=13,1=0,2
P 3.3456667 1.64951 12 P 0 0 ;0=12,1=0,2
P 3.3464567 0.55 12 P 0 0 ;0=12,1=0,2
P 3.3510827 1.7380905 17 P 0 0 ;0=17,1=0,2
P 3.3510827 2.1869094 17 P 0 0 ;0=17,1=0,2
P 3.3625 2.2846456 7 P 0 0 ;0=7,1=0,2
P 3.3625 2.3653543 7 P 0 0 ;0=7,1=0,2
P 3.365059 2.5125 8 P 0 0 ;0=8,1=0,2
P 3.3682319 0.4748302 8 P 0 0 ;0=8,1=0,2
P 3.3707678 1.7380905 17 P 0 0 ;0=17,1=0,2
P 3.3707678 2.1869094 17 P 0 0 ;0=17,1=0,2
P 3.3716509 0.8724711 3 P 0 0 ;0=3,1=0,2
P 3.3716509 0.9275892 3 P 0 0 ;0=3,1=0,2
P 3.37421 1.1469509 3 P 0 0 ;0=3,1=0,2
P 3.37421 1.202069 3 P 0 0 ;0=3,1=0,2
P 3.3862205 0.2684252 52 P 0 0 ;0=48,1=0
P 3.3862205 0.3864173 52 P 0 0 ;0=48,1=0
P 3.3904528 1.7380905 17 P 0 0 ;0=17,1=0,2
P 3.3904528 2.1869094 17 P 0 0 ;0=17,1=0,2
P 3.4027533 1.64951 12 P 0 0 ;0=12,1=0,2
P 3.4035433 0.55 12 P 0 0 ;0=12,1=0,2
P 3.4098399 1.39951 13 P 0 0 ;0=13,1=0,2
P 3.4101378 1.7380905 17 P 0 0 ;0=17,1=0,2
P 3.4101378 2.1869094 17 P 0 0 ;0=17,1=0,2
P 3.4125 2.747441 3 P 0 0 ;0=3,1=0,2
P 3.4125 2.8025591 3 P 0 0 ;0=3,1=0,2
P 3.42335 0.4748302 8 P 0 0 ;0=8,1=0,2
P 3.42421 1.2709667 4 P 0 0 ;0=4,1=0,2
P 3.42421 1.3280533 4 P 0 0 ;0=4,1=0,2
P 3.4341509 0.8724711 3 P 0 0 ;0=3,1=0,2
P 3.4341509 0.9275892 3 P 0 0 ;0=3,1=0,2
P 3.4372047 0.5979331 45 P 0 0 ;0=45,1=0,2
P 3.4372047 0.6235237 45 P 0 0 ;0=45,1=0,2
P 3.4372047 0.6491142 45 P 0 0 ;0=45,1=0,2
P 3.4372047 0.6747048 45 P 0 0 ;0=45,1=0,2
P 3.4372047 0.7002953 45 P 0 0 ;0=45,1=0,2
P 3.4372047 0.7258859 45 P 0 0 ;0=45,1=0,2
P 3.4372047 0.7514764 45 P 0 0 ;0=45,1=0,2
P 3.4372047 0.777067 45 P 0 0 ;0=45,1=0,2
P 3.4375 2.2846456 7 P 0 0 ;0=7,1=0,2
P 3.4375 2.3653543 7 P 0 0 ;0=7,1=0,2
P 3.4375 2.5125 9 P 0 0 ;0=9,1=0,2
P 3.4385801 1.49951 13 P 0 0 ;0=13,1=0,2
P 3.4464567 1.5875 12 P 0 0 ;0=12,1=0,2
P 3.4707087 0.0984252 46 P 0 0 ;0=47,1=0
P 3.47421 1.1469509 3 P 0 0 ;0=3,1=0,2
P 3.47421 1.202069 3 P 0 0 ;0=3,1=0,2
P 3.4863419 0.4748302 8 P 0 0 ;0=8,1=0,2
P 3.4869095 1.8148622 18 P 0 0 ;0=18,1=0,2
P 3.4869095 1.8345472 18 P 0 0 ;0=18,1=0,2
P 3.4869095 1.8542322 18 P 0 0 ;0=18,1=0,2
P 3.4869095 1.8739173 18 P 0 0 ;0=18,1=0,2
P 3.4869095 1.8936023 18 P 0 0 ;0=18,1=0,2
P 3.4869095 1.9132874 18 P 0 0 ;0=18,1=0,2
P 3.4869095 1.9329724 18 P 0 0 ;0=18,1=0,2
P 3.4869095 1.9526574 18 P 0 0 ;0=18,1=0,2
P 3.4869095 1.9723425 18 P 0 0 ;0=18,1=0,2
P 3.4869095 1.9920275 18 P 0 0 ;0=18,1=0,2
P 3.4869095 2.0117125 18 P 0 0 ;0=18,1=0,2
P 3.4869095 2.0313976 18 P 0 0 ;0=18,1=0,2
P 3.4869095 2.0510826 18 P 0 0 ;0=18,1=0,2
P 3.4869095 2.0707677 18 P 0 0 ;0=18,1=0,2
P 3.4869095 2.0904527 18 P 0 0 ;0=18,1=0,2
P 3.4869095 2.1101377 18 P 0 0 ;0=18,1=0,2
P 3.4875984 2.7625984 21 P 0 0 ;0=21,1=0,2
P 3.4966509 0.8724711 3 P 0 0 ;0=3,1=0,2
P 3.4966509 0.9275892 3 P 0 0 ;0=3,1=0,2
P 3.5 0.5849409 3 P 0 0 ;0=3,1=0,2
P 3.5 0.640059 3 P 0 0 ;0=3,1=0,2
P 3.5000001 3.0354333 34 P 0 0 ;0=34,1=0,2
P 3.5000001 3.2145672 34 P 0 0 ;0=34,1=0,2
P 3.5000001 3.4854334 34 P 0 0 ;0=34,1=0,2
P 3.5000001 3.6645673 34 P 0 0 ;0=34,1=0,2
P 3.5035433 1.5875 12 P 0 0 ;0=12,1=0,2
P 3.5042126 0.2684252 52 P 0 0 ;0=48,1=0
P 3.5042126 0.3864173 52 P 0 0 ;0=48,1=0
P 3.5098399 1.49951 13 P 0 0 ;0=13,1=0,2
P 3.5125 2.2846456 7 P 0 0 ;0=7,1=0,2
P 3.5125 2.3653543 7 P 0 0 ;0=7,1=0,2
P 3.52421 1.2709667 4 P 0 0 ;0=4,1=0,2
P 3.52421 1.3280533 4 P 0 0 ;0=4,1=0,2
P 3.525 2.644882 3 P 0 0 ;0=3,1=0,2
P 3.525 2.7000001 3 P 0 0 ;0=3,1=0,2
P 3.525 2.8374015 21 P 0 0 ;0=21,1=0,2
P 3.5325 2.1556003 3 P 0 0 ;0=3,1=0,2
P 3.5325 2.2107184 3 P 0 0 ;0=3,1=0,2
P 3.5385801 1.39951 13 P 0 0 ;0=13,1=0,2
P 3.54146 0.4748302 8 P 0 0 ;0=8,1=0,2
P 3.5456667 1.64951 12 P 0 0 ;0=12,1=0,2
P 3.5591509 0.8724711 3 P 0 0 ;0=3,1=0,2
P 3.5591509 0.9275892 3 P 0 0 ;0=3,1=0,2
P 3.5624015 2.7625984 21 P 0 0 ;0=21,1=0,2
P 3.57421 1.1469509 3 P 0 0 ;0=3,1=0,2
P 3.57421 1.202069 3 P 0 0 ;0=3,1=0,2
P 3.6027533 1.64951 12 P 0 0 ;0=12,1=0,2
P 3.6044519 0.4748302 8 P 0 0 ;0=8,1=0,2
P 3.6089567 2.35 12 P 0 0 ;0=12,1=0,2
P 3.609151 1.79547 8 P 0 0 ;0=8,1=0,2
P 3.609151 1.84921 8 P 0 0 ;0=8,1=0,2
P 3.6098399 1.39951 13 P 0 0 ;0=13,1=0,2
P 3.609941 1.91875 8 P 0 0 ;0=8,1=0,2
P 3.609941 1.975 8 P 0 0 ;0=8,1=0,2
P 3.609941 2.04375 8 P 0 0 ;0=8,1=0,2
P 3.609941 2.1 8 P 0 0 ;0=8,1=0,2
P 3.609941 2.16875 8 P 0 0 ;0=8,1=0,2
P 3.609941 2.225 8 P 0 0 ;0=8,1=0,2
P 3.609941 2.29375 8 P 0 0 ;0=8,1=0,2
P 3.609941 2.40625 8 P 0 0 ;0=8,1=0,2
P 3.61875 0.534941 3 P 0 0 ;0=3,1=0,2
P 3.61875 0.5900591 3 P 0 0 ;0=3,1=0,2
P 3.61875 0.6402067 4 P 0 0 ;0=4,1=0,2
P 3.61875 0.6972933 4 P 0 0 ;0=4,1=0,2
P 3.6216509 0.8724711 3 P 0 0 ;0=3,1=0,2
P 3.6216509 0.9275892 3 P 0 0 ;0=3,1=0,2
P 3.6222047 0.2684252 52 P 0 0 ;0=48,1=0
P 3.6222047 0.3864173 52 P 0 0 ;0=48,1=0
P 3.62421 1.2709667 4 P 0 0 ;0=4,1=0,2
P 3.62421 1.3280533 4 P 0 0 ;0=4,1=0,2
P 3.6375 2.747441 3 P 0 0 ;0=3,1=0,2
P 3.6375 2.8025591 3 P 0 0 ;0=3,1=0,2
P 3.6385801 1.49951 13 P 0 0 ;0=13,1=0,2
P 3.6464567 1.5875 12 P 0 0 ;0=12,1=0,2
P 3.65957 0.4748302 8 P 0 0 ;0=8,1=0,2
P 3.6642691 1.79547 8 P 0 0 ;0=8,1=0,2
P 3.6642691 1.84921 8 P 0 0 ;0=8,1=0,2
P 3.6650591 1.91875 8 P 0 0 ;0=8,1=0,2
P 3.6650591 1.975 8 P 0 0 ;0=8,1=0,2
P 3.6650591 2.04375 8 P 0 0 ;0=8,1=0,2
P 3.6650591 2.1 8 P 0 0 ;0=8,1=0,2
P 3.6650591 2.16875 8 P 0 0 ;0=8,1=0,2
P 3.6650591 2.225 8 P 0 0 ;0=8,1=0,2
P 3.6650591 2.29375 8 P 0 0 ;0=8,1=0,2
P 3.6650591 2.40625 8 P 0 0 ;0=8,1=0,2
P 3.6660433 2.35 12 P 0 0 ;0=12,1=0,2
P 3.67421 1.1469509 3 P 0 0 ;0=3,1=0,2
P 3.67421 1.202069 3 P 0 0 ;0=3,1=0,2
P 3.68125 0.534941 3 P 0 0 ;0=3,1=0,2
P 3.68125 0.5900591 3 P 0 0 ;0=3,1=0,2
P 3.68125 0.6402067 4 P 0 0 ;0=4,1=0,2
P 3.68125 0.6972933 4 P 0 0 ;0=4,1=0,2
P 3.7035433 1.5875 12 P 0 0 ;0=12,1=0,2
P 3.7098399 1.49951 13 P 0 0 ;0=13,1=0,2
P 3.7125984 2.7625984 21 P 0 0 ;0=21,1=0,2
P 3.7160925 0.7854331 19 P 0 0 ;0=19,1=0,2
P 3.7160925 0.8110237 19 P 0 0 ;0=19,1=0,2
P 3.7160925 0.8366142 19 P 0 0 ;0=19,1=0,2
P 3.7160925 0.8622048 19 P 0 0 ;0=19,1=0,2
P 3.7160925 0.8877953 19 P 0 0 ;0=19,1=0,2
P 3.7160925 0.9133859 19 P 0 0 ;0=19,1=0,2
P 3.7160925 0.9389764 19 P 0 0 ;0=19,1=0,2
P 3.7160925 0.964567 19 P 0 0 ;0=19,1=0,2
P 3.7225619 0.4748302 8 P 0 0 ;0=8,1=0,2
P 3.72421 1.2709667 4 P 0 0 ;0=4,1=0,2
P 3.72421 1.3280533 4 P 0 0 ;0=4,1=0,2
P 3.7250001 3.0354333 34 P 0 0 ;0=34,1=0,2
P 3.7250001 3.2145672 34 P 0 0 ;0=34,1=0,2
P 3.7250001 3.4854334 34 P 0 0 ;0=34,1=0,2
P 3.7250001 3.6645673 34 P 0 0 ;0=34,1=0,2
P 3.7385801 1.39951 13 P 0 0 ;0=13,1=0,2
P 3.7401969 0.2684252 52 P 0 0 ;0=48,1=0
P 3.7401969 0.3864173 52 P 0 0 ;0=48,1=0
P 3.74375 0.534941 3 P 0 0 ;0=3,1=0,2
P 3.74375 0.5900591 3 P 0 0 ;0=3,1=0,2
P 3.74375 0.6402067 4 P 0 0 ;0=4,1=0,2
P 3.74375 0.6972933 4 P 0 0 ;0=4,1=0,2
P 3.74547 2.0879409 3 P 0 0 ;0=3,1=0,2
P 3.74547 2.143059 3 P 0 0 ;0=3,1=0,2
P 3.7456667 1.64951 12 P 0 0 ;0=12,1=0,2
P 3.74921 1.8102362 26 P 0 0 ;0=26,1=0,2
P 3.74921 2.0228346 26 P 0 0 ;0=26,1=0,2
P 3.75 2.644882 3 P 0 0 ;0=3,1=0,2
P 3.75 2.7000001 3 P 0 0 ;0=3,1=0,2
P 3.75 2.8374015 21 P 0 0 ;0=21,1=0,2
P 3.7625 2.21875 9 P 0 0 ;0=9,1=0,2
P 3.7625 2.275 9 P 0 0 ;0=9,1=0,2
P 3.7625 2.33125 9 P 0 0 ;0=9,1=0,2
P 3.7625 2.3875 9 P 0 0 ;0=9,1=0,2
P 3.77421 1.1469509 3 P 0 0 ;0=3,1=0,2
P 3.77421 1.202069 3 P 0 0 ;0=3,1=0,2
P 3.77768 0.4748302 8 P 0 0 ;0=8,1=0,2
P 3.7874015 2.7625984 21 P 0 0 ;0=21,1=0,2
P 3.7908956 1.0375 0 P 0 0 ;0=0,1=0,2
P 3.79921 1.8102362 26 P 0 0 ;0=26,1=0,2
P 3.79921 2.0228346 26 P 0 0 ;0=26,1=0,2
P 3.8027533 1.64951 12 P 0 0 ;0=12,1=0,2
P 3.80625 0.534941 3 P 0 0 ;0=3,1=0,2
P 3.80625 0.5900591 3 P 0 0 ;0=3,1=0,2
P 3.80625 0.6402067 4 P 0 0 ;0=4,1=0,2
P 3.80625 0.6972933 4 P 0 0 ;0=4,1=0,2
P 3.8098399 1.39951 13 P 0 0 ;0=13,1=0,2
P 3.82421 1.2709667 4 P 0 0 ;0=4,1=0,2
P 3.82421 1.3280533 4 P 0 0 ;0=4,1=0,2
P 3.82766 2.0880709 3 P 0 0 ;0=3,1=0,2
P 3.82766 2.143189 3 P 0 0 ;0=3,1=0,2
P 3.8375 2.2625 10 P 0 0 ;0=10,1=0,2
P 3.8375 2.5125 10 P 0 0 ;0=10,1=0,2
P 3.8385801 1.49951 13 P 0 0 ;0=13,1=0,2
P 3.8406719 0.4748302 8 P 0 0 ;0=8,1=0,2
P 3.8464567 1.5875 12 P 0 0 ;0=12,1=0,2
P 3.84921 1.8102362 26 P 0 0 ;0=26,1=0,2
P 3.84921 2.0228346 26 P 0 0 ;0=26,1=0,2
P 3.8498009 1.7380905 12 P 0 0 ;0=12,1=0,2
P 3.8582283 0.2684252 52 P 0 0 ;0=48,1=0
P 3.8582283 0.3864173 52 P 0 0 ;0=48,1=0
P 3.8625 2.747441 3 P 0 0 ;0=3,1=0,2
P 3.8625 2.8025591 3 P 0 0 ;0=3,1=0,2
P 3.86875 0.534941 3 P 0 0 ;0=3,1=0,2
P 3.86875 0.5900591 3 P 0 0 ;0=3,1=0,2
P 3.86875 0.6402067 4 P 0 0 ;0=4,1=0,2
P 3.86875 0.6972933 4 P 0 0 ;0=4,1=0,2
P 3.8716043 1.0375 0 P 0 0 ;0=0,1=0,2
P 3.87421 1.1469509 3 P 0 0 ;0=3,1=0,2
P 3.87421 1.202069 3 P 0 0 ;0=3,1=0,2
P 3.8841509 1.675 8 P 0 0 ;0=8,1=0,2
P 3.8875 2.2625 10 P 0 0 ;0=10,1=0,2
P 3.8875 2.5125 10 P 0 0 ;0=10,1=0,2
P 3.89579 0.4748302 8 P 0 0 ;0=8,1=0,2
P 3.89921 1.8102362 26 P 0 0 ;0=26,1=0,2
P 3.89921 2.0228346 26 P 0 0 ;0=26,1=0,2
P 3.9035433 1.5875 12 P 0 0 ;0=12,1=0,2
P 3.9068875 1.7380905 12 P 0 0 ;0=12,1=0,2
P 3.9068875 2.644882 3 P 0 0 ;0=3,1=0,2
P 3.9068875 2.7000001 3 P 0 0 ;0=3,1=0,2
P 3.9243084 2.1101399 27 P 0 0 ;0=27,1=0,2
P 3.93125 0.534941 3 P 0 0 ;0=3,1=0,2
P 3.93125 0.5900591 3 P 0 0 ;0=3,1=0,2
P 3.93125 0.6402067 4 P 0 0 ;0=4,1=0,2
P 3.93125 0.6972933 4 P 0 0 ;0=4,1=0,2
P 3.9381869 2.7625984 21 P 0 0 ;0=21,1=0,2
P 3.9385801 1.39951 13 P 0 0 ;0=13,1=0,2
P 3.939269 1.675 8 P 0 0 ;0=8,1=0,2
P 3.9464075 0.7854331 19 P 0 0 ;0=19,1=0,2
P 3.9464075 0.8110237 19 P 0 0 ;0=19,1=0,2
P 3.9464075 0.8366142 19 P 0 0 ;0=19,1=0,2
P 3.9464075 0.8622048 19 P 0 0 ;0=19,1=0,2
P 3.9464075 0.8877953 19 P 0 0 ;0=19,1=0,2
P 3.9464075 0.9133859 19 P 0 0 ;0=19,1=0,2
P 3.9464075 0.9389764 19 P 0 0 ;0=19,1=0,2
P 3.9464075 0.964567 19 P 0 0 ;0=19,1=0,2
P 3.9500001 3.0354333 34 P 0 0 ;0=34,1=0,2
P 3.9500001 3.2145672 34 P 0 0 ;0=34,1=0,2
P 3.9500001 3.4854334 34 P 0 0 ;0=34,1=0,2
P 3.9500001 3.6645673 34 P 0 0 ;0=34,1=0,2
P 3.9587819 0.4748302 8 P 0 0 ;0=8,1=0,2
P 3.9599409 1.9875 8 P 0 0 ;0=8,1=0,2
P 3.96171 2.1888801 27 P 0 0 ;0=27,1=0,2
P 3.96229 2.584941 3 P 0 0 ;0=3,1=0,2
P 3.96229 2.6400591 3 P 0 0 ;0=3,1=0,2
P 3.9625 2.2625 10 P 0 0 ;0=10,1=0,2
P 3.9625 2.5125 10 P 0 0 ;0=10,1=0,2
P 3.9625985 1.8277559 28 P 0 0 ;0=28,1=0,2
P 3.9625985 1.9222441 28 P 0 0 ;0=28,1=0,2
P 3.9755885 2.8374015 21 P 0 0 ;0=21,1=0,2
P 3.9762205 0.2684252 52 P 0 0 ;0=48,1=0
P 3.9762205 0.3864173 52 P 0 0 ;0=48,1=0
P 3.99375 0.534941 3 P 0 0 ;0=3,1=0,2
P 3.99375 0.5900591 3 P 0 0 ;0=3,1=0,2
P 3.99375 0.6402067 4 P 0 0 ;0=4,1=0,2
P 3.99375 0.6972933 4 P 0 0 ;0=4,1=0,2
P 3.9991116 2.1101399 27 P 0 0 ;0=27,1=0,2
P 4 1.7099409 3 P 0 0 ;0=3,1=0,2
P 4 1.765059 3 P 0 0 ;0=3,1=0,2
P 4 1.9222441 28 P 0 0 ;0=28,1=0,2
P 4.0125 2.2625 10 P 0 0 ;0=10,1=0,2
P 4.0125 2.5125 10 P 0 0 ;0=10,1=0,2
P 4.01299 2.7625984 21 P 0 0 ;0=21,1=0,2
P 4.0139 0.4748302 8 P 0 0 ;0=8,1=0,2
P 4.015059 1.9875 8 P 0 0 ;0=8,1=0,2
P 4.0374016 1.8277559 28 P 0 0 ;0=28,1=0,2
P 4.0374016 1.9222441 28 P 0 0 ;0=28,1=0,2
P 4.05 1.7089567 4 P 0 0 ;0=4,1=0,2
P 4.05 1.7660433 4 P 0 0 ;0=4,1=0,2
P 4.05625 0.534941 3 P 0 0 ;0=3,1=0,2
P 4.05625 0.5900591 3 P 0 0 ;0=3,1=0,2
P 4.05625 0.6402067 4 P 0 0 ;0=4,1=0,2
P 4.05625 0.6972933 4 P 0 0 ;0=4,1=0,2
P 4.0625 2.584451 3 P 0 0 ;0=3,1=0,2
P 4.0625 2.6395691 3 P 0 0 ;0=3,1=0,2
P 4.0688485 0.7965059 30 P 0 0 ;0=30,1=0,2
P 4.0688485 0.8909941 30 P 0 0 ;0=30,1=0,2
P 4.072441 1.6625 8 P 0 0 ;0=8,1=0,2
P 4.0768919 0.4748302 8 P 0 0 ;0=8,1=0,2
P 4.0875 2.2625 10 P 0 0 ;0=10,1=0,2
P 4.0875 2.5125 10 P 0 0 ;0=10,1=0,2
P 4.0875 2.747441 3 P 0 0 ;0=3,1=0,2
P 4.0875 2.8025591 3 P 0 0 ;0=3,1=0,2
P 4.0942126 0.2684252 52 P 0 0 ;0=48,1=0
P 4.0942126 0.3864173 52 P 0 0 ;0=48,1=0
P 4.0983235 1.7119046 41 P 0 0 ;0=41,1=0,2
P 4.0983235 1.7374952 41 P 0 0 ;0=41,1=0,2
P 4.0983235 1.7630857 41 P 0 0 ;0=41,1=0,2
P 4.1036909 0.96875 8 P 0 0 ;0=8,1=0,2
P 4.10625 0.8909941 30 P 0 0 ;0=30,1=0,2
P 4.109941 1.8125 8 P 0 0 ;0=8,1=0,2
P 4.1125 1.8839567 4 P 0 0 ;0=4,1=0,2
P 4.1125 1.9410433 4 P 0 0 ;0=4,1=0,2
P 4.1125 2.0107284 15 P 0 0 ;0=15,1=0,2
P 4.1125 2.1642717 15 P 0 0 ;0=15,1=0,2
P 4.1160926 0.7223071 8 P 0 0 ;0=8,1=0,2
P 4.1275591 1.6625 8 P 0 0 ;0=8,1=0,2
P 4.1277165 0.0984252 46 P 0 0 ;0=47,1=0
P 4.13201 0.4748302 8 P 0 0 ;0=8,1=0,2
P 4.1374968 1.7182039 42 P 0 0 ;0=42,1=0,2
P 4.1374968 1.7567865 42 P 0 0 ;0=42,1=0,2
P 4.1375 1.3899606 25 P 0 0 ;0=25,1=0,2
P 4.1375 1.4834646 24 P 0 0 ;0=24,1=0,2
P 4.1375 2.2625 10 P 0 0 ;0=10,1=0,2
P 4.1375 2.5125 10 P 0 0 ;0=10,1=0,2
P 4.1436516 0.7965059 30 P 0 0 ;0=30,1=0,2
P 4.1436516 0.8909941 30 P 0 0 ;0=30,1=0,2
P 4.158809 0.96875 8 P 0 0 ;0=8,1=0,2
P 4.1618084 2.7625984 21 P 0 0 ;0=21,1=0,2
P 4.1625 2.584451 3 P 0 0 ;0=3,1=0,2
P 4.1625 2.6395691 3 P 0 0 ;0=3,1=0,2
P 4.1650591 1.8125 8 P 0 0 ;0=8,1=0,2
P 4.1712107 0.7223071 8 P 0 0 ;0=8,1=0,2
P 4.175 1.1474409 3 P 0 0 ;0=3,1=0,2
P 4.175 1.202559 3 P 0 0 ;0=3,1=0,2
P 4.1750001 3.0354333 34 P 0 0 ;0=34,1=0,2
P 4.1750001 3.2145672 34 P 0 0 ;0=34,1=0,2
P 4.1750001 3.4854334 34 P 0 0 ;0=34,1=0,2
P 4.1750001 3.6645673 34 P 0 0 ;0=34,1=0,2
P 4.17667 1.7119046 41 P 0 0 ;0=41,1=0,2
P 4.17667 1.7374952 41 P 0 0 ;0=41,1=0,2
P 4.17667 1.7630857 41 P 0 0 ;0=41,1=0,2
P 4.1839567 1.875 12 P 0 0 ;0=12,1=0,2
P 4.1950019 0.4748302 8 P 0 0 ;0=8,1=0,2
P 4.19921 2.8374015 21 P 0 0 ;0=21,1=0,2
P 4.2106299 1.5 13 P 0 0 ;0=13,1=0,2
P 4.2122047 0.2684252 52 P 0 0 ;0=48,1=0
P 4.2122047 0.3864173 52 P 0 0 ;0=48,1=0
P 4.2125 2.2625 10 P 0 0 ;0=10,1=0,2
P 4.2125 2.5125 10 P 0 0 ;0=10,1=0,2
P 4.225 1.2714567 4 P 0 0 ;0=4,1=0,2
P 4.225 1.3285433 4 P 0 0 ;0=4,1=0,2
P 4.225 1.7099409 3 P 0 0 ;0=3,1=0,2
P 4.225 1.765059 3 P 0 0 ;0=3,1=0,2
P 4.225 1.9349409 3 P 0 0 ;0=3,1=0,2
P 4.225 1.990059 3 P 0 0 ;0=3,1=0,2
P 4.23125 0.7783956 7 P 0 0 ;0=7,1=0,2
P 4.23125 0.8591043 7 P 0 0 ;0=7,1=0,2
P 4.235 2.0333662 11 P 0 0 ;0=11,1=0,2
P 4.235 2.1416339 11 P 0 0 ;0=11,1=0,2
P 4.2366115 2.7625984 21 P 0 0 ;0=21,1=0,2
P 4.2410433 1.875 12 P 0 0 ;0=12,1=0,2
P 4.2464567 1.65 12 P 0 0 ;0=12,1=0,2
P 4.25012 0.4748302 8 P 0 0 ;0=8,1=0,2
P 4.2625 2.2625 10 P 0 0 ;0=10,1=0,2
P 4.2625 2.5125 10 P 0 0 ;0=10,1=0,2
P 4.2625 2.584451 3 P 0 0 ;0=3,1=0,2
P 4.2625 2.6395691 3 P 0 0 ;0=3,1=0,2
P 4.275 1.1474409 3 P 0 0 ;0=3,1=0,2
P 4.275 1.202559 3 P 0 0 ;0=3,1=0,2
P 4.275 1.7099409 3 P 0 0 ;0=3,1=0,2
P 4.275 1.765059 3 P 0 0 ;0=3,1=0,2
P 4.2974409 1.875 8 P 0 0 ;0=8,1=0,2
P 4.3035433 1.65 12 P 0 0 ;0=12,1=0,2
P 4.3088583 1.9482284 44 P 0 0 ;0=44,1=0,2
P 4.3088583 1.9738189 44 P 0 0 ;0=44,1=0,2
P 4.3088583 1.9994095 44 P 0 0 ;0=44,1=0,2
P 4.3088583 2.025 44 P 0 0 ;0=44,1=0,2
P 4.3088583 2.0505906 44 P 0 0 ;0=44,1=0,2
P 4.3088583 2.0761811 44 P 0 0 ;0=44,1=0,2
P 4.3088583 2.1017717 44 P 0 0 ;0=44,1=0,2
P 4.3106299 1.4 13 P 0 0 ;0=13,1=0,2
P 4.3125 2.747441 3 P 0 0 ;0=3,1=0,2
P 4.3125 2.8025591 3 P 0 0 ;0=3,1=0,2
P 4.31875 0.3589567 4 P 0 0 ;0=4,1=0,2
P 4.31875 0.4160433 4 P 0 0 ;0=4,1=0,2
P 4.325 1.2714567 4 P 0 0 ;0=4,1=0,2
P 4.325 1.3285433 4 P 0 0 ;0=4,1=0,2
P 4.325 1.772441 3 P 0 0 ;0=3,1=0,2
P 4.325 1.8275591 3 P 0 0 ;0=3,1=0,2
P 4.3375 2.2625 10 P 0 0 ;0=10,1=0,2
P 4.3375 2.5125 10 P 0 0 ;0=10,1=0,2
P 4.3393701 1.5 13 P 0 0 ;0=13,1=0,2
P 4.3464567 1.5875 12 P 0 0 ;0=12,1=0,2
P 4.352559 1.875 8 P 0 0 ;0=8,1=0,2
P 4.375 1.1474409 3 P 0 0 ;0=3,1=0,2
P 4.375 1.202559 3 P 0 0 ;0=3,1=0,2
P 4.3875 2.2625 10 P 0 0 ;0=10,1=0,2
P 4.3875 2.5125 10 P 0 0 ;0=10,1=0,2
P 4.3875984 2.7625984 21 P 0 0 ;0=21,1=0,2
P 4.3982309 0.48799 8 P 0 0 ;0=8,1=0,2
P 4.4000001 3.0354333 34 P 0 0 ;0=34,1=0,2
P 4.4000001 3.2145672 34 P 0 0 ;0=34,1=0,2
P 4.4000001 3.4854334 34 P 0 0 ;0=34,1=0,2
P 4.4000001 3.6645673 34 P 0 0 ;0=34,1=0,2
P 4.4035433 1.5875 12 P 0 0 ;0=12,1=0,2
P 4.4106299 1.5 13 P 0 0 ;0=13,1=0,2
P 4.42421 0.5708683 6 P 0 0 ;0=6,1=0,2
P 4.42421 0.8031518 6 P 0 0 ;0=6,1=0,2
P 4.425 1.2714567 4 P 0 0 ;0=4,1=0,2
P 4.425 1.3285433 4 P 0 0 ;0=4,1=0,2
P 4.425 2.025 43 P 0 0 ;0=43,1=0,2
P 4.425 2.8374015 21 P 0 0 ;0=21,1=0,2
P 4.4393701 1.4 13 P 0 0 ;0=13,1=0,2
P 4.4464567 1.65 12 P 0 0 ;0=12,1=0,2
P 4.453349 0.48799 8 P 0 0 ;0=8,1=0,2
P 4.4624015 2.7625984 21 P 0 0 ;0=21,1=0,2
P 4.4625 2.2625 10 P 0 0 ;0=10,1=0,2
P 4.4625 2.5125 10 P 0 0 ;0=10,1=0,2
P 4.475 1.1474409 3 P 0 0 ;0=3,1=0,2
P 4.475 1.202559 3 P 0 0 ;0=3,1=0,2
P 4.5035433 1.65 12 P 0 0 ;0=12,1=0,2
P 4.5079921 0.26843 52 P 0 0 ;0=48,1=0
P 4.5079921 0.3864221 52 P 0 0 ;0=48,1=0
P 4.5106299 1.4 13 P 0 0 ;0=13,1=0,2
P 4.5125 2.2625 10 P 0 0 ;0=10,1=0,2
P 4.5125 2.5125 10 P 0 0 ;0=10,1=0,2
P 4.525 1.2714567 4 P 0 0 ;0=4,1=0,2
P 4.525 1.3285433 4 P 0 0 ;0=4,1=0,2
P 4.5375 2.747441 3 P 0 0 ;0=3,1=0,2
P 4.5375 2.8025591 3 P 0 0 ;0=3,1=0,2
P 4.5393701 1.5 13 P 0 0 ;0=13,1=0,2
P 4.5411418 1.9482284 44 P 0 0 ;0=44,1=0,2
P 4.5411418 1.9738189 44 P 0 0 ;0=44,1=0,2
P 4.5411418 1.9994095 44 P 0 0 ;0=44,1=0,2
P 4.5411418 2.025 44 P 0 0 ;0=44,1=0,2
P 4.5411418 2.0505906 44 P 0 0 ;0=44,1=0,2
P 4.5411418 2.0761811 44 P 0 0 ;0=44,1=0,2
P 4.5411418 2.1017717 44 P 0 0 ;0=44,1=0,2
P 4.5464567 1.5875 12 P 0 0 ;0=12,1=0,2
P 4.55 0.5249016 5 P 0 0 ;0=5,1=0,2
P 4.55 0.6500985 5 P 0 0 ;0=5,1=0,2
P 4.575 1.1474409 3 P 0 0 ;0=3,1=0,2
P 4.575 1.202559 3 P 0 0 ;0=3,1=0,2
P 4.5875 2.2625 10 P 0 0 ;0=10,1=0,2
P 4.5875 2.5125 10 P 0 0 ;0=10,1=0,2
P 4.5924803 0.09843 46 P 0 0 ;0=47,1=0
P 4.6035433 1.5875 12 P 0 0 ;0=12,1=0,2
P 4.6098391 1.5 13 P 0 0 ;0=13,1=0,2
P 4.6125 1.9146457 7 P 0 0 ;0=7,1=0,2
P 4.6125 1.9953544 7 P 0 0 ;0=7,1=0,2
P 4.6125 2.0464565 4 P 0 0 ;0=4,1=0,2
P 4.6125 2.1035431 4 P 0 0 ;0=4,1=0,2
P 4.6125984 2.7625984 21 P 0 0 ;0=21,1=0,2
P 4.625 0.7249016 5 P 0 0 ;0=5,1=0,2
P 4.625 0.8500985 5 P 0 0 ;0=5,1=0,2
P 4.625 1.2714567 4 P 0 0 ;0=4,1=0,2
P 4.625 1.3285433 4 P 0 0 ;0=4,1=0,2
P 4.6250001 3.4854334 34 P 0 0 ;0=34,1=0,2
P 4.6250001 3.6645673 34 P 0 0 ;0=34,1=0,2
P 4.6261812 3.0354333 34 P 0 0 ;0=34,1=0,2
P 4.6261812 3.2145672 34 P 0 0 ;0=34,1=0,2
P 4.626496 0.26843 52 P 0 0 ;0=48,1=0
P 4.626496 0.3864221 52 P 0 0 ;0=48,1=0
P 4.6375 2.2625 10 P 0 0 ;0=10,1=0,2
P 4.6375 2.5125 10 P 0 0 ;0=10,1=0,2
P 4.6393701 1.4 13 P 0 0 ;0=13,1=0,2
P 4.6464567 1.65 12 P 0 0 ;0=12,1=0,2
P 4.65 2.8374015 21 P 0 0 ;0=21,1=0,2
P 4.672441 1.9125 8 P 0 0 ;0=8,1=0,2
P 4.675 1.1474409 3 P 0 0 ;0=3,1=0,2
P 4.675 1.202559 3 P 0 0 ;0=3,1=0,2
P 4.6874015 2.7625984 21 P 0 0 ;0=21,1=0,2
P 4.7 0.5249016 5 P 0 0 ;0=5,1=0,2
P 4.7 0.6500985 5 P 0 0 ;0=5,1=0,2
P 4.7035433 1.65 12 P 0 0 ;0=12,1=0,2
P 4.7106299 1.4 13 P 0 0 ;0=13,1=0,2
P 4.7125 2.2625 10 P 0 0 ;0=10,1=0,2
P 4.7125 2.5125 10 P 0 0 ;0=10,1=0,2
P 4.725 1.2714567 4 P 0 0 ;0=4,1=0,2
P 4.725 1.3285433 4 P 0 0 ;0=4,1=0,2
P 4.7275591 1.9125 8 P 0 0 ;0=8,1=0,2
P 4.7353543 2.075 14 P 0 0 ;0=14,1=0,2
P 4.7385793 1.5 13 P 0 0 ;0=13,1=0,2
P 4.7444882 0.26843 52 P 0 0 ;0=48,1=0
P 4.7444882 0.3864221 52 P 0 0 ;0=48,1=0
P 4.7464567 1.5875 12 P 0 0 ;0=12,1=0,2
P 4.7625 2.2625 10 P 0 0 ;0=10,1=0,2
P 4.7625 2.5125 10 P 0 0 ;0=10,1=0,2
P 4.7625 2.747441 3 P 0 0 ;0=3,1=0,2
P 4.7625 2.8025591 3 P 0 0 ;0=3,1=0,2
P 4.77421 1.1469509 3 P 0 0 ;0=3,1=0,2
P 4.77421 1.202069 3 P 0 0 ;0=3,1=0,2
P 4.775 0.7249016 5 P 0 0 ;0=5,1=0,2
P 4.775 0.8500985 5 P 0 0 ;0=5,1=0,2
P 4.7839567 1.85 12 P 0 0 ;0=12,1=0,2
P 4.784941 1.9125 8 P 0 0 ;0=8,1=0,2
P 4.8035433 1.5875 12 P 0 0 ;0=12,1=0,2
P 4.8098399 1.49951 13 P 0 0 ;0=13,1=0,2
P 4.825 1.2714567 4 P 0 0 ;0=4,1=0,2
P 4.825 1.3285433 4 P 0 0 ;0=4,1=0,2
P 4.8302165 2.2270234 4 P 0 0 ;0=4,1=0,2
P 4.8302165 2.28411 4 P 0 0 ;0=4,1=0,2
P 4.8302165 2.3599409 3 P 0 0 ;0=3,1=0,2
P 4.8302165 2.415059 3 P 0 0 ;0=3,1=0,2
P 4.8375984 2.7625984 21 P 0 0 ;0=21,1=0,2
P 4.8393701 1.4 13 P 0 0 ;0=13,1=0,2
P 4.8400591 1.9125 8 P 0 0 ;0=8,1=0,2
P 4.8410433 1.85 12 P 0 0 ;0=12,1=0,2
P 4.8456667 1.64951 12 P 0 0 ;0=12,1=0,2
P 4.85 0.5249016 5 P 0 0 ;0=5,1=0,2
P 4.85 0.6500985 5 P 0 0 ;0=5,1=0,2
P 4.8500001 3.0354333 34 P 0 0 ;0=34,1=0,2
P 4.8500001 3.2145672 34 P 0 0 ;0=34,1=0,2
P 4.8500001 3.4854334 34 P 0 0 ;0=34,1=0,2
P 4.8500001 3.6645673 34 P 0 0 ;0=34,1=0,2
P 4.8624803 0.26843 52 P 0 0 ;0=48,1=0
P 4.8624803 0.3864221 52 P 0 0 ;0=48,1=0
P 4.87421 1.1469509 3 P 0 0 ;0=3,1=0,2
P 4.87421 1.202069 3 P 0 0 ;0=3,1=0,2
P 4.875 2.8374015 21 P 0 0 ;0=21,1=0,2
P 4.9027533 1.64951 12 P 0 0 ;0=12,1=0,2
P 4.9046456 2.075 14 P 0 0 ;0=14,1=0,2
P 4.9098399 1.39951 13 P 0 0 ;0=13,1=0,2
P 4.91 1.8346457 7 P 0 0 ;0=7,1=0,2
P 4.91 1.9153544 7 P 0 0 ;0=7,1=0,2
P 4.9124015 2.7625984 21 P 0 0 ;0=21,1=0,2
P 4.92421 1.2709667 4 P 0 0 ;0=4,1=0,2
P 4.92421 1.3280533 4 P 0 0 ;0=4,1=0,2
P 4.925 0.7249016 5 P 0 0 ;0=5,1=0,2
P 4.925 0.8500985 5 P 0 0 ;0=5,1=0,2
P 4.925 2.2938977 20 P 0 0 ;0=20,1=0,2
P 4.925 2.4061024 20 P 0 0 ;0=20,1=0,2
P 4.9385801 1.49951 13 P 0 0 ;0=13,1=0,2
P 4.9464567 1.5875 12 P 0 0 ;0=12,1=0,2
P 4.97421 1.1469509 3 P 0 0 ;0=3,1=0,2
P 4.97421 1.202069 3 P 0 0 ;0=3,1=0,2
P 4.9804724 0.26843 52 P 0 0 ;0=48,1=0
P 4.9804724 0.3864221 52 P 0 0 ;0=48,1=0
P 4.9875 1.8346457 7 P 0 0 ;0=7,1=0,2
P 4.9875 1.9153544 7 P 0 0 ;0=7,1=0,2
P 4.9875 2.747441 3 P 0 0 ;0=3,1=0,2
P 4.9875 2.8025591 3 P 0 0 ;0=3,1=0,2
P 5 0.5249016 5 P 0 0 ;0=5,1=0,2
P 5 0.6500985 5 P 0 0 ;0=5,1=0,2
P 5.0035433 1.5875 12 P 0 0 ;0=12,1=0,2
P 5.0098399 1.49951 13 P 0 0 ;0=13,1=0,2
P 5.01 1.9735827 22 P 0 0 ;0=22,1=0,2
P 5.01 2.0464173 22 P 0 0 ;0=22,1=0,2
P 5.02421 1.2709667 4 P 0 0 ;0=4,1=0,2
P 5.02421 1.3280533 4 P 0 0 ;0=4,1=0,2
P 5.025 2.3135827 22 P 0 0 ;0=22,1=0,2
P 5.025 2.3864173 22 P 0 0 ;0=22,1=0,2
P 5.0385801 1.39951 13 P 0 0 ;0=13,1=0,2
P 5.0456667 1.64951 12 P 0 0 ;0=12,1=0,2
P 5.0625984 2.7625984 21 P 0 0 ;0=21,1=0,2
P 5.07421 1.1469509 3 P 0 0 ;0=3,1=0,2
P 5.07421 1.202069 3 P 0 0 ;0=3,1=0,2
P 5.075 0.7249016 5 P 0 0 ;0=5,1=0,2
P 5.075 0.8500985 5 P 0 0 ;0=5,1=0,2
P 5.0750001 3.0354333 34 P 0 0 ;0=34,1=0,2
P 5.0750001 3.2145672 34 P 0 0 ;0=34,1=0,2
P 5.0750001 3.4854334 34 P 0 0 ;0=34,1=0,2
P 5.0750001 3.6645673 34 P 0 0 ;0=34,1=0,2
P 5.0984646 0.26843 52 P 0 0 ;0=48,1=0
P 5.0984646 0.3864221 52 P 0 0 ;0=48,1=0
P 5.1 2.2958661 11 P 0 0 ;0=11,1=0,2
P 5.1 2.4041338 11 P 0 0 ;0=11,1=0,2
P 5.1 2.6448819 3 P 0 0 ;0=3,1=0,2
P 5.1 2.7 3 P 0 0 ;0=3,1=0,2
P 5.1 2.8374015 21 P 0 0 ;0=21,1=0,2
P 5.1027533 1.64951 12 P 0 0 ;0=12,1=0,2
P 5.1098399 1.39951 13 P 0 0 ;0=13,1=0,2
P 5.12421 1.2709667 4 P 0 0 ;0=4,1=0,2
P 5.12421 1.3280533 4 P 0 0 ;0=4,1=0,2
P 5.1374015 2.7625984 21 P 0 0 ;0=21,1=0,2
P 5.1380906 1.8148622 18 P 0 0 ;0=18,1=0,2
P 5.1380906 1.8345472 18 P 0 0 ;0=18,1=0,2
P 5.1380906 1.8542322 18 P 0 0 ;0=18,1=0,2
P 5.1380906 1.8739173 18 P 0 0 ;0=18,1=0,2
P 5.1380906 1.8936023 18 P 0 0 ;0=18,1=0,2
P 5.1380906 1.9132874 18 P 0 0 ;0=18,1=0,2
P 5.1380906 1.9329724 18 P 0 0 ;0=18,1=0,2
P 5.1380906 1.9526574 18 P 0 0 ;0=18,1=0,2
P 5.1380906 1.9723425 18 P 0 0 ;0=18,1=0,2
P 5.1380906 1.9920275 18 P 0 0 ;0=18,1=0,2
P 5.1380906 2.0117125 18 P 0 0 ;0=18,1=0,2
P 5.1380906 2.0313976 18 P 0 0 ;0=18,1=0,2
P 5.1380906 2.0510826 18 P 0 0 ;0=18,1=0,2
P 5.1380906 2.0707677 18 P 0 0 ;0=18,1=0,2
P 5.1380906 2.0904527 18 P 0 0 ;0=18,1=0,2
P 5.1380906 2.1101377 18 P 0 0 ;0=18,1=0,2
P 5.1385801 1.49951 13 P 0 0 ;0=13,1=0,2
P 5.1464567 1.5875 12 P 0 0 ;0=12,1=0,2
P 5.15 0.5249016 5 P 0 0 ;0=5,1=0,2
P 5.15 0.6500985 5 P 0 0 ;0=5,1=0,2
P 5.17421 1.1469509 3 P 0 0 ;0=3,1=0,2
P 5.17421 1.202069 3 P 0 0 ;0=3,1=0,2
P 5.2 2.2849409 3 P 0 0 ;0=3,1=0,2
P 5.2 2.340059 3 P 0 0 ;0=3,1=0,2
P 5.2 2.3911909 3 P 0 0 ;0=3,1=0,2
P 5.2 2.446309 3 P 0 0 ;0=3,1=0,2
P 5.2035433 1.5875 12 P 0 0 ;0=12,1=0,2
P 5.2098399 1.49951 13 P 0 0 ;0=13,1=0,2
P 5.2125 2.5125 9 P 0 0 ;0=9,1=0,2
P 5.2125 2.747441 3 P 0 0 ;0=3,1=0,2
P 5.2125 2.8025591 3 P 0 0 ;0=3,1=0,2
P 5.2148623 1.7380905 17 P 0 0 ;0=17,1=0,2
P 5.2148623 2.1869094 17 P 0 0 ;0=17,1=0,2
P 5.216496 0.26843 52 P 0 0 ;0=48,1=0
P 5.216496 0.3864221 52 P 0 0 ;0=48,1=0
P 5.22421 1.2709667 4 P 0 0 ;0=4,1=0,2
P 5.22421 1.3280533 4 P 0 0 ;0=4,1=0,2
P 5.225 0.7249016 5 P 0 0 ;0=5,1=0,2
P 5.225 0.8500985 5 P 0 0 ;0=5,1=0,2
P 5.2345473 1.7380905 17 P 0 0 ;0=17,1=0,2
P 5.2345473 2.1869094 17 P 0 0 ;0=17,1=0,2
P 5.2385801 1.39951 13 P 0 0 ;0=13,1=0,2
P 5.2456667 1.64951 12 P 0 0 ;0=12,1=0,2
P 5.2542323 1.7380905 17 P 0 0 ;0=17,1=0,2
P 5.2542323 2.1869094 17 P 0 0 ;0=17,1=0,2
P 5.2739174 1.7380905 17 P 0 0 ;0=17,1=0,2
P 5.2739174 2.1869094 17 P 0 0 ;0=17,1=0,2
P 5.27421 1.1469509 3 P 0 0 ;0=3,1=0,2
P 5.27421 1.202069 3 P 0 0 ;0=3,1=0,2
P 5.275 2.2888779 3 P 0 0 ;0=3,1=0,2
P 5.275 2.343996 3 P 0 0 ;0=3,1=0,2
P 5.2880884 2.7625984 21 P 0 0 ;0=21,1=0,2
P 5.2936024 1.7380905 17 P 0 0 ;0=17,1=0,2
P 5.2936024 2.1869094 17 P 0 0 ;0=17,1=0,2
P 5.3 0.5249016 5 P 0 0 ;0=5,1=0,2
P 5.3 0.6500985 5 P 0 0 ;0=5,1=0,2
P 5.3000001 3.0354333 34 P 0 0 ;0=34,1=0,2
P 5.3000001 3.2145672 34 P 0 0 ;0=34,1=0,2
P 5.3000001 3.4854334 34 P 0 0 ;0=34,1=0,2
P 5.3000001 3.6645673 34 P 0 0 ;0=34,1=0,2
P 5.3027533 1.64951 12 P 0 0 ;0=12,1=0,2
P 5.3098399 1.39951 13 P 0 0 ;0=13,1=0,2
P 5.3132875 1.7380905 17 P 0 0 ;0=17,1=0,2
P 5.3132875 2.1869094 17 P 0 0 ;0=17,1=0,2
P 5.3181076 2.512502 8 P 0 0 ;0=8,1=0,2
P 5.32421 1.2709667 4 P 0 0 ;0=4,1=0,2
P 5.32421 1.3280533 4 P 0 0 ;0=4,1=0,2
P 5.325 2.6448819 3 P 0 0 ;0=3,1=0,2
P 5.325 2.7 3 P 0 0 ;0=3,1=0,2
P 5.32549 2.8374015 21 P 0 0 ;0=21,1=0,2
P 5.3329725 1.7380905 17 P 0 0 ;0=17,1=0,2
P 5.3329725 2.1869094 17 P 0 0 ;0=17,1=0,2
P 5.3344882 0.26843 52 P 0 0 ;0=48,1=0
P 5.3344882 0.3864221 52 P 0 0 ;0=48,1=0
P 5.3344882 2.288878 3 P 0 0 ;0=3,1=0,2
P 5.3344882 2.3439961 3 P 0 0 ;0=3,1=0,2
P 5.3385801 1.49951 13 P 0 0 ;0=13,1=0,2
P 5.3464567 1.5875 12 P 0 0 ;0=12,1=0,2
P 5.3526575 1.7380905 17 P 0 0 ;0=17,1=0,2
P 5.3526575 2.1869094 17 P 0 0 ;0=17,1=0,2
P 5.3625 1.9625 16 P 0 0 ;0=16,1=0,2
P 5.3628915 2.7625984 21 P 0 0 ;0=21,1=0,2
P 5.3723426 1.7380905 17 P 0 0 ;0=17,1=0,2
P 5.3723426 2.1869094 17 P 0 0 ;0=17,1=0,2
P 5.3732257 2.512502 8 P 0 0 ;0=8,1=0,2
P 5.37421 1.1469509 3 P 0 0 ;0=3,1=0,2
P 5.37421 1.202069 3 P 0 0 ;0=3,1=0,2
P 5.375 0.7249016 5 P 0 0 ;0=5,1=0,2
P 5.375 0.8500985 5 P 0 0 ;0=5,1=0,2
P 5.39094 2.2888779 3 P 0 0 ;0=3,1=0,2
P 5.39094 2.343996 3 P 0 0 ;0=3,1=0,2
P 5.3920276 1.7380905 17 P 0 0 ;0=17,1=0,2
P 5.3920276 2.1869094 17 P 0 0 ;0=17,1=0,2
P 5.4035433 1.5875 12 P 0 0 ;0=12,1=0,2
P 5.4098399 1.49951 13 P 0 0 ;0=13,1=0,2
P 5.4117126 1.7380905 17 P 0 0 ;0=17,1=0,2
P 5.4117126 2.1869094 17 P 0 0 ;0=17,1=0,2
P 5.4224409 2.5125 8 P 0 0 ;0=8,1=0,2
P 5.42421 1.2709667 4 P 0 0 ;0=4,1=0,2
P 5.42421 1.3280533 4 P 0 0 ;0=4,1=0,2
P 5.4313977 1.7380905 17 P 0 0 ;0=17,1=0,2
P 5.4313977 2.1869094 17 P 0 0 ;0=17,1=0,2
P 5.4375 2.747441 3 P 0 0 ;0=3,1=0,2
P 5.4375 2.8025591 3 P 0 0 ;0=3,1=0,2
P 5.4385801 1.39951 13 P 0 0 ;0=13,1=0,2
P 5.4456667 1.64951 12 P 0 0 ;0=12,1=0,2
P 5.45 0.5249016 5 P 0 0 ;0=5,1=0,2
P 5.45 0.6500985 5 P 0 0 ;0=5,1=0,2
P 5.4510827 1.7380905 17 P 0 0 ;0=17,1=0,2
P 5.4510827 2.1869094 17 P 0 0 ;0=17,1=0,2
P 5.4524803 0.26843 52 P 0 0 ;0=48,1=0
P 5.4524803 0.3864221 52 P 0 0 ;0=48,1=0
P 5.4525 2.2846456 7 P 0 0 ;0=7,1=0,2
P 5.4525 2.3653543 7 P 0 0 ;0=7,1=0,2
P 5.4707678 1.7380905 17 P 0 0 ;0=17,1=0,2
P 5.4707678 2.1869094 17 P 0 0 ;0=17,1=0,2
P 5.47421 1.1469509 3 P 0 0 ;0=3,1=0,2
P 5.47421 1.202069 3 P 0 0 ;0=3,1=0,2
P 5.477559 2.5125 8 P 0 0 ;0=8,1=0,2
P 5.4904528 1.7380905 17 P 0 0 ;0=17,1=0,2
P 5.4904528 2.1869094 17 P 0 0 ;0=17,1=0,2
P 5.5027533 1.64951 12 P 0 0 ;0=12,1=0,2
P 5.5098399 1.39951 13 P 0 0 ;0=13,1=0,2
P 5.5101378 1.7380905 17 P 0 0 ;0=17,1=0,2
P 5.5101378 2.1869094 17 P 0 0 ;0=17,1=0,2
P 5.5125984 2.7625984 21 P 0 0 ;0=21,1=0,2
P 5.5225 2.2846456 7 P 0 0 ;0=7,1=0,2
P 5.5225 2.3653543 7 P 0 0 ;0=7,1=0,2
P 5.52421 1.2709667 4 P 0 0 ;0=4,1=0,2
P 5.52421 1.3280533 4 P 0 0 ;0=4,1=0,2
P 5.5242101 3.4854334 34 P 0 0 ;0=34,1=0,2
P 5.5242101 3.6645673 34 P 0 0 ;0=34,1=0,2
P 5.525 0.7249016 5 P 0 0 ;0=5,1=0,2
P 5.525 0.8500985 5 P 0 0 ;0=5,1=0,2
P 5.5250001 3.0354333 34 P 0 0 ;0=34,1=0,2
P 5.5250001 3.2145672 34 P 0 0 ;0=34,1=0,2
P 5.5385801 1.49951 13 P 0 0 ;0=13,1=0,2
P 5.5469467 1.5875 12 P 0 0 ;0=12,1=0,2
P 5.55 2.5125 9 P 0 0 ;0=9,1=0,2
P 5.55 2.6448819 3 P 0 0 ;0=3,1=0,2
P 5.55 2.7 3 P 0 0 ;0=3,1=0,2
P 5.55 2.8374015 21 P 0 0 ;0=21,1=0,2
P 5.5704724 0.26843 52 P 0 0 ;0=48,1=0
P 5.5704724 0.3864221 52 P 0 0 ;0=48,1=0
P 5.57421 1.1469509 3 P 0 0 ;0=3,1=0,2
P 5.57421 1.202069 3 P 0 0 ;0=3,1=0,2
P 5.5869095 1.8148622 18 P 0 0 ;0=18,1=0,2
P 5.5869095 1.8345472 18 P 0 0 ;0=18,1=0,2
P 5.5869095 1.8542322 18 P 0 0 ;0=18,1=0,2
P 5.5869095 1.8739173 18 P 0 0 ;0=18,1=0,2
P 5.5869095 1.8936023 18 P 0 0 ;0=18,1=0,2
P 5.5869095 1.9132874 18 P 0 0 ;0=18,1=0,2
P 5.5869095 1.9329724 18 P 0 0 ;0=18,1=0,2
P 5.5869095 1.9526574 18 P 0 0 ;0=18,1=0,2
P 5.5869095 1.9723425 18 P 0 0 ;0=18,1=0,2
P 5.5869095 1.9920275 18 P 0 0 ;0=18,1=0,2
P 5.5869095 2.0117125 18 P 0 0 ;0=18,1=0,2
P 5.5869095 2.0313976 18 P 0 0 ;0=18,1=0,2
P 5.5869095 2.0510826 18 P 0 0 ;0=18,1=0,2
P 5.5869095 2.0707677 18 P 0 0 ;0=18,1=0,2
P 5.5869095 2.0904527 18 P 0 0 ;0=18,1=0,2
P 5.5869095 2.1101377 18 P 0 0 ;0=18,1=0,2
P 5.5874015 2.7625984 21 P 0 0 ;0=21,1=0,2
P 5.5956595 2.2846456 7 P 0 0 ;0=7,1=0,2
P 5.5956595 2.3653543 7 P 0 0 ;0=7,1=0,2
P 5.6 0.5249016 5 P 0 0 ;0=5,1=0,2
P 5.6 0.6500985 5 P 0 0 ;0=5,1=0,2
P 5.6040333 1.5875 12 P 0 0 ;0=12,1=0,2
P 5.6098399 1.49951 13 P 0 0 ;0=13,1=0,2
P 5.62421 1.2709667 4 P 0 0 ;0=4,1=0,2
P 5.62421 1.3280533 4 P 0 0 ;0=4,1=0,2
P 5.6385801 1.39951 13 P 0 0 ;0=13,1=0,2
P 5.6456667 1.64951 12 P 0 0 ;0=12,1=0,2
P 5.666063 2.747441 3 P 0 0 ;0=3,1=0,2
P 5.666063 2.8025591 3 P 0 0 ;0=3,1=0,2
P 5.67421 1.1469509 3 P 0 0 ;0=3,1=0,2
P 5.67421 1.202069 3 P 0 0 ;0=3,1=0,2
P 5.675 0.7249016 5 P 0 0 ;0=5,1=0,2
P 5.675 0.8500985 5 P 0 0 ;0=5,1=0,2
P 5.6884646 0.26843 52 P 0 0 ;0=48,1=0
P 5.6884646 0.3864221 52 P 0 0 ;0=48,1=0
P 5.7027533 1.64951 12 P 0 0 ;0=12,1=0,2
P 5.7089567 2.35 12 P 0 0 ;0=12,1=0,2
P 5.7098399 1.39951 13 P 0 0 ;0=13,1=0,2
P 5.709941 1.7875 8 P 0 0 ;0=8,1=0,2
P 5.709941 1.84705 8 P 0 0 ;0=8,1=0,2
P 5.709941 1.9125 8 P 0 0 ;0=8,1=0,2
P 5.709941 1.96875 8 P 0 0 ;0=8,1=0,2
P 5.709941 2.04375 8 P 0 0 ;0=8,1=0,2
P 5.709941 2.1 8 P 0 0 ;0=8,1=0,2
P 5.709941 2.17875 8 P 0 0 ;0=8,1=0,2
P 5.709941 2.225 8 P 0 0 ;0=8,1=0,2
P 5.709941 2.29375 8 P 0 0 ;0=8,1=0,2
P 5.709941 2.40625 8 P 0 0 ;0=8,1=0,2
P 5.7224803 0.09843 46 P 0 0 ;0=47,1=0
P 5.72421 1.2709667 4 P 0 0 ;0=4,1=0,2
P 5.72421 1.3280533 4 P 0 0 ;0=4,1=0,2
P 5.7375984 2.7625984 21 P 0 0 ;0=21,1=0,2
P 5.7385801 1.49951 13 P 0 0 ;0=13,1=0,2
P 5.7464567 1.5875 12 P 0 0 ;0=12,1=0,2
P 5.75 0.5249016 5 P 0 0 ;0=5,1=0,2
P 5.75 0.6500985 5 P 0 0 ;0=5,1=0,2
P 5.7500001 3.0354333 34 P 0 0 ;0=34,1=0,2
P 5.7500001 3.2145672 34 P 0 0 ;0=34,1=0,2
P 5.7500001 3.4854334 34 P 0 0 ;0=34,1=0,2
P 5.7500001 3.6645673 34 P 0 0 ;0=34,1=0,2
P 5.7650591 1.7875 8 P 0 0 ;0=8,1=0,2
P 5.7650591 1.84705 8 P 0 0 ;0=8,1=0,2
P 5.7650591 1.9125 8 P 0 0 ;0=8,1=0,2
P 5.7650591 1.96875 8 P 0 0 ;0=8,1=0,2
P 5.7650591 2.04375 8 P 0 0 ;0=8,1=0,2
P 5.7650591 2.1 8 P 0 0 ;0=8,1=0,2
P 5.7650591 2.17875 8 P 0 0 ;0=8,1=0,2
P 5.7650591 2.225 8 P 0 0 ;0=8,1=0,2
P 5.7650591 2.29375 8 P 0 0 ;0=8,1=0,2
P 5.7650591 2.40625 8 P 0 0 ;0=8,1=0,2
P 5.7660433 2.35 12 P 0 0 ;0=12,1=0,2
P 5.77421 1.1469509 3 P 0 0 ;0=3,1=0,2
P 5.77421 1.202069 3 P 0 0 ;0=3,1=0,2
P 5.775 2.6448819 3 P 0 0 ;0=3,1=0,2
P 5.775 2.7 3 P 0 0 ;0=3,1=0,2
P 5.775 2.8374015 21 P 0 0 ;0=21,1=0,2
P 5.8035433 1.5875 12 P 0 0 ;0=12,1=0,2
P 5.8069685 0.26843 52 P 0 0 ;0=48,1=0
P 5.8069685 0.3864221 52 P 0 0 ;0=48,1=0
P 5.8098399 1.49951 13 P 0 0 ;0=13,1=0,2
P 5.8124015 2.7625984 21 P 0 0 ;0=21,1=0,2
P 5.82421 1.2709667 4 P 0 0 ;0=4,1=0,2
P 5.82421 1.3280533 4 P 0 0 ;0=4,1=0,2
P 5.825 0.7249016 5 P 0 0 ;0=5,1=0,2
P 5.825 0.8500985 5 P 0 0 ;0=5,1=0,2
P 5.8375 1.7999508 26 P 0 0 ;0=26,1=0,2
P 5.8375 2.0125492 26 P 0 0 ;0=26,1=0,2
P 5.8375 2.0786909 3 P 0 0 ;0=3,1=0,2
P 5.8375 2.133809 3 P 0 0 ;0=3,1=0,2
P 5.8385801 1.39951 13 P 0 0 ;0=13,1=0,2
P 5.8456667 1.64951 12 P 0 0 ;0=12,1=0,2
P 5.86171 2.21875 9 P 0 0 ;0=9,1=0,2
P 5.86171 2.33125 9 P 0 0 ;0=9,1=0,2
P 5.8625 2.275 9 P 0 0 ;0=9,1=0,2
P 5.8625 2.3875 9 P 0 0 ;0=9,1=0,2
P 5.87421 1.1469509 3 P 0 0 ;0=3,1=0,2
P 5.87421 1.202069 3 P 0 0 ;0=3,1=0,2
P 5.8875 1.7999508 26 P 0 0 ;0=26,1=0,2
P 5.8875 2.0125492 26 P 0 0 ;0=26,1=0,2
P 5.9 0.5249016 5 P 0 0 ;0=5,1=0,2
P 5.9 0.6500985 5 P 0 0 ;0=5,1=0,2
P 5.9027533 1.64951 12 P 0 0 ;0=12,1=0,2
P 5.9098399 1.39951 13 P 0 0 ;0=13,1=0,2
P 5.91875 2.0786909 3 P 0 0 ;0=3,1=0,2
P 5.91875 2.133809 3 P 0 0 ;0=3,1=0,2
P 5.92421 1.2709667 4 P 0 0 ;0=4,1=0,2
P 5.92421 1.3280533 4 P 0 0 ;0=4,1=0,2
P 5.9339567 1.73125 12 P 0 0 ;0=12,1=0,2
P 5.9375 1.7999508 26 P 0 0 ;0=26,1=0,2
P 5.9375 2.0125492 26 P 0 0 ;0=26,1=0,2
P 5.9385801 1.49951 13 P 0 0 ;0=13,1=0,2
P 5.9464567 1.5875 12 P 0 0 ;0=12,1=0,2
P 5.973691 2.0734114 8 P 0 0 ;0=8,1=0,2
P 5.973691 2.133809 8 P 0 0 ;0=8,1=0,2
P 5.97421 1.1469509 3 P 0 0 ;0=3,1=0,2
P 5.97421 1.202069 3 P 0 0 ;0=3,1=0,2
P 5.9786909 1.67375 8 P 0 0 ;0=8,1=0,2
P 5.9875 1.7999508 26 P 0 0 ;0=26,1=0,2
P 5.9875 2.0125492 26 P 0 0 ;0=26,1=0,2
P 5.9910433 1.73125 12 P 0 0 ;0=12,1=0,2
P 5.9974409 0.4875 8 P 0 0 ;0=8,1=0,2
P 6.0035433 1.5875 12 P 0 0 ;0=12,1=0,2
P 6.025 0.5713583 6 P 0 0 ;0=6,1=0,2
P 6.025 0.8036418 6 P 0 0 ;0=6,1=0,2
P 6.0288091 2.0734114 8 P 0 0 ;0=8,1=0,2
P 6.0288091 2.133809 8 P 0 0 ;0=8,1=0,2
P 6.033809 1.67375 8 P 0 0 ;0=8,1=0,2
P 6.0385801 1.39951 13 P 0 0 ;0=13,1=0,2
P 6.052559 0.4875 8 P 0 0 ;0=8,1=0,2
P 6.09 1.8574409 3 P 0 0 ;0=3,1=0,2
P 6.09 1.912559 3 P 0 0 ;0=3,1=0,2
P 6.09 1.9899409 3 P 0 0 ;0=3,1=0,2
P 6.09 2.045059 3 P 0 0 ;0=3,1=0,2
P 6.1023622 0.1968504 54 P 0 0 ;0=50,1=0
P 6.1023622 0.3937008 46 P 0 0 ;0=46,1=0,2
P 6.1023622 3.7401575 54 P 0 0 ;0=50,1=0
S P 0
OB 0.425 2.8687501 I
OS 0.3125 2.8687501
OS 0.3124999 3.0249999
OS 0.4249999 3.0249999
OS 0.425 2.8687501
OE
SE
S P 0
OB 0.6124999 3.5874997 I
OS 0.9374999 3.5874998
OS 0.9374999 3.4249999
OS 0.8497351 3.425
OS 0.8497351 3.475
OS 0.8488038 3.4796822
OS 0.847935 3.4809825
OS 0.847935 3.525
OS 0.4375 3.525
OS 0.4375 3.5119786
OS 0.4360758 3.5107456
OS 0.4324999 3.5087994
OS 0.4293306 3.5094298
OS 0.4155512 3.5094298
OS 0.4113022 3.5085846
OS 0.4077001 3.5061778
OS 0.4052933 3.5025757
OS 0.4047283 3.4997351
OS 0.3833763 3.4997351
OS 0.3807851 3.5014665
OS 0.375 3.5026172
OS 0.3692149 3.5014665
OS 0.3643105 3.4981895
OS 0.3610335 3.4932851
OS 0.3598828 3.4875
OS 0.3610335 3.4817149
OS 0.3643105 3.4768105
OS 0.3692149 3.4735335
OS 0.375 3.4723828
OS 0.3807851 3.4735335
OS 0.3833763 3.4752649
OS 0.4047283 3.4752649
OS 0.4052933 3.4724243
OS 0.4077001 3.4688222
OS 0.4113022 3.4664154
OS 0.4155512 3.4655702
OS 0.4293306 3.4655702
OS 0.4324999 3.4662006
OS 0.4360758 3.4642544
OS 0.4375 3.4630214
OS 0.4375 3.3733729
OS 0.4330698 3.3711708
OS 0.4315794 3.3721584
OS 0.4315794 3.3839567
OS 0.4307189 3.3882825
OS 0.4282686 3.3919497
OS 0.4246014 3.3944
OS 0.4202756 3.3952605
OS 0.3990158 3.3952605
OS 0.39469 3.3944
OS 0.3910228 3.3919497
OS 0.3885725 3.3882825
OS 0.387712 3.3839567
OS 0.387712 3.3765611
OS 0.382712 3.375179
OS 0.3807851 3.3764665
OS 0.375 3.3776172
OS 0.3692149 3.3764665
OS 0.3643105 3.3731895
OS 0.3610335 3.3682851
OS 0.3598828 3.3625
OS 0.3610335 3.3567149
OS 0.3643105 3.3518105
OS 0.3692149 3.3485335
OS 0.375 3.3473828
OS 0.3807851 3.3485335
OS 0.382712 3.349821
OS 0.387712 3.3484389
OS 0.387712 3.3410433
OS 0.3885725 3.3367175
OS 0.3910228 3.3330503
OS 0.39469 3.3306
OS 0.3990158 3.3297395
OS 0.4202756 3.3297395
OS 0.4246014 3.3306
OS 0.4282686 3.3330503
OS 0.4307189 3.3367175
OS 0.4315794 3.3410433
OS 0.4315794 3.3528416
OS 0.4330698 3.3538292
OS 0.4375 3.3516271
OS 0.4375 3.3375
OS 0.4691255 3.3375
OS 0.4692812 3.3367175
OS 0.4717315 3.3330503
OS 0.4753987 3.3306
OS 0.4797245 3.3297395
OS 0.5009843 3.3297395
OS 0.5053101 3.3306
OS 0.5089773 3.3330503
OS 0.5114276 3.3367175
OS 0.5115833 3.3375
OS 0.5625 3.3375
OS 0.5625 3.3
OS 0.5 3.3
OS 0.5 3.25
OS 0.2625 3.25
OS 0.2625 2.86875
OS 0.1875 2.86875
OS 0.1875 3.4375
OS 0.2499998 3.4375
OS 0.2499998 3.5874997
OS 0.5625 3.5874998
OS 0.5625 3.6749999
OS 0.6124999 3.6749999
OS 0.6124999 3.5874997
OE
SE
S P 0
OB 0.685 3.1375 I
OS 1.125 3.1375
OS 1.125 2.9625
OS 0.44375 2.9624998
OS 0.4437499 3.0374998
OS 0.2812499 3.0374999
OS 0.2812501 3.1812499
OS 0.5125 3.18125
OS 0.5125 3.2875
OS 0.5875 3.2875
OS 0.5875 3.5125
OS 0.685 3.5125
OS 0.685 3.1375
OE
SE
S P 0
OB 0.75 3.6 I
OS 0.6375 3.6
OS 0.6375 3.675
OS 0.75 3.675
OS 0.75 3.6
OE
SE
S P 0
OB 1.0374999 3.6749999 I
OS 1.0374997 3.2124999
OS 0.7124998 3.2125
OS 0.7125 3.2874999
OS 0.85 3.2875
OS 0.85 3.4
OS 0.9625 3.4
OS 0.9625 3.6
OS 0.775 3.6
OS 0.7749999 3.675
OS 1.0374999 3.6749999
OE
SE
S P 0
OB 1.4749999 3.4999998 I
OS 1.475 3.3249998
OS 1.375 3.3249999
OS 1.3749999 3.4999999
OS 1.4749999 3.4999998
OE
SE
S P 0
OB 1.5499999 3.525 I
OS 1.3749998 3.525
OS 1.3749998 3.6874999
OS 1.5499999 3.6874999
OS 1.5499999 3.525
OE
SE
S P 0
OB 1.5625 2.9 I
OS 1.1999999 2.9
OS 1.1999999 3.1249998
OS 1.3749999 3.1249998
OS 1.375 3.2999999
OS 1.5 3.3
OS 1.5 3.5
OS 1.5625 3.5
OS 1.5625 2.9
OE
SE
S P 0
OB 1.7874997 2.8999999 I
OS 1.6124998 2.8999999
OS 1.6124999 3.525
OS 1.5910355 3.5249998
OS 1.5874999 3.5285354
OS 1.5874999 3.6874999
OS 1.7874998 3.6874999
OS 1.7874997 2.8999999
OE
SE
S P 0
OB 1.975 1.775 I
OS 1.9625 1.775
OS 1.9625 1.7375
OS 1.8255846 1.7375
OS 1.8255846 1.775
OS 1.9375 1.775
OS 1.9375 1.825
OS 1.975 1.825
OS 1.975 1.775
OE
SE
S P 0
OB 2.0249998 3.100006 I
OS 2.0250001 2.825006
OS 1.8250001 2.8250065
OS 1.8249998 3.1000065
OS 2.0249998 3.100006
OE
SE
S P 0
OB 2.0250001 3.1500003 I
OS 1.8250001 3.1500003
OS 1.8250001 3.5500003
OS 2.0250001 3.5500003
OS 2.0250001 3.1500003
OE
SE
S P 0
OB 2.0250001 3.6000003 I
OS 1.8250001 3.6000003
OS 1.8250001 3.8750003
OS 2.0250001 3.8750003
OS 2.0250001 3.6000003
OE
SE
S P 0
OB 2.0499999 1.8249999 I
OS 2.0499999 1.7374999
OS 2.0128139 1.7375
OS 2.0124999 1.7375003
OS 2.0088902 1.7349008
OS 2.0088905 1.7341429
OS 2.0088905 1.725
OS 1.966103 1.725
OS 1.966103 1.7357458
OS 1.9668296 1.7375
OS 1.9668296 1.7625
OS 1.9875 1.7625
OS 1.9875 1.825
OS 2.0499999 1.8249999
OE
SE
S P 0
OB 2.1206703 2.0624998 I
OS 2.1219384 2.0594383
OS 2.1249999 2.0581702
OS 2.1348367 2.0581702
OS 2.1356761 2.0585179
OS 2.1359851 2.0584564
OS 2.1405838 2.0593711
OS 2.1771328 2.0593711
OS 2.1817315 2.0584564
OS 2.1820405 2.0585179
OS 2.1828799 2.0581702
OS 2.1875 2.0581702
OS 2.1875 2.0374993
OS 2.1806298 2.0374993
OS 2.1775591 2.0381101
OS 2.1401575 2.0381101
OS 2.1370873 2.0374994
OS 2.1124999 2.0374995
OS 2.1125 1.9975934
OS 2.1074533 1.9925467
OS 2.1059062 1.9902313
OS 2.1053629 1.9875
OS 2.1053629 1.9749999
OS 1.8947921 1.9749999
OS 1.8772453 1.9925467
OS 1.8749999 1.994047
OS 1.8749999 2.0624999
OS 2.1206703 2.0624999
OS 2.1206703 2.0624998
OE
SE
S P 0
OB 2.2499998 3.1000055 I
OS 2.2500001 2.8250055
OS 2.2202256 2.8250056
OS 2.2181866 2.826368
OS 2.2124015 2.8275187
OS 2.2066164 2.826368
OS 2.2045774 2.8250056
OS 2.0500001 2.825006
OS 2.0499998 3.100006
OS 2.2499998 3.1000055
OE
SE
S P 0
OB 2.2500001 3.1500003 I
OS 2.0500001 3.1500003
OS 2.0500001 3.5500003
OS 2.2500001 3.5500003
OS 2.2500001 3.1500003
OE
SE
S P 0
OB 2.2500001 3.6000003 I
OS 2.0500001 3.6000003
OS 2.0500001 3.8750003
OS 2.2500001 3.8750003
OS 2.2500001 3.6000003
OE
SE
S P 0
OB 2.3375 1.9625 I
OS 2.3377649 1.9625
OS 2.3377649 1.925
OS 2.3386962 1.9203178
OS 2.3413485 1.9163485
OS 2.3538485 1.9038485
OS 2.3578178 1.9011962
OS 2.3625 1.9002649
OS 2.3666237 1.9002649
OS 2.3692149 1.8985335
OS 2.375 1.8973828
OS 2.3807851 1.8985335
OS 2.3856895 1.9018105
OS 2.3889665 1.9067149
OS 2.3901172 1.9125
OS 2.3889665 1.9182851
OS 2.3856895 1.9231895
OS 2.3807851 1.9264665
OS 2.375 1.9276172
OS 2.3692149 1.9264665
OS 2.3671897 1.9251133
OS 2.3622351 1.9300679
OS 2.3622351 1.9591682
OS 2.3646507 1.9615838
OS 2.3680419 1.9615838
OS 2.372441 1.9607088
OS 2.4098426 1.9607088
OS 2.4148596 1.9617067
OS 2.4160468 1.9625
OS 2.5 1.9625
OS 2.5 1.9375
OS 2.55 1.9375
OS 2.55 1.8125
OS 2.75 1.8125
OS 2.75 1.875
OS 2.875 1.875
OS 2.875 1.7821371
OS 2.8625 1.7821371
OS 2.8597688 1.7815938
OS 2.8574533 1.7800467
OS 2.8470437 1.7696371
OS 2.7375 1.7696371
OS 2.7347688 1.7690938
OS 2.7324533 1.7675467
OS 2.7274066 1.7625
OS 2.2276174 1.7624999
OS 2.2276172 1.7625001
OS 2.2264665 1.7682851
OS 2.2231895 1.7731895
OS 2.2182851 1.7764665
OS 2.2125001 1.7776172
OS 2.2125 1.7826172
OS 2.2125 1.8312053
OS 2.2125001 1.8362054
OS 2.2152313 1.8367487
OS 2.2175467 1.8382958
OS 2.2190938 1.8406112
OS 2.2196371 1.8433425
OS 2.2190938 1.8460738
OS 2.2175467 1.8483892
OS 2.2125 1.8534359
OS 2.2124999 2.0624998
OS 2.1828799 2.0624998
OS 2.1825761 2.0627028
OS 2.1775591 2.0637007
OS 2.1401575 2.0637007
OS 2.1351405 2.0627028
OS 2.1348367 2.0624998
OS 2.1249999 2.0624998
OS 2.125 2.0999999
OS 1.875 2.1
OS 1.875 2.2
OS 2.3375 2.2
OS 2.3375 1.9625
OE
SE
S P 0
OB 2.4749998 3.1000005 I
OS 2.4750001 2.8250005
OS 2.4452331 2.8250006
OS 2.4431866 2.826368
OS 2.4374015 2.8275187
OS 2.4316164 2.826368
OS 2.42957 2.8250006
OS 2.2750001 2.825001
OS 2.2749998 3.100001
OS 2.4749998 3.1000005
OE
SE
S P 0
OB 2.4750001 3.1500003 I
OS 2.2750001 3.1500003
OS 2.2750001 3.5500003
OS 2.4750001 3.5500003
OS 2.4750001 3.1500003
OE
SE
S P 0
OB 2.4750001 3.6000003 I
OS 2.2750001 3.6000003
OS 2.2750001 3.8750003
OS 2.4750001 3.8750003
OS 2.4750001 3.6000003
OE
SE
S P 0
OB 2.625 1.95 I
OS 2.5125 1.95
OS 2.5124998 2.075
OS 2.4249998 2.0749999
OS 2.4249999 2.0410353
OS 2.4214643 2.0374997
OS 2.4129112 2.0374997
OS 2.4098426 2.0381101
OS 2.372441 2.0381101
OS 2.3693731 2.0374999
OS 2.3625 2.0374999
OS 2.3625 2.1249999
OS 2.5125 2.125
OS 2.5125 2.2
OS 2.625 2.2
OS 2.625 1.95
OE
SE
S P 0
OB 2.6999998 3.1000005 I
OS 2.7000001 2.8250005
OS 2.6702331 2.8250006
OS 2.6681866 2.826368
OS 2.6624015 2.8275187
OS 2.6566164 2.826368
OS 2.65457 2.8250006
OS 2.5000001 2.825001
OS 2.4999998 3.100001
OS 2.6999998 3.1000005
OE
SE
S P 0
OB 2.7000001 3.1500003 I
OS 2.5000001 3.1500003
OS 2.5000001 3.5500003
OS 2.7000001 3.5500003
OS 2.7000001 3.1500003
OE
SE
S P 0
OB 2.7000001 3.6000003 I
OS 2.5000001 3.6000003
OS 2.5000001 3.8750003
OS 2.7000001 3.8750003
OS 2.7000001 3.6000003
OE
SE
S P 0
OB 2.8999999 2.1999999 I
OS 2.8999999 2.0249999
OS 2.7875 2.025
OS 2.7875 1.95
OS 2.7125 1.95
OS 2.7125 1.825
OS 2.675 1.825
OS 2.675 2.2
OS 2.8999999 2.1999999
OE
SE
S P 0
OB 2.9 1.9 I
OS 2.75 1.9
OS 2.75 1.9375
OS 2.8 1.9375
OS 2.8 1.9528898
OS 2.8216377 1.9528898
OS 2.8216377 2
OS 2.9 2
OS 2.9 1.9
OE
SE
S P 0
OB 2.9249998 3.1000003 I
OS 2.9250001 2.8250003
OS 2.8952334 2.8250004
OS 2.8931866 2.826368
OS 2.8874015 2.8275187
OS 2.8816164 2.826368
OS 2.8795697 2.8250004
OS 2.7250001 2.8250008
OS 2.7249998 3.1000008
OS 2.9249998 3.1000003
OE
SE
S P 0
OB 2.9250001 3.19548 I
OS 2.9235335 3.1932851
OS 2.9223828 3.1875
OS 2.9235335 3.1817149
OS 2.9250001 3.17952
OS 2.9250001 3.1500003
OS 2.7579794 3.1500003
OS 2.7557851 3.1514665
OS 2.75 3.1526172
OS 2.7442149 3.1514665
OS 2.7420206 3.1500003
OS 2.7250001 3.1500003
OS 2.7250001 3.5500003
OS 2.9250001 3.5500003
OS 2.9250001 3.19548
OE
SE
S P 0
OB 2.9250001 3.6000003 I
OS 2.7250001 3.6000003
OS 2.7250001 3.8750003
OS 2.9250001 3.8750003
OS 2.9250001 3.6000003
OE
SE
S P 0
OB 3.1499998 3.1000003 I
OS 3.1500001 2.8250003
OS 3.1202334 2.8250004
OS 3.1181866 2.826368
OS 3.1124015 2.8275187
OS 3.1066164 2.826368
OS 3.1045697 2.8250004
OS 2.9500001 2.8250008
OS 2.9499998 3.1000008
OS 3.1499998 3.1000003
OE
SE
S P 0
OB 3.1500001 3.1500003 I
OS 2.9500001 3.1500003
OS 2.9500001 3.1795203
OS 2.9514665 3.1817149
OS 2.9526172 3.1875
OS 2.9514665 3.1932851
OS 2.9500001 3.1954797
OS 2.9500001 3.5500003
OS 3.1500001 3.5500003
OS 3.1500001 3.1500003
OE
SE
S P 0
OB 3.1500001 3.6000003 I
OS 2.9500001 3.6000003
OS 2.9500001 3.8750003
OS 3.1500001 3.8750003
OS 3.1500001 3.6000003
OE
SE
S P 0
OB 3.3749998 3.100005 I
OS 3.3750001 2.825005
OS 3.3454723 2.8250051
OS 3.3432851 2.8264665
OS 3.3375 2.8276172
OS 3.3317149 2.8264665
OS 3.3295278 2.8250051
OS 3.1750001 2.8250055
OS 3.1749998 3.1000055
OS 3.3749998 3.100005
OE
SE
S P 0
OB 3.3750001 3.1500003 I
OS 3.1750001 3.1500003
OS 3.1750001 3.5500003
OS 3.3750001 3.5500003
OS 3.3750001 3.1500003
OE
SE
S P 0
OB 3.3750001 3.6000003 I
OS 3.1750001 3.6000003
OS 3.1750001 3.8750003
OS 3.3750001 3.8750003
OS 3.3750001 3.6000003
OE
SE
S P 0
OB 3.5999998 3.1000045 I
OS 3.6000001 2.8250045
OS 3.570473 2.8250046
OS 3.5682851 2.8264665
OS 3.5625 2.8276172
OS 3.5567149 2.8264665
OS 3.554527 2.8250046
OS 3.4000001 2.825005
OS 3.3999998 3.100005
OS 3.5999998 3.1000045
OE
SE
S P 0
OB 3.6000001 3.1500003 I
OS 3.4000001 3.1500003
OS 3.4000001 3.5500003
OS 3.6000001 3.5500003
OS 3.6000001 3.1500003
OE
SE
S P 0
OB 3.6000001 3.6000003 I
OS 3.4000001 3.6000003
OS 3.4000001 3.8750003
OS 3.6000001 3.8750003
OS 3.6000001 3.6000003
OE
SE
S P 0
OB 3.8249998 3.100004 I
OS 3.8250001 2.825004
OS 3.7953753 2.8250041
OS 3.7931866 2.8264665
OS 3.7874015 2.8276172
OS 3.7816164 2.8264665
OS 3.7794278 2.8250041
OS 3.6250001 2.8250045
OS 3.6249998 3.1000045
OS 3.8249998 3.100004
OE
SE
S P 0
OB 3.8250001 3.1500003 I
OS 3.6250001 3.1500003
OS 3.6250001 3.5500003
OS 3.8250001 3.5500003
OS 3.8250001 3.1500003
OE
SE
S P 0
OB 3.8250001 3.6000003 I
OS 3.6250001 3.6000003
OS 3.6250001 3.8750003
OS 3.8250001 3.8750003
OS 3.8250001 3.6000003
OE
SE
S P 0
OB 4.0500001 3.1500003 I
OS 3.8500001 3.1500003
OS 3.8500001 3.5500003
OS 4.0500001 3.5500003
OS 4.0500001 3.1500003
OE
SE
S P 0
OB 4.0500001 3.6000003 I
OS 3.8500001 3.6000003
OS 3.8500001 3.8750003
OS 4.0500001 3.8750003
OS 4.0500001 3.6000003
OE
SE
S P 0
OB 4.0501008 3.1000035 I
OS 4.0501011 2.8250035
OS 4.0204745 2.8250036
OS 4.0182851 2.8264665
OS 4.0125 2.8276172
OS 4.0067149 2.8264665
OS 4.0045255 2.8250036
OS 3.8501011 2.825004
OS 3.8501008 3.100004
OS 4.0501008 3.1000035
OE
SE
S P 0
OB 4.125 1.7875 I
OS 4.1125 1.7875
OS 4.1125 1.7767542
OS 4.1117734 1.775
OS 4.1117734 1.75
OS 3.9755846 1.75
OS 3.9755846 1.7875
OS 4.0875 1.7875
OS 4.0875 1.8375
OS 4.125 1.8375
OS 4.125 1.7875
OE
SE
S P 0
OB 4.1999999 1.8374999 I
OS 4.1999999 1.7499999
OS 4.1628139 1.75
OS 4.1624999 1.7500003
OS 4.1588902 1.7474008
OS 4.1588905 1.7466429
OS 4.1588905 1.7375
OS 4.116103 1.7375
OS 4.116103 1.775
OS 4.1375 1.775
OS 4.1375 1.8375
OS 4.1999999 1.8374999
OE
SE
S P 0
OB 4.2749998 3.100003 I
OS 4.2750001 2.825003
OS 4.243257 2.8250031
OS 4.2423966 2.825578
OS 4.2366115 2.8267287
OS 4.2308264 2.825578
OS 4.229966 2.8250031
OS 4.0750001 2.8250035
OS 4.0749998 3.1000035
OS 4.2749998 3.100003
OE
SE
S P 0
OB 4.2750001 3.1500003 I
OS 4.0750001 3.1500003
OS 4.0750001 3.5500003
OS 4.2750001 3.5500003
OS 4.2750001 3.1500003
OE
SE
S P 0
OB 4.2750001 3.6000003 I
OS 4.0750001 3.6000003
OS 4.0750001 3.8750003
OS 4.2750001 3.8750003
OS 4.2750001 3.6000003
OE
SE
S P 0
OB 4.3374999 2.0624997 I
OS 4.3375 2.0410351
OS 4.3339644 2.0374995
OS 4.3306289 2.0374995
OS 4.3275591 2.0381101
OS 4.2901575 2.0381101
OS 4.287088 2.0374996
OS 4.2624999 2.0374996
OS 4.2625 1.9975934
OS 4.2542526 1.989346
OS 4.2527055 1.9870306
OS 4.2521622 1.9842993
OS 4.2521622 1.9749999
OS 4.0344251 1.975
OS 4.0330518 1.9766734
OS 4.0330518 1.9983267
OS 4.0322066 2.0025757
OS 4.0297998 2.0061778
OS 4.0261977 2.0085846
OS 4.025 2.0088228
OS 4.025 2.0375
OS 4.0249999 2.0589645
OS 4.0285355 2.0625001
OS 4.3374999 2.0624997
OE
SE
S P 0
OB 4.4875 1.9625 I
OS 4.4877649 1.9625
OS 4.4877649 1.925
OS 4.4886962 1.9203178
OS 4.4913485 1.9163485
OS 4.5038485 1.9038485
OS 4.5078178 1.9011962
OS 4.5125 1.9002649
OS 4.5166237 1.9002649
OS 4.5192149 1.8985335
OS 4.525 1.8973828
OS 4.5307851 1.8985335
OS 4.5356895 1.9018105
OS 4.5389665 1.9067149
OS 4.5401172 1.9125
OS 4.5389665 1.9182851
OS 4.5356895 1.9231895
OS 4.5307851 1.9264665
OS 4.525 1.9276172
OS 4.5192149 1.9264665
OS 4.5171897 1.9251133
OS 4.5122351 1.9300679
OS 4.5122351 1.9591682
OS 4.5146507 1.9615838
OS 4.5180419 1.9615838
OS 4.522441 1.9607088
OS 4.5598426 1.9607088
OS 4.5648596 1.9617067
OS 4.5660468 1.9625
OS 4.65 1.9625
OS 4.65 1.9375
OS 4.7 1.9375
OS 4.7 1.8125
OS 4.9 1.8125
OS 4.9 1.875
OS 5.0178629 1.875
OS 5.0178629 1.7904563
OS 5.0095437 1.7821371
OS 4.95 1.7821371
OS 4.9472688 1.7815938
OS 4.9449533 1.7800467
OS 4.9345437 1.7696371
OS 4.8375 1.7696371
OS 4.8347688 1.7690938
OS 4.8324533 1.7675467
OS 4.8274066 1.7625
OS 4.3901174 1.7624999
OS 4.3901172 1.7625001
OS 4.3889665 1.7682851
OS 4.3856895 1.7731895
OS 4.3807851 1.7764665
OS 4.375 1.7776172
OS 4.3708097 1.7767837
OS 4.3701057 1.7774877
OS 4.3677903 1.7790348
OS 4.365059 1.7795781
OS 4.3625 1.7795781
OS 4.3625 1.8253628
OS 4.3625001 1.8303629
OS 4.3652313 1.8309062
OS 4.3675467 1.8324533
OS 4.3690938 1.8347687
OS 4.3696371 1.8375
OS 4.3690938 1.8402313
OS 4.3675467 1.8425467
OS 4.3625 1.8475934
OS 4.3624999 1.9125
OS 4.3624999 2.0624998
OS 4.3418295 2.0624998
OS 4.3405614 2.0655612
OS 4.3374999 2.0668293
OS 4.2749999 2.0668294
OS 4.275 2.0999999
OS 4.025 2.1
OS 4.025 2.2
OS 4.4875 2.2
OS 4.4875 1.9625
OE
SE
S P 0
OB 4.5000001 3.6000003 I
OS 4.3000001 3.6000003
OS 4.3000001 3.8750003
OS 4.5000001 3.8750003
OS 4.5000001 3.6000003
OE
SE
S P 0
OB 4.5001198 3.1000025 I
OS 4.5001201 2.8250025
OS 4.470476 2.8250026
OS 4.4682851 2.8264665
OS 4.4625 2.8276172
OS 4.4567149 2.8264665
OS 4.454524 2.8250026
OS 4.3001201 2.825003
OS 4.3001198 3.100003
OS 4.5001198 3.1000025
OE
SE
S P 0
OB 4.5001201 3.1500003 I
OS 4.3001201 3.1500003
OS 4.3001201 3.5500003
OS 4.5001201 3.5500003
OS 4.5001201 3.1500003
OE
SE
S P 0
OB 4.7249998 3.100002 I
OS 4.7250001 2.825002
OS 4.6953783 2.8250021
OS 4.6931866 2.8264665
OS 4.6874015 2.8276172
OS 4.6816164 2.8264665
OS 4.6794248 2.8250021
OS 4.5250001 2.8250025
OS 4.5249998 3.1000025
OS 4.7249998 3.100002
OE
SE
S P 0
OB 4.7250001 3.1500003 I
OS 4.5250001 3.1500003
OS 4.5250001 3.5500003
OS 4.7250001 3.5500003
OS 4.7250001 3.1500003
OE
SE
S P 0
OB 4.7250001 3.6000003 I
OS 4.5250001 3.6000003
OS 4.5250001 3.8750003
OS 4.7250001 3.8750003
OS 4.7250001 3.6000003
OE
SE
S P 0
OB 4.775 1.95 I
OS 4.6625 1.95
OS 4.6624998 2.075
OS 4.5749998 2.0749999
OS 4.5749999 2.0410353
OS 4.5714643 2.0374997
OS 4.5629112 2.0374997
OS 4.5598426 2.0381101
OS 4.522441 2.0381101
OS 4.5193731 2.0374999
OS 4.5125 2.0374999
OS 4.5125 2.1249999
OS 4.6625 2.125
OS 4.6625 2.2
OS 4.775 2.2
OS 4.775 1.95
OE
SE
S P 0
OB 4.9499998 3.1000005 I
OS 4.9500001 2.8250005
OS 4.920479 2.8250006
OS 4.9182851 2.8264665
OS 4.9125 2.8276172
OS 4.9067149 2.8264665
OS 4.904521 2.8250006
OS 4.7500001 2.825001
OS 4.7499998 3.100001
OS 4.9499998 3.1000005
OE
SE
S P 0
OB 4.9500001 3.1500003 I
OS 4.7500001 3.1500003
OS 4.7500001 3.5500003
OS 4.9500001 3.5500003
OS 4.9500001 3.1500003
OE
SE
S P 0
OB 4.9500001 3.6000003 I
OS 4.7500001 3.6000003
OS 4.7500001 3.8750003
OS 4.9500001 3.8750003
OS 4.9500001 3.6000003
OE
SE
S P 0
OB 5.0499999 2.1999998 I
OS 5.0499999 2.0249998
OS 4.9375 2.025
OS 4.9375 1.95
OS 4.8625 1.95
OS 4.8625 1.825
OS 4.825 1.825
OS 4.825 2.2
OS 5.0499999 2.1999998
OE
SE
S P 0
OB 5.05 1.9350934 I
OS 5.0199533 1.9050467
OS 5.0184062 1.9027313
OS 5.0178629 1.9
OS 4.9 1.9
OS 4.9 1.9375
OS 4.95 1.9375
OS 4.95 1.9528898
OS 4.9716377 1.9528898
OS 4.9716377 2
OS 5.05 2
OS 5.05 1.9350934
OE
SE
S P 0
OB 5.1749998 3.1000015 I
OS 5.1750001 2.8250015
OS 5.1454775 2.8250016
OS 5.1432851 2.8264665
OS 5.1375 2.8276172
OS 5.1317149 2.8264665
OS 5.1295225 2.8250016
OS 4.9750001 2.825002
OS 4.9749998 3.100002
OS 5.1749998 3.1000015
OE
SE
S P 0
OB 5.1750001 3.1500003 I
OS 4.9750001 3.1500003
OS 4.9750001 3.5500003
OS 5.1750001 3.5500003
OS 5.1750001 3.1500003
OE
SE
S P 0
OB 5.1750001 3.6000003 I
OS 4.9750001 3.6000003
OS 4.9750001 3.8750003
OS 5.1750001 3.8750003
OS 5.1750001 3.6000003
OE
SE
S P 0
OB 5.3999998 3.100001 I
OS 5.4000001 2.825001
OS 5.3702839 2.8250011
OS 5.3686766 2.826075
OS 5.3628915 2.8272257
OS 5.3571064 2.826075
OS 5.3554992 2.8250011
OS 5.2000001 2.8250015
OS 5.1999998 3.1000015
OS 5.3999998 3.100001
OE
SE
S P 0
OB 5.4000001 3.1500003 I
OS 5.2000001 3.1500003
OS 5.2000001 3.5500003
OS 5.4000001 3.5500003
OS 5.4000001 3.1500003
OE
SE
S P 0
OB 5.4000001 3.6000003 I
OS 5.2000001 3.6000003
OS 5.2000001 3.8750003
OS 5.4000001 3.8750003
OS 5.4000001 3.6000003
OE
SE
S P 0
OB 5.6249998 3.1000005 I
OS 5.6250001 2.8250005
OS 5.595479 2.8250006
OS 5.5932851 2.8264665
OS 5.5875 2.8276172
OS 5.5817149 2.8264665
OS 5.579521 2.8250006
OS 5.4250001 2.825001
OS 5.4249998 3.100001
OS 5.6249998 3.1000005
OE
SE
S P 0
OB 5.6250001 3.1500003 I
OS 5.4250001 3.1500003
OS 5.4250001 3.5500003
OS 5.6250001 3.5500003
OS 5.6250001 3.1500003
OE
SE
S P 0
OB 5.6250001 3.6000003 I
OS 5.5329794 3.6000003
OS 5.5307851 3.6014665
OS 5.525 3.6026172
OS 5.5192149 3.6014665
OS 5.5170206 3.6000003
OS 5.4250001 3.6000003
OS 5.4250001 3.8750003
OS 5.6250001 3.8750003
OS 5.6250001 3.6000003
OE
SE
S P 0
OB 5.8499997 3.1 I
OS 5.85 2.825
OS 5.8204798 2.8250001
OS 5.8182851 2.8264665
OS 5.8125 2.8276172
OS 5.8067149 2.8264665
OS 5.8045203 2.8250001
OS 5.65 2.8250005
OS 5.6499997 3.1000005
OS 5.8499997 3.1
OE
SE
S P 0
OB 5.8500001 3.1500003 I
OS 5.6500001 3.1500003
OS 5.6500001 3.5500003
OS 5.8500001 3.5500003
OS 5.8500001 3.1500003
OE
SE
S P 0
OB 5.8500001 3.6000003 I
OS 5.7643788 3.6000003
OS 5.7628209 3.6050003
OS 5.7639665 3.6067149
OS 5.7651172 3.6125
OS 5.7639665 3.6182851
OS 5.7606895 3.6231895
OS 5.7557851 3.6264665
OS 5.75 3.6276172
OS 5.7442149 3.6264665
OS 5.7393105 3.6231895
OS 5.7360335 3.6182851
OS 5.7348828 3.6125
OS 5.7360335 3.6067149
OS 5.7371791 3.6050003
OS 5.7356212 3.6000003
OS 5.6500001 3.6000003
OS 5.6500001 3.8750003
OS 5.8500001 3.8750003
OS 5.8500001 3.6000003
OE
SE
P 0.21 2.09 55 P 0 0 ;0=51,1=1
P 0.25 1 56 P 0 0 ;0=52,1=1
P 0.25121 1.242559 55 P 0 0 ;0=51,1=1
P 0.26 2.43 55 P 0 0 ;0=51,1=1
P 0.2725 2.3875 55 P 0 0 ;0=51,1=1
P 0.2821332 2.12079 55 P 0 0 ;0=51,1=1
P 0.2876495 2.6525 55 P 0 0 ;0=51,1=1
P 0.29436 1.155 55 P 0 0 ;0=51,1=1
P 0.305 3.14 55 P 0 0 ;0=51,1=1
P 0.31 2.2712867 55 P 0 0 ;0=51,1=1
P 0.3124232 2.6265 55 P 0 0 ;0=51,1=1
P 0.32 3.17 55 P 0 0 ;0=51,1=1
P 0.335 2.60079 55 P 0 0 ;0=51,1=1
P 0.335 3.14 55 P 0 0 ;0=51,1=1
P 0.34936 1.155 55 P 0 0 ;0=51,1=1
P 0.35 3.17 55 P 0 0 ;0=51,1=1
P 0.3625 2.575 55 P 0 0 ;0=51,1=1
P 0.365 3.14 55 P 0 0 ;0=51,1=1
P 0.375 3.3625 55 P 0 0 ;0=51,1=1
P 0.375 3.4875 55 P 0 0 ;0=51,1=1
P 0.38 3.17 55 P 0 0 ;0=51,1=1
P 0.3875 2.6525 55 P 0 0 ;0=51,1=1
P 0.395 3.14 55 P 0 0 ;0=51,1=1
P 0.4 2.8875 56 P 0 0 ;0=52,1=1
P 0.40436 1.155 55 P 0 0 ;0=51,1=1
P 0.41 3.17 55 P 0 0 ;0=51,1=1
P 0.4125 2.6080218 55 P 0 0 ;0=51,1=1
P 0.41875 2.575 55 P 0 0 ;0=51,1=1
P 0.425 3.14 55 P 0 0 ;0=51,1=1
P 0.4375 2.4424213 55 P 0 0 ;0=51,1=1
P 0.44 3.17 55 P 0 0 ;0=51,1=1
P 0.45 2.3825788 55 P 0 0 ;0=51,1=1
P 0.45 2.9375 56 P 0 0 ;0=52,1=1
P 0.455 3.14 55 P 0 0 ;0=51,1=1
P 0.47 3.17 55 P 0 0 ;0=51,1=1
P 0.475 2.675 55 P 0 0 ;0=51,1=1
P 0.485 3.14 55 P 0 0 ;0=51,1=1
P 0.5 3.17 55 P 0 0 ;0=51,1=1
P 0.50936 1.155 55 P 0 0 ;0=51,1=1
P 0.51 2.14 55 P 0 0 ;0=51,1=1
P 0.5125 2.3875 55 P 0 0 ;0=51,1=1
P 0.5125 2.45 55 P 0 0 ;0=51,1=1
P 0.5125 2.6841839 55 P 0 0 ;0=51,1=1
P 0.515 3.14 55 P 0 0 ;0=51,1=1
P 0.53 2.99 55 P 0 0 ;0=51,1=1
P 0.53 3.05 55 P 0 0 ;0=51,1=1
P 0.53 3.11 55 P 0 0 ;0=51,1=1
P 0.53 3.17 55 P 0 0 ;0=51,1=1
P 0.53 3.23 55 P 0 0 ;0=51,1=1
P 0.545 3.02 55 P 0 0 ;0=51,1=1
P 0.545 3.08 55 P 0 0 ;0=51,1=1
P 0.545 3.14 55 P 0 0 ;0=51,1=1
P 0.545 3.2 55 P 0 0 ;0=51,1=1
P 0.56 2.4625 55 P 0 0 ;0=51,1=1
P 0.56 2.63 55 P 0 0 ;0=51,1=1
P 0.56 2.99 55 P 0 0 ;0=51,1=1
P 0.56 3.05 55 P 0 0 ;0=51,1=1
P 0.56 3.11 55 P 0 0 ;0=51,1=1
P 0.56 3.17 55 P 0 0 ;0=51,1=1
P 0.56 3.23 55 P 0 0 ;0=51,1=1
P 0.5625 2.7 55 P 0 0 ;0=51,1=1
P 0.56321 2.1625 55 P 0 0 ;0=51,1=1
P 0.56321 2.3175 55 P 0 0 ;0=51,1=1
P 0.56436 1.155 55 P 0 0 ;0=51,1=1
P 0.575 3.02 55 P 0 0 ;0=51,1=1
P 0.575 3.08 55 P 0 0 ;0=51,1=1
P 0.575 3.14 55 P 0 0 ;0=51,1=1
P 0.575 3.2 55 P 0 0 ;0=51,1=1
P 0.575 3.26 55 P 0 0 ;0=51,1=1
P 0.59 2.99 55 P 0 0 ;0=51,1=1
P 0.59 3.05 55 P 0 0 ;0=51,1=1
P 0.59 3.11 55 P 0 0 ;0=51,1=1
P 0.59 3.17 55 P 0 0 ;0=51,1=1
P 0.59 3.23 55 P 0 0 ;0=51,1=1
P 0.605 3.02 55 P 0 0 ;0=51,1=1
P 0.605 3.08 55 P 0 0 ;0=51,1=1
P 0.605 3.14 55 P 0 0 ;0=51,1=1
P 0.605 3.2 55 P 0 0 ;0=51,1=1
P 0.605 3.26 55 P 0 0 ;0=51,1=1
P 0.605 3.44 55 P 0 0 ;0=51,1=1
P 0.6158464 3.2941929 55 P 0 0 ;0=51,1=1
P 0.6158464 3.3375 55 P 0 0 ;0=51,1=1
P 0.6158464 3.3808071 55 P 0 0 ;0=51,1=1
P 0.61936 1.155 55 P 0 0 ;0=51,1=1
P 0.62 2.99 55 P 0 0 ;0=51,1=1
P 0.62 3.05 55 P 0 0 ;0=51,1=1
P 0.62 3.11 55 P 0 0 ;0=51,1=1
P 0.62 3.17 55 P 0 0 ;0=51,1=1
P 0.62 3.23 55 P 0 0 ;0=51,1=1
P 0.635 3.02 55 P 0 0 ;0=51,1=1
P 0.635 3.08 55 P 0 0 ;0=51,1=1
P 0.635 3.14 55 P 0 0 ;0=51,1=1
P 0.635 3.2 55 P 0 0 ;0=51,1=1
P 0.635 3.26 55 P 0 0 ;0=51,1=1
P 0.635 3.44 55 P 0 0 ;0=51,1=1
P 0.635 3.5 55 P 0 0 ;0=51,1=1
P 0.65 2.99 55 P 0 0 ;0=51,1=1
P 0.65 3.05 55 P 0 0 ;0=51,1=1
P 0.65 3.11 55 P 0 0 ;0=51,1=1
P 0.65 3.17 55 P 0 0 ;0=51,1=1
P 0.65 3.23 55 P 0 0 ;0=51,1=1
P 0.65 3.47 55 P 0 0 ;0=51,1=1
P 0.6591535 3.2941929 55 P 0 0 ;0=51,1=1
P 0.6591535 3.3375 55 P 0 0 ;0=51,1=1
P 0.6591535 3.3808071 55 P 0 0 ;0=51,1=1
P 0.65936 1.242559 55 P 0 0 ;0=51,1=1
P 0.665 3.02 55 P 0 0 ;0=51,1=1
P 0.665 3.08 55 P 0 0 ;0=51,1=1
P 0.665 3.14 55 P 0 0 ;0=51,1=1
P 0.665 3.2 55 P 0 0 ;0=51,1=1
P 0.665 3.26 55 P 0 0 ;0=51,1=1
P 0.665 3.44 55 P 0 0 ;0=51,1=1
P 0.68 2.99 55 P 0 0 ;0=51,1=1
P 0.68 3.05 55 P 0 0 ;0=51,1=1
P 0.68 3.11 55 P 0 0 ;0=51,1=1
P 0.6875 2.65 55 P 0 0 ;0=51,1=1
P 0.69375 2.4838604 55 P 0 0 ;0=51,1=1
P 0.695 3.02 55 P 0 0 ;0=51,1=1
P 0.695 3.08 55 P 0 0 ;0=51,1=1
P 0.69621 2.2125 55 P 0 0 ;0=51,1=1
P 0.70625 2.18125 55 P 0 0 ;0=51,1=1
P 0.71 2.99 55 P 0 0 ;0=51,1=1
P 0.71 3.05 55 P 0 0 ;0=51,1=1
P 0.71 3.11 55 P 0 0 ;0=51,1=1
P 0.7125 2.1125 55 P 0 0 ;0=51,1=1
P 0.7125 2.625 55 P 0 0 ;0=51,1=1
P 0.7224409 1.19951 55 P 0 0 ;0=51,1=1
P 0.725 3.02 55 P 0 0 ;0=51,1=1
P 0.725 3.08 55 P 0 0 ;0=51,1=1
P 0.7365 2.6005 55 P 0 0 ;0=51,1=1
P 0.74 1.245 55 P 0 0 ;0=51,1=1
P 0.74 2.99 55 P 0 0 ;0=51,1=1
P 0.74 3.05 55 P 0 0 ;0=51,1=1
P 0.74 3.11 55 P 0 0 ;0=51,1=1
P 0.755 3.02 55 P 0 0 ;0=51,1=1
P 0.755 3.08 55 P 0 0 ;0=51,1=1
P 0.761625 2.5755 55 P 0 0 ;0=51,1=1
P 0.77 2.99 55 P 0 0 ;0=51,1=1
P 0.77 3.05 55 P 0 0 ;0=51,1=1
P 0.77 3.11 55 P 0 0 ;0=51,1=1
P 0.7725 2.6525 55 P 0 0 ;0=51,1=1
P 0.777559 1.2 55 P 0 0 ;0=51,1=1
P 0.785 3.02 55 P 0 0 ;0=51,1=1
P 0.785 3.08 55 P 0 0 ;0=51,1=1
P 0.8 2.99 55 P 0 0 ;0=51,1=1
P 0.8 3.05 55 P 0 0 ;0=51,1=1
P 0.8 3.11 55 P 0 0 ;0=51,1=1
P 0.8133859 2.6008859 55 P 0 0 ;0=51,1=1
P 0.815 3.02 55 P 0 0 ;0=51,1=1
P 0.815 3.08 55 P 0 0 ;0=51,1=1
P 0.8154002 2.6305394 55 P 0 0 ;0=51,1=1
P 0.81825 2.5688051 55 P 0 0 ;0=51,1=1
P 0.83 2.99 55 P 0 0 ;0=51,1=1
P 0.83 3.05 55 P 0 0 ;0=51,1=1
P 0.83 3.11 55 P 0 0 ;0=51,1=1
P 0.8375 2.4424213 55 P 0 0 ;0=51,1=1
P 0.845 3.02 55 P 0 0 ;0=51,1=1
P 0.845 3.08 55 P 0 0 ;0=51,1=1
P 0.85625 2.3768947 55 P 0 0 ;0=51,1=1
P 0.86 2.99 55 P 0 0 ;0=51,1=1
P 0.86 3.05 55 P 0 0 ;0=51,1=1
P 0.86 3.11 55 P 0 0 ;0=51,1=1
P 0.875 3.02 55 P 0 0 ;0=51,1=1
P 0.875 3.08 55 P 0 0 ;0=51,1=1
P 0.89 2.99 55 P 0 0 ;0=51,1=1
P 0.89 3.05 55 P 0 0 ;0=51,1=1
P 0.89 3.11 55 P 0 0 ;0=51,1=1
P 0.905 3.02 55 P 0 0 ;0=51,1=1
P 0.905 3.08 55 P 0 0 ;0=51,1=1
P 0.9125 2.2 55 P 0 0 ;0=51,1=1
P 0.9125 2.3875 55 P 0 0 ;0=51,1=1
P 0.9125 2.4375 55 P 0 0 ;0=51,1=1
P 0.9125 2.5 55 P 0 0 ;0=51,1=1
P 0.9125 2.675 55 P 0 0 ;0=51,1=1
P 0.92 2.99 55 P 0 0 ;0=51,1=1
P 0.92 3.05 55 P 0 0 ;0=51,1=1
P 0.92 3.11 55 P 0 0 ;0=51,1=1
P 0.935 3.02 55 P 0 0 ;0=51,1=1
P 0.935 3.08 55 P 0 0 ;0=51,1=1
P 0.9375 2.4125 55 P 0 0 ;0=51,1=1
P 0.9375 2.7 55 P 0 0 ;0=51,1=1
P 0.95 2.99 55 P 0 0 ;0=51,1=1
P 0.95 3.05 55 P 0 0 ;0=51,1=1
P 0.95 3.11 55 P 0 0 ;0=51,1=1
P 0.9599409 1.1894509 55 P 0 0 ;0=51,1=1
P 0.9625 2.1625 55 P 0 0 ;0=51,1=1
P 0.965 3.02 55 P 0 0 ;0=51,1=1
P 0.965 3.08 55 P 0 0 ;0=51,1=1
P 0.97549 2.37451 55 P 0 0 ;0=51,1=1
P 0.98 2.99 55 P 0 0 ;0=51,1=1
P 0.98 3.05 55 P 0 0 ;0=51,1=1
P 0.98 3.11 55 P 0 0 ;0=51,1=1
P 0.995 3.02 55 P 0 0 ;0=51,1=1
P 0.995 3.08 55 P 0 0 ;0=51,1=1
P 1.01 2.99 55 P 0 0 ;0=51,1=1
P 1.01 3.05 55 P 0 0 ;0=51,1=1
P 1.01 3.11 55 P 0 0 ;0=51,1=1
P 1.0150591 1.1894509 55 P 0 0 ;0=51,1=1
P 1.025 3.02 55 P 0 0 ;0=51,1=1
P 1.025 3.08 55 P 0 0 ;0=51,1=1
P 1.05 2.38451 55 P 0 0 ;0=51,1=1
P 1.0873268 1.4899958 55 P 0 0 ;0=51,1=1
P 1.1125 2.65 55 P 0 0 ;0=51,1=1
P 1.125 2.4875 55 P 0 0 ;0=51,1=1
P 1.15 2.3625 55 P 0 0 ;0=51,1=1
P 1.2 2.6 55 P 0 0 ;0=51,1=1
P 1.22 2.93 55 P 0 0 ;0=51,1=1
P 1.225 2.1596457 55 P 0 0 ;0=51,1=1
P 1.225 2.2403544 55 P 0 0 ;0=51,1=1
P 1.235 2.96 55 P 0 0 ;0=51,1=1
P 1.23671 2.29951 55 P 0 0 ;0=51,1=1
P 1.2375 1.1625 55 P 0 0 ;0=51,1=1
P 1.2375 2.375 55 P 0 0 ;0=51,1=1
P 1.25 2.93 55 P 0 0 ;0=51,1=1
P 1.2625 2.4625 55 P 0 0 ;0=51,1=1
P 1.2648268 1.3124958 55 P 0 0 ;0=51,1=1
P 1.265 2.96 55 P 0 0 ;0=51,1=1
P 1.28 2.93 55 P 0 0 ;0=51,1=1
P 1.2875 2.4875 55 P 0 0 ;0=51,1=1
P 1.29375 1.1743775 55 P 0 0 ;0=51,1=1
P 1.295 2.96 55 P 0 0 ;0=51,1=1
P 1.295 3.02 55 P 0 0 ;0=51,1=1
P 1.295 3.08 55 P 0 0 ;0=51,1=1
P 1.31 2.93 55 P 0 0 ;0=51,1=1
P 1.31 2.99 55 P 0 0 ;0=51,1=1
P 1.31 3.05 55 P 0 0 ;0=51,1=1
P 1.31 3.11 55 P 0 0 ;0=51,1=1
P 1.3125 2.5125 55 P 0 0 ;0=51,1=1
P 1.325 2.96 55 P 0 0 ;0=51,1=1
P 1.325 3.02 55 P 0 0 ;0=51,1=1
P 1.325 3.08 55 P 0 0 ;0=51,1=1
P 1.3376 2.4625 55 P 0 0 ;0=51,1=1
P 1.34 2.93 55 P 0 0 ;0=51,1=1
P 1.34 2.99 55 P 0 0 ;0=51,1=1
P 1.34 3.05 55 P 0 0 ;0=51,1=1
P 1.34 3.11 55 P 0 0 ;0=51,1=1
P 1.355 2.96 55 P 0 0 ;0=51,1=1
P 1.355 3.02 55 P 0 0 ;0=51,1=1
P 1.355 3.08 55 P 0 0 ;0=51,1=1
P 1.3625 2.4375 55 P 0 0 ;0=51,1=1
P 1.37 2.93 55 P 0 0 ;0=51,1=1
P 1.37 2.99 55 P 0 0 ;0=51,1=1
P 1.37 3.05 55 P 0 0 ;0=51,1=1
P 1.37 3.11 55 P 0 0 ;0=51,1=1
P 1.375 1.475 55 P 0 0 ;0=51,1=1
P 1.385 2.96 55 P 0 0 ;0=51,1=1
P 1.385 3.02 55 P 0 0 ;0=51,1=1
P 1.385 3.08 55 P 0 0 ;0=51,1=1
P 1.3874873 2.46875 55 P 0 0 ;0=51,1=1
P 1.4 2.93 55 P 0 0 ;0=51,1=1
P 1.4 2.99 55 P 0 0 ;0=51,1=1
P 1.4 3.05 55 P 0 0 ;0=51,1=1
P 1.4 3.11 55 P 0 0 ;0=51,1=1
P 1.4 3.17 55 P 0 0 ;0=51,1=1
P 1.4 3.41 55 P 0 0 ;0=51,1=1
P 1.4 3.65 55 P 0 0 ;0=51,1=1
P 1.4125 2.325 55 P 0 0 ;0=51,1=1
P 1.415 2.96 55 P 0 0 ;0=51,1=1
P 1.415 3.02 55 P 0 0 ;0=51,1=1
P 1.415 3.08 55 P 0 0 ;0=51,1=1
P 1.415 3.14 55 P 0 0 ;0=51,1=1
P 1.415 3.2 55 P 0 0 ;0=51,1=1
P 1.415 3.62 55 P 0 0 ;0=51,1=1
P 1.4175001 1.0824999 55 P 0 0 ;0=51,1=1
P 1.425 1.475 55 P 0 0 ;0=51,1=1
P 1.43 2.93 55 P 0 0 ;0=51,1=1
P 1.43 2.99 55 P 0 0 ;0=51,1=1
P 1.43 3.05 55 P 0 0 ;0=51,1=1
P 1.43 3.11 55 P 0 0 ;0=51,1=1
P 1.43 3.17 55 P 0 0 ;0=51,1=1
P 1.43 3.41 55 P 0 0 ;0=51,1=1
P 1.43 3.65 55 P 0 0 ;0=51,1=1
P 1.4322667 1.1743775 55 P 0 0 ;0=51,1=1
P 1.4375 2.2125 55 P 0 0 ;0=51,1=1
P 1.445 2.96 55 P 0 0 ;0=51,1=1
P 1.445 3.02 55 P 0 0 ;0=51,1=1
P 1.445 3.08 55 P 0 0 ;0=51,1=1
P 1.445 3.14 55 P 0 0 ;0=51,1=1
P 1.445 3.2 55 P 0 0 ;0=51,1=1
P 1.445 3.62 55 P 0 0 ;0=51,1=1
P 1.46 2.93 55 P 0 0 ;0=51,1=1
P 1.46 2.99 55 P 0 0 ;0=51,1=1
P 1.46 3.05 55 P 0 0 ;0=51,1=1
P 1.46 3.11 55 P 0 0 ;0=51,1=1
P 1.46 3.17 55 P 0 0 ;0=51,1=1
P 1.46 3.23 55 P 0 0 ;0=51,1=1
P 1.46 3.65 55 P 0 0 ;0=51,1=1
P 1.4625 2.1875 55 P 0 0 ;0=51,1=1
P 1.475 1.475 55 P 0 0 ;0=51,1=1
P 1.475 2.96 55 P 0 0 ;0=51,1=1
P 1.475 3.02 55 P 0 0 ;0=51,1=1
P 1.475 3.08 55 P 0 0 ;0=51,1=1
P 1.475 3.14 55 P 0 0 ;0=51,1=1
P 1.475 3.2 55 P 0 0 ;0=51,1=1
P 1.475 3.62 55 P 0 0 ;0=51,1=1
P 1.4875 2.1625 55 P 0 0 ;0=51,1=1
P 1.4875 2.3625 55 P 0 0 ;0=51,1=1
P 1.4875 2.4 55 P 0 0 ;0=51,1=1
P 1.4875 2.4375 55 P 0 0 ;0=51,1=1
P 1.49 2.93 55 P 0 0 ;0=51,1=1
P 1.49 2.99 55 P 0 0 ;0=51,1=1
P 1.505 3.02 55 P 0 0 ;0=51,1=1
P 1.525 1.475 55 P 0 0 ;0=51,1=1
P 1.535 3.02 55 P 0 0 ;0=51,1=1
P 1.5736534 1.08125 55 P 0 0 ;0=51,1=1
P 1.575 1.475 55 P 0 0 ;0=51,1=1
P 1.6248285 1.4751714 55 P 0 0 ;0=51,1=1
P 1.625 3.02 55 P 0 0 ;0=51,1=1
P 1.625 3.08 55 P 0 0 ;0=51,1=1
P 1.625 3.14 55 P 0 0 ;0=51,1=1
P 1.625 3.2 55 P 0 0 ;0=51,1=1
P 1.625 3.26 55 P 0 0 ;0=51,1=1
P 1.625 3.32 55 P 0 0 ;0=51,1=1
P 1.625 3.38 55 P 0 0 ;0=51,1=1
P 1.625 3.44 55 P 0 0 ;0=51,1=1
P 1.625 3.5 55 P 0 0 ;0=51,1=1
P 1.64 3.05 55 P 0 0 ;0=51,1=1
P 1.64 3.11 55 P 0 0 ;0=51,1=1
P 1.64 3.17 55 P 0 0 ;0=51,1=1
P 1.64 3.23 55 P 0 0 ;0=51,1=1
P 1.64 3.29 55 P 0 0 ;0=51,1=1
P 1.64 3.35 55 P 0 0 ;0=51,1=1
P 1.64 3.41 55 P 0 0 ;0=51,1=1
P 1.64 3.47 55 P 0 0 ;0=51,1=1
P 1.65 1.8375 57 P 0 0 ;0=53,1=1
P 1.65 2.3625 55 P 0 0 ;0=51,1=1
P 1.655 3.02 55 P 0 0 ;0=51,1=1
P 1.655 3.08 55 P 0 0 ;0=51,1=1
P 1.655 3.14 55 P 0 0 ;0=51,1=1
P 1.655 3.2 55 P 0 0 ;0=51,1=1
P 1.655 3.26 55 P 0 0 ;0=51,1=1
P 1.655 3.32 55 P 0 0 ;0=51,1=1
P 1.655 3.38 55 P 0 0 ;0=51,1=1
P 1.655 3.44 55 P 0 0 ;0=51,1=1
P 1.655 3.5 55 P 0 0 ;0=51,1=1
P 1.67 3.05 55 P 0 0 ;0=51,1=1
P 1.67 3.11 55 P 0 0 ;0=51,1=1
P 1.67 3.17 55 P 0 0 ;0=51,1=1
P 1.67 3.23 55 P 0 0 ;0=51,1=1
P 1.67 3.29 55 P 0 0 ;0=51,1=1
P 1.67 3.35 55 P 0 0 ;0=51,1=1
P 1.67 3.41 55 P 0 0 ;0=51,1=1
P 1.67 3.47 55 P 0 0 ;0=51,1=1
P 1.685 3.02 55 P 0 0 ;0=51,1=1
P 1.685 3.08 55 P 0 0 ;0=51,1=1
P 1.685 3.14 55 P 0 0 ;0=51,1=1
P 1.685 3.2 55 P 0 0 ;0=51,1=1
P 1.685 3.26 55 P 0 0 ;0=51,1=1
P 1.685 3.32 55 P 0 0 ;0=51,1=1
P 1.685 3.38 55 P 0 0 ;0=51,1=1
P 1.685 3.44 55 P 0 0 ;0=51,1=1
P 1.685 3.5 55 P 0 0 ;0=51,1=1
P 1.7 2.93 55 P 0 0 ;0=51,1=1
P 1.7 2.99 55 P 0 0 ;0=51,1=1
P 1.70625 1.475 55 P 0 0 ;0=51,1=1
P 1.715 2.96 55 P 0 0 ;0=51,1=1
P 1.715 3.02 55 P 0 0 ;0=51,1=1
P 1.73 2.93 55 P 0 0 ;0=51,1=1
P 1.73 2.99 55 P 0 0 ;0=51,1=1
P 1.73125 1.08351 55 P 0 0 ;0=51,1=1
P 1.7375 1.6125 55 P 0 0 ;0=51,1=1
P 1.745 2.96 55 P 0 0 ;0=51,1=1
P 1.745 3.02 55 P 0 0 ;0=51,1=1
P 1.76 2.93 55 P 0 0 ;0=51,1=1
P 1.76 2.99 55 P 0 0 ;0=51,1=1
P 1.7625 1.6375 55 P 0 0 ;0=51,1=1
P 1.775 1.875 55 P 0 0 ;0=51,1=1
P 1.775 2.15 55 P 0 0 ;0=51,1=1
P 1.775 2.3375 55 P 0 0 ;0=51,1=1
P 1.775 2.96 55 P 0 0 ;0=51,1=1
P 1.775 3.02 55 P 0 0 ;0=51,1=1
P 1.7875 1.6125 55 P 0 0 ;0=51,1=1
P 1.8 1.7375 57 P 0 0 ;0=53,1=1
P 1.8 2.775 55 P 0 0 ;0=51,1=1
P 1.8375 3.6625 55 P 0 0 ;0=51,1=1
P 1.85 1.875 55 P 0 0 ;0=51,1=1
P 1.85 2.4125 57 P 0 0 ;0=53,1=1
P 1.85 2.84 55 P 0 0 ;0=51,1=1
P 1.85 2.9 55 P 0 0 ;0=51,1=1
P 1.85 2.96 55 P 0 0 ;0=51,1=1
P 1.85 3.02 55 P 0 0 ;0=51,1=1
P 1.85 3.08 55 P 0 0 ;0=51,1=1
P 1.85 3.125 55 P 0 0 ;0=51,1=1
P 1.85 3.17 55 P 0 0 ;0=51,1=1
P 1.85 3.23 55 P 0 0 ;0=51,1=1
P 1.85 3.29 55 P 0 0 ;0=51,1=1
P 1.85 3.35 55 P 0 0 ;0=51,1=1
P 1.85 3.41 55 P 0 0 ;0=51,1=1
P 1.85 3.47 55 P 0 0 ;0=51,1=1
P 1.85 3.53 55 P 0 0 ;0=51,1=1
P 1.85 3.62 55 P 0 0 ;0=51,1=1
P 1.85 3.74 55 P 0 0 ;0=51,1=1
P 1.85 3.8 55 P 0 0 ;0=51,1=1
P 1.85 3.86 55 P 0 0 ;0=51,1=1
P 1.8625 2.3375 55 P 0 0 ;0=51,1=1
P 1.865 2.87 55 P 0 0 ;0=51,1=1
P 1.865 2.93 55 P 0 0 ;0=51,1=1
P 1.865 2.99 55 P 0 0 ;0=51,1=1
P 1.865 3.26 55 P 0 0 ;0=51,1=1
P 1.865 3.32 55 P 0 0 ;0=51,1=1
P 1.865 3.38 55 P 0 0 ;0=51,1=1
P 1.865 3.44 55 P 0 0 ;0=51,1=1
P 1.865 3.71 55 P 0 0 ;0=51,1=1
P 1.865 3.77 55 P 0 0 ;0=51,1=1
P 1.865 3.83 55 P 0 0 ;0=51,1=1
P 1.88 2.84 55 P 0 0 ;0=51,1=1
P 1.88 2.9 55 P 0 0 ;0=51,1=1
P 1.88 2.96 55 P 0 0 ;0=51,1=1
P 1.88 3.08 55 P 0 0 ;0=51,1=1
P 1.88 3.17 55 P 0 0 ;0=51,1=1
P 1.88 3.29 55 P 0 0 ;0=51,1=1
P 1.88 3.35 55 P 0 0 ;0=51,1=1
P 1.88 3.41 55 P 0 0 ;0=51,1=1
P 1.88 3.53 55 P 0 0 ;0=51,1=1
P 1.88 3.62 55 P 0 0 ;0=51,1=1
P 1.88 3.74 55 P 0 0 ;0=51,1=1
P 1.88 3.8 55 P 0 0 ;0=51,1=1
P 1.88 3.86 55 P 0 0 ;0=51,1=1
P 1.895 2.87 55 P 0 0 ;0=51,1=1
P 1.895 2.93 55 P 0 0 ;0=51,1=1
P 1.895 2.99 55 P 0 0 ;0=51,1=1
P 1.895 3.26 55 P 0 0 ;0=51,1=1
P 1.895 3.32 55 P 0 0 ;0=51,1=1
P 1.895 3.38 55 P 0 0 ;0=51,1=1
P 1.895 3.44 55 P 0 0 ;0=51,1=1
P 1.895 3.71 55 P 0 0 ;0=51,1=1
P 1.895 3.77 55 P 0 0 ;0=51,1=1
P 1.895 3.83 55 P 0 0 ;0=51,1=1
P 1.91 2.84 55 P 0 0 ;0=51,1=1
P 1.91 2.9 55 P 0 0 ;0=51,1=1
P 1.91 2.96 55 P 0 0 ;0=51,1=1
P 1.91 3.29 55 P 0 0 ;0=51,1=1
P 1.91 3.35 55 P 0 0 ;0=51,1=1
P 1.91 3.41 55 P 0 0 ;0=51,1=1
P 1.91 3.53 55 P 0 0 ;0=51,1=1
P 1.91 3.62 55 P 0 0 ;0=51,1=1
P 1.91 3.74 55 P 0 0 ;0=51,1=1
P 1.91 3.8 55 P 0 0 ;0=51,1=1
P 1.91 3.86 55 P 0 0 ;0=51,1=1
P 1.925 2.93 55 P 0 0 ;0=51,1=1
P 1.925 2.99 55 P 0 0 ;0=51,1=1
P 1.925 3.175 55 P 0 0 ;0=51,1=1
P 1.925 3.26 55 P 0 0 ;0=51,1=1
P 1.925 3.32 55 P 0 0 ;0=51,1=1
P 1.925 3.38 55 P 0 0 ;0=51,1=1
P 1.925 3.44 55 P 0 0 ;0=51,1=1
P 1.925 3.71 55 P 0 0 ;0=51,1=1
P 1.925 3.77 55 P 0 0 ;0=51,1=1
P 1.925 3.83 55 P 0 0 ;0=51,1=1
P 1.94 2.9 55 P 0 0 ;0=51,1=1
P 1.94 2.96 55 P 0 0 ;0=51,1=1
P 1.94 3.29 55 P 0 0 ;0=51,1=1
P 1.94 3.35 55 P 0 0 ;0=51,1=1
P 1.94 3.41 55 P 0 0 ;0=51,1=1
P 1.94 3.53 55 P 0 0 ;0=51,1=1
P 1.94 3.62 55 P 0 0 ;0=51,1=1
P 1.94 3.74 55 P 0 0 ;0=51,1=1
P 1.94 3.8 55 P 0 0 ;0=51,1=1
P 1.94 3.86 55 P 0 0 ;0=51,1=1
P 1.955 2.93 55 P 0 0 ;0=51,1=1
P 1.955 2.99 55 P 0 0 ;0=51,1=1
P 1.955 3.26 55 P 0 0 ;0=51,1=1
P 1.955 3.32 55 P 0 0 ;0=51,1=1
P 1.955 3.38 55 P 0 0 ;0=51,1=1
P 1.955 3.44 55 P 0 0 ;0=51,1=1
P 1.955 3.71 55 P 0 0 ;0=51,1=1
P 1.955 3.77 55 P 0 0 ;0=51,1=1
P 1.955 3.83 55 P 0 0 ;0=51,1=1
P 1.9625 1.9320866 55 P 0 0 ;0=51,1=1
P 1.9625 2.0625 57 P 0 0 ;0=53,1=1
P 1.97 2.9 55 P 0 0 ;0=51,1=1
P 1.97 2.96 55 P 0 0 ;0=51,1=1
P 1.97 3.08 55 P 0 0 ;0=51,1=1
P 1.97 3.17 55 P 0 0 ;0=51,1=1
P 1.97 3.29 55 P 0 0 ;0=51,1=1
P 1.97 3.35 55 P 0 0 ;0=51,1=1
P 1.97 3.41 55 P 0 0 ;0=51,1=1
P 1.97 3.53 55 P 0 0 ;0=51,1=1
P 1.97 3.62 55 P 0 0 ;0=51,1=1
P 1.97 3.74 55 P 0 0 ;0=51,1=1
P 1.97 3.8 55 P 0 0 ;0=51,1=1
P 1.97 3.86 55 P 0 0 ;0=51,1=1
P 1.9727818 1.9022181 55 P 0 0 ;0=51,1=1
P 1.975 1.85 57 P 0 0 ;0=53,1=1
P 1.985 2.87 55 P 0 0 ;0=51,1=1
P 1.985 2.93 55 P 0 0 ;0=51,1=1
P 1.985 2.99 55 P 0 0 ;0=51,1=1
P 1.985 3.26 55 P 0 0 ;0=51,1=1
P 1.985 3.32 55 P 0 0 ;0=51,1=1
P 1.985 3.38 55 P 0 0 ;0=51,1=1
P 1.985 3.44 55 P 0 0 ;0=51,1=1
P 1.985 3.71 55 P 0 0 ;0=51,1=1
P 1.985 3.77 55 P 0 0 ;0=51,1=1
P 1.985 3.83 55 P 0 0 ;0=51,1=1
P 1.9875 1.6625 55 P 0 0 ;0=51,1=1
P 1.9875 2.3375 55 P 0 0 ;0=51,1=1
P 1.9876952 2.8025591 55 P 0 0 ;0=51,1=1
P 2 1.8875 55 P 0 0 ;0=51,1=1
P 2 2.84 55 P 0 0 ;0=51,1=1
P 2 2.9 55 P 0 0 ;0=51,1=1
P 2 2.96 55 P 0 0 ;0=51,1=1
P 2 3.08 55 P 0 0 ;0=51,1=1
P 2 3.17 55 P 0 0 ;0=51,1=1
P 2 3.2125 55 P 0 0 ;0=51,1=1
P 2 3.29 55 P 0 0 ;0=51,1=1
P 2 3.35 55 P 0 0 ;0=51,1=1
P 2 3.41 55 P 0 0 ;0=51,1=1
P 2 3.47 55 P 0 0 ;0=51,1=1
P 2 3.53 55 P 0 0 ;0=51,1=1
P 2 3.62 55 P 0 0 ;0=51,1=1
P 2 3.68 55 P 0 0 ;0=51,1=1
P 2 3.74 55 P 0 0 ;0=51,1=1
P 2 3.8 55 P 0 0 ;0=51,1=1
P 2 3.86 55 P 0 0 ;0=51,1=1
P 2.0067011 1.5875 55 P 0 0 ;0=51,1=1
P 2.03125 1.20101 57 P 0 0 ;0=53,1=1
P 2.0339567 1.9507244 55 P 0 0 ;0=51,1=1
P 2.0375 1.625 57 P 0 0 ;0=53,1=1
P 2.0553124 0.90576 55 P 0 0 ;0=51,1=1
P 2.0625 2.7692795 55 P 0 0 ;0=51,1=1
P 2.0625 3.6625 55 P 0 0 ;0=51,1=1
P 2.075 1.11875 55 P 0 0 ;0=51,1=1
P 2.075 1.6375 55 P 0 0 ;0=51,1=1
P 2.075 1.8 57 P 0 0 ;0=53,1=1
P 2.075 2.18 55 P 0 0 ;0=51,1=1
P 2.075 3.125 55 P 0 0 ;0=51,1=1
P 2.09 2.84 55 P 0 0 ;0=51,1=1
P 2.09 2.9 55 P 0 0 ;0=51,1=1
P 2.09 2.96 55 P 0 0 ;0=51,1=1
P 2.09 3.08 55 P 0 0 ;0=51,1=1
P 2.09 3.17 55 P 0 0 ;0=51,1=1
P 2.09 3.29 55 P 0 0 ;0=51,1=1
P 2.09 3.35 55 P 0 0 ;0=51,1=1
P 2.09 3.41 55 P 0 0 ;0=51,1=1
P 2.09 3.53 55 P 0 0 ;0=51,1=1
P 2.09 3.62 55 P 0 0 ;0=51,1=1
P 2.09 3.74 55 P 0 0 ;0=51,1=1
P 2.09 3.8 55 P 0 0 ;0=51,1=1
P 2.09 3.86 55 P 0 0 ;0=51,1=1
P 2.1 0.61875 55 P 0 0 ;0=51,1=1
P 2.105 2.18 55 P 0 0 ;0=51,1=1
P 2.105 2.87 55 P 0 0 ;0=51,1=1
P 2.105 2.93 55 P 0 0 ;0=51,1=1
P 2.105 3.26 55 P 0 0 ;0=51,1=1
P 2.105 3.32 55 P 0 0 ;0=51,1=1
P 2.105 3.38 55 P 0 0 ;0=51,1=1
P 2.105 3.44 55 P 0 0 ;0=51,1=1
P 2.105 3.71 55 P 0 0 ;0=51,1=1
P 2.105 3.77 55 P 0 0 ;0=51,1=1
P 2.105 3.83 55 P 0 0 ;0=51,1=1
P 2.1125 0.6625 55 P 0 0 ;0=51,1=1
P 2.1125 2.3375 55 P 0 0 ;0=51,1=1
P 2.1186024 0.90576 55 P 0 0 ;0=51,1=1
P 2.12 2.84 55 P 0 0 ;0=51,1=1
P 2.12 2.9 55 P 0 0 ;0=51,1=1
P 2.12 2.96 55 P 0 0 ;0=51,1=1
P 2.12 3.08 55 P 0 0 ;0=51,1=1
P 2.12 3.17 55 P 0 0 ;0=51,1=1
P 2.12 3.29 55 P 0 0 ;0=51,1=1
P 2.12 3.35 55 P 0 0 ;0=51,1=1
P 2.12 3.41 55 P 0 0 ;0=51,1=1
P 2.12 3.53 55 P 0 0 ;0=51,1=1
P 2.12 3.62 55 P 0 0 ;0=51,1=1
P 2.12 3.74 55 P 0 0 ;0=51,1=1
P 2.12 3.8 55 P 0 0 ;0=51,1=1
P 2.12 3.86 55 P 0 0 ;0=51,1=1
P 2.125 1.2 55 P 0 0 ;0=51,1=1
P 2.13125 0.61875 55 P 0 0 ;0=51,1=1
P 2.13125 0.69375 55 P 0 0 ;0=51,1=1
P 2.135 2.18 55 P 0 0 ;0=51,1=1
P 2.135 2.87 55 P 0 0 ;0=51,1=1
P 2.135 2.93 55 P 0 0 ;0=51,1=1
P 2.135 3.26 55 P 0 0 ;0=51,1=1
P 2.135 3.32 55 P 0 0 ;0=51,1=1
P 2.135 3.38 55 P 0 0 ;0=51,1=1
P 2.135 3.44 55 P 0 0 ;0=51,1=1
P 2.135 3.71 55 P 0 0 ;0=51,1=1
P 2.135 3.77 55 P 0 0 ;0=51,1=1
P 2.135 3.83 55 P 0 0 ;0=51,1=1
P 2.15 2.15 55 P 0 0 ;0=51,1=1
P 2.15 2.9 55 P 0 0 ;0=51,1=1
P 2.15 2.96 55 P 0 0 ;0=51,1=1
P 2.15 3.1750001 55 P 0 0 ;0=51,1=1
P 2.15 3.29 55 P 0 0 ;0=51,1=1
P 2.15 3.35 55 P 0 0 ;0=51,1=1
P 2.15 3.41 55 P 0 0 ;0=51,1=1
P 2.15 3.53 55 P 0 0 ;0=51,1=1
P 2.15 3.62 55 P 0 0 ;0=51,1=1
P 2.15 3.74 55 P 0 0 ;0=51,1=1
P 2.15 3.8 55 P 0 0 ;0=51,1=1
P 2.15 3.86 55 P 0 0 ;0=51,1=1
P 2.165 2.18 55 P 0 0 ;0=51,1=1
P 2.165 2.93 55 P 0 0 ;0=51,1=1
P 2.165 3.26 55 P 0 0 ;0=51,1=1
P 2.165 3.32 55 P 0 0 ;0=51,1=1
P 2.165 3.38 55 P 0 0 ;0=51,1=1
P 2.165 3.44 55 P 0 0 ;0=51,1=1
P 2.165 3.71 55 P 0 0 ;0=51,1=1
P 2.165 3.77 55 P 0 0 ;0=51,1=1
P 2.165 3.83 55 P 0 0 ;0=51,1=1
P 2.175 1.11875 55 P 0 0 ;0=51,1=1
P 2.18 2.15 55 P 0 0 ;0=51,1=1
P 2.18 2.9 55 P 0 0 ;0=51,1=1
P 2.18 2.96 55 P 0 0 ;0=51,1=1
P 2.18 3.17 55 P 0 0 ;0=51,1=1
P 2.18 3.29 55 P 0 0 ;0=51,1=1
P 2.18 3.35 55 P 0 0 ;0=51,1=1
P 2.18 3.41 55 P 0 0 ;0=51,1=1
P 2.18 3.53 55 P 0 0 ;0=51,1=1
P 2.18 3.62 55 P 0 0 ;0=51,1=1
P 2.18 3.74 55 P 0 0 ;0=51,1=1
P 2.18 3.8 55 P 0 0 ;0=51,1=1
P 2.18 3.86 55 P 0 0 ;0=51,1=1
P 2.1811024 0.90576 55 P 0 0 ;0=51,1=1
P 2.195 2.12 55 P 0 0 ;0=51,1=1
P 2.195 2.18 55 P 0 0 ;0=51,1=1
P 2.195 2.93 55 P 0 0 ;0=51,1=1
P 2.195 3.26 55 P 0 0 ;0=51,1=1
P 2.195 3.32 55 P 0 0 ;0=51,1=1
P 2.195 3.38 55 P 0 0 ;0=51,1=1
P 2.195 3.44 55 P 0 0 ;0=51,1=1
P 2.195 3.71 55 P 0 0 ;0=51,1=1
P 2.195 3.77 55 P 0 0 ;0=51,1=1
P 2.195 3.83 55 P 0 0 ;0=51,1=1
P 2.2027067 0.61875 55 P 0 0 ;0=51,1=1
P 2.21 2.15 55 P 0 0 ;0=51,1=1
P 2.21 2.9 55 P 0 0 ;0=51,1=1
P 2.21 2.96 55 P 0 0 ;0=51,1=1
P 2.21 3.17 55 P 0 0 ;0=51,1=1
P 2.21 3.29 55 P 0 0 ;0=51,1=1
P 2.21 3.35 55 P 0 0 ;0=51,1=1
P 2.21 3.41 55 P 0 0 ;0=51,1=1
P 2.21 3.53 55 P 0 0 ;0=51,1=1
P 2.21 3.62 55 P 0 0 ;0=51,1=1
P 2.21 3.74 55 P 0 0 ;0=51,1=1
P 2.21 3.8 55 P 0 0 ;0=51,1=1
P 2.21 3.86 55 P 0 0 ;0=51,1=1
P 2.2124015 2.8124015 55 P 0 0 ;0=51,1=1
P 2.2125 1.7625 55 P 0 0 ;0=51,1=1
P 2.2125 1.8433425 55 P 0 0 ;0=51,1=1
P 2.225 1.2 55 P 0 0 ;0=51,1=1
P 2.225 1.82 55 P 0 0 ;0=51,1=1
P 2.225 1.94 55 P 0 0 ;0=51,1=1
P 2.225 2.12 55 P 0 0 ;0=51,1=1
P 2.225 2.18 55 P 0 0 ;0=51,1=1
P 2.225 2.87 55 P 0 0 ;0=51,1=1
P 2.225 2.93 55 P 0 0 ;0=51,1=1
P 2.225 3.2125 55 P 0 0 ;0=51,1=1
P 2.225 3.26 55 P 0 0 ;0=51,1=1
P 2.225 3.32 55 P 0 0 ;0=51,1=1
P 2.225 3.38 55 P 0 0 ;0=51,1=1
P 2.225 3.44 55 P 0 0 ;0=51,1=1
P 2.225 3.5 55 P 0 0 ;0=51,1=1
P 2.225 3.65 55 P 0 0 ;0=51,1=1
P 2.225 3.71 55 P 0 0 ;0=51,1=1
P 2.225 3.77 55 P 0 0 ;0=51,1=1
P 2.225 3.83 55 P 0 0 ;0=51,1=1
P 2.2316929 1.981693 55 P 0 0 ;0=51,1=1
P 2.2316929 2.025 55 P 0 0 ;0=51,1=1
P 2.2316929 2.0683071 55 P 0 0 ;0=51,1=1
P 2.2375 2.3375 55 P 0 0 ;0=51,1=1
P 2.24 1.79 55 P 0 0 ;0=51,1=1
P 2.24 1.85 55 P 0 0 ;0=51,1=1
P 2.24 1.91 55 P 0 0 ;0=51,1=1
P 2.24 2.15 55 P 0 0 ;0=51,1=1
P 2.2436024 0.90576 55 P 0 0 ;0=51,1=1
P 2.255 1.82 55 P 0 0 ;0=51,1=1
P 2.255 1.88 55 P 0 0 ;0=51,1=1
P 2.255 1.94 55 P 0 0 ;0=51,1=1
P 2.255 2.12 55 P 0 0 ;0=51,1=1
P 2.255 2.18 55 P 0 0 ;0=51,1=1
P 2.255 2.74 55 P 0 0 ;0=51,1=1
P 2.25625 0.4375 55 P 0 0 ;0=51,1=1
P 2.27 1.79 55 P 0 0 ;0=51,1=1
P 2.27 1.85 55 P 0 0 ;0=51,1=1
P 2.27 1.91 55 P 0 0 ;0=51,1=1
P 2.27 2.15 55 P 0 0 ;0=51,1=1
P 2.275 1.11875 55 P 0 0 ;0=51,1=1
P 2.275 1.981693 55 P 0 0 ;0=51,1=1
P 2.275 2.025 55 P 0 0 ;0=51,1=1
P 2.275 2.0683071 55 P 0 0 ;0=51,1=1
P 2.285 1.82 55 P 0 0 ;0=51,1=1
P 2.285 1.88 55 P 0 0 ;0=51,1=1
P 2.285 1.94 55 P 0 0 ;0=51,1=1
P 2.285 2.12 55 P 0 0 ;0=51,1=1
P 2.285 2.18 55 P 0 0 ;0=51,1=1
P 2.2875 3.6625 55 P 0 0 ;0=51,1=1
P 2.29375 0.58125 55 P 0 0 ;0=51,1=1
P 2.3 1.79 55 P 0 0 ;0=51,1=1
P 2.3 1.85 55 P 0 0 ;0=51,1=1
P 2.3 1.91 55 P 0 0 ;0=51,1=1
P 2.3 2.15 55 P 0 0 ;0=51,1=1
P 2.3 2.84 55 P 0 0 ;0=51,1=1
P 2.3 2.9 55 P 0 0 ;0=51,1=1
P 2.3 2.96 55 P 0 0 ;0=51,1=1
P 2.3 3.125 55 P 0 0 ;0=51,1=1
P 2.3 3.17 55 P 0 0 ;0=51,1=1
P 2.3 3.23 55 P 0 0 ;0=51,1=1
P 2.3 3.29 55 P 0 0 ;0=51,1=1
P 2.3 3.35 55 P 0 0 ;0=51,1=1
P 2.3 3.41 55 P 0 0 ;0=51,1=1
P 2.3 3.47 55 P 0 0 ;0=51,1=1
P 2.3 3.53 55 P 0 0 ;0=51,1=1
P 2.3 3.62 55 P 0 0 ;0=51,1=1
P 2.3 3.74 55 P 0 0 ;0=51,1=1
P 2.3 3.8 55 P 0 0 ;0=51,1=1
P 2.3 3.86 55 P 0 0 ;0=51,1=1
P 2.3053124 0.9072364 55 P 0 0 ;0=51,1=1
P 2.315 1.82 55 P 0 0 ;0=51,1=1
P 2.315 1.88 55 P 0 0 ;0=51,1=1
P 2.315 1.94 55 P 0 0 ;0=51,1=1
P 2.315 2.12 55 P 0 0 ;0=51,1=1
P 2.315 2.18 55 P 0 0 ;0=51,1=1
P 2.315 2.87 55 P 0 0 ;0=51,1=1
P 2.315 2.93 55 P 0 0 ;0=51,1=1
P 2.315 3.26 55 P 0 0 ;0=51,1=1
P 2.315 3.32 55 P 0 0 ;0=51,1=1
P 2.315 3.38 55 P 0 0 ;0=51,1=1
P 2.315 3.44 55 P 0 0 ;0=51,1=1
P 2.315 3.71 55 P 0 0 ;0=51,1=1
P 2.315 3.77 55 P 0 0 ;0=51,1=1
P 2.315 3.83 55 P 0 0 ;0=51,1=1
P 2.3183071 1.981693 55 P 0 0 ;0=51,1=1
P 2.3183071 2.025 55 P 0 0 ;0=51,1=1
P 2.3183071 2.0683071 55 P 0 0 ;0=51,1=1
P 2.325 1.2 55 P 0 0 ;0=51,1=1
P 2.33 1.79 55 P 0 0 ;0=51,1=1
P 2.33 1.85 55 P 0 0 ;0=51,1=1
P 2.33 2.84 55 P 0 0 ;0=51,1=1
P 2.33 2.9 55 P 0 0 ;0=51,1=1
P 2.33 2.96 55 P 0 0 ;0=51,1=1
P 2.33 3.17 55 P 0 0 ;0=51,1=1
P 2.33 3.29 55 P 0 0 ;0=51,1=1
P 2.33 3.35 55 P 0 0 ;0=51,1=1
P 2.33 3.41 55 P 0 0 ;0=51,1=1
P 2.33 3.53 55 P 0 0 ;0=51,1=1
P 2.33 3.62 55 P 0 0 ;0=51,1=1
P 2.33 3.74 55 P 0 0 ;0=51,1=1
P 2.33 3.8 55 P 0 0 ;0=51,1=1
P 2.33 3.86 55 P 0 0 ;0=51,1=1
P 2.34375 0.58125 55 P 0 0 ;0=51,1=1
P 2.345 1.82 55 P 0 0 ;0=51,1=1
P 2.345 1.88 55 P 0 0 ;0=51,1=1
P 2.345 2.87 55 P 0 0 ;0=51,1=1
P 2.345 2.93 55 P 0 0 ;0=51,1=1
P 2.345 3.26 55 P 0 0 ;0=51,1=1
P 2.345 3.32 55 P 0 0 ;0=51,1=1
P 2.345 3.38 55 P 0 0 ;0=51,1=1
P 2.345 3.44 55 P 0 0 ;0=51,1=1
P 2.345 3.71 55 P 0 0 ;0=51,1=1
P 2.345 3.77 55 P 0 0 ;0=51,1=1
P 2.345 3.83 55 P 0 0 ;0=51,1=1
P 2.36 1.79 55 P 0 0 ;0=51,1=1
P 2.36 2.84 55 P 0 0 ;0=51,1=1
P 2.36 2.9 55 P 0 0 ;0=51,1=1
P 2.36 2.96 55 P 0 0 ;0=51,1=1
P 2.36 3.29 55 P 0 0 ;0=51,1=1
P 2.36 3.35 55 P 0 0 ;0=51,1=1
P 2.36 3.41 55 P 0 0 ;0=51,1=1
P 2.36 3.53 55 P 0 0 ;0=51,1=1
P 2.36 3.62 55 P 0 0 ;0=51,1=1
P 2.36 3.74 55 P 0 0 ;0=51,1=1
P 2.36 3.8 55 P 0 0 ;0=51,1=1
P 2.36 3.86 55 P 0 0 ;0=51,1=1
P 2.3625 2.3375 55 P 0 0 ;0=51,1=1
P 2.3678124 0.90576 55 P 0 0 ;0=51,1=1
P 2.36875 0.4375 55 P 0 0 ;0=51,1=1
P 2.375 1.11875 55 P 0 0 ;0=51,1=1
P 2.375 1.82 55 P 0 0 ;0=51,1=1
P 2.375 1.9125 55 P 0 0 ;0=51,1=1
P 2.375 2.93 55 P 0 0 ;0=51,1=1
P 2.375 3.1750002 55 P 0 0 ;0=51,1=1
P 2.375 3.26 55 P 0 0 ;0=51,1=1
P 2.375 3.32 55 P 0 0 ;0=51,1=1
P 2.375 3.38 55 P 0 0 ;0=51,1=1
P 2.375 3.44 55 P 0 0 ;0=51,1=1
P 2.375 3.71 55 P 0 0 ;0=51,1=1
P 2.375 3.77 55 P 0 0 ;0=51,1=1
P 2.375 3.83 55 P 0 0 ;0=51,1=1
P 2.39 1.79 55 P 0 0 ;0=51,1=1
P 2.39 2.9 55 P 0 0 ;0=51,1=1
P 2.39 2.96 55 P 0 0 ;0=51,1=1
P 2.39 3.29 55 P 0 0 ;0=51,1=1
P 2.39 3.35 55 P 0 0 ;0=51,1=1
P 2.39 3.41 55 P 0 0 ;0=51,1=1
P 2.39 3.53 55 P 0 0 ;0=51,1=1
P 2.39 3.62 55 P 0 0 ;0=51,1=1
P 2.39 3.74 55 P 0 0 ;0=51,1=1
P 2.39 3.8 55 P 0 0 ;0=51,1=1
P 2.39 3.86 55 P 0 0 ;0=51,1=1
P 2.405 1.82 55 P 0 0 ;0=51,1=1
P 2.405 1.88 55 P 0 0 ;0=51,1=1
P 2.405 2.93 55 P 0 0 ;0=51,1=1
P 2.405 3.26 55 P 0 0 ;0=51,1=1
P 2.405 3.32 55 P 0 0 ;0=51,1=1
P 2.405 3.38 55 P 0 0 ;0=51,1=1
P 2.405 3.44 55 P 0 0 ;0=51,1=1
P 2.405 3.71 55 P 0 0 ;0=51,1=1
P 2.405 3.77 55 P 0 0 ;0=51,1=1
P 2.405 3.83 55 P 0 0 ;0=51,1=1
P 2.42 1.79 55 P 0 0 ;0=51,1=1
P 2.42 2.9 55 P 0 0 ;0=51,1=1
P 2.42 2.96 55 P 0 0 ;0=51,1=1
P 2.42 3.17 55 P 0 0 ;0=51,1=1
P 2.42 3.29 55 P 0 0 ;0=51,1=1
P 2.42 3.35 55 P 0 0 ;0=51,1=1
P 2.42 3.41 55 P 0 0 ;0=51,1=1
P 2.42 3.53 55 P 0 0 ;0=51,1=1
P 2.42 3.62 55 P 0 0 ;0=51,1=1
P 2.42 3.74 55 P 0 0 ;0=51,1=1
P 2.42 3.8 55 P 0 0 ;0=51,1=1
P 2.42 3.86 55 P 0 0 ;0=51,1=1
P 2.425 1.2 55 P 0 0 ;0=51,1=1
P 2.4311024 0.90576 55 P 0 0 ;0=51,1=1
P 2.435 1.82 55 P 0 0 ;0=51,1=1
P 2.435 1.88 55 P 0 0 ;0=51,1=1
P 2.435 2.87 55 P 0 0 ;0=51,1=1
P 2.435 2.93 55 P 0 0 ;0=51,1=1
P 2.435 3.26 55 P 0 0 ;0=51,1=1
P 2.435 3.32 55 P 0 0 ;0=51,1=1
P 2.435 3.38 55 P 0 0 ;0=51,1=1
P 2.435 3.44 55 P 0 0 ;0=51,1=1
P 2.435 3.71 55 P 0 0 ;0=51,1=1
P 2.435 3.77 55 P 0 0 ;0=51,1=1
P 2.435 3.83 55 P 0 0 ;0=51,1=1
P 2.4374015 2.8124015 55 P 0 0 ;0=51,1=1
P 2.44375 0.73125 55 P 0 0 ;0=51,1=1
P 2.45 1.79 55 P 0 0 ;0=51,1=1
P 2.45 2.84 55 P 0 0 ;0=51,1=1
P 2.45 2.9 55 P 0 0 ;0=51,1=1
P 2.45 2.96 55 P 0 0 ;0=51,1=1
P 2.45 3.17 55 P 0 0 ;0=51,1=1
P 2.45 3.2125 55 P 0 0 ;0=51,1=1
P 2.45 3.29 55 P 0 0 ;0=51,1=1
P 2.45 3.35 55 P 0 0 ;0=51,1=1
P 2.45 3.41 55 P 0 0 ;0=51,1=1
P 2.45 3.47 55 P 0 0 ;0=51,1=1
P 2.45 3.53 55 P 0 0 ;0=51,1=1
P 2.45 3.62 55 P 0 0 ;0=51,1=1
P 2.45 3.68 55 P 0 0 ;0=51,1=1
P 2.45 3.74 55 P 0 0 ;0=51,1=1
P 2.45 3.8 55 P 0 0 ;0=51,1=1
P 2.45 3.86 55 P 0 0 ;0=51,1=1
P 2.45625 0.6972933 55 P 0 0 ;0=51,1=1
P 2.465 1.82 55 P 0 0 ;0=51,1=1
P 2.465 1.88 55 P 0 0 ;0=51,1=1
P 2.475 1.11875 55 P 0 0 ;0=51,1=1
P 2.475 2.775 55 P 0 0 ;0=51,1=1
P 2.48 1.79 55 P 0 0 ;0=51,1=1
P 2.4875 0.4375 55 P 0 0 ;0=51,1=1
P 2.4875 2.3375 55 P 0 0 ;0=51,1=1
P 2.4936024 0.90576 55 P 0 0 ;0=51,1=1
P 2.495 1.82 55 P 0 0 ;0=51,1=1
P 2.495 1.88 55 P 0 0 ;0=51,1=1
P 2.5 0.78125 55 P 0 0 ;0=51,1=1
P 2.51 1.79 55 P 0 0 ;0=51,1=1
P 2.525 1.2 55 P 0 0 ;0=51,1=1
P 2.525 1.82 55 P 0 0 ;0=51,1=1
P 2.525 3.125 55 P 0 0 ;0=51,1=1
P 2.525 3.6625 55 P 0 0 ;0=51,1=1
P 2.54 1.79 55 P 0 0 ;0=51,1=1
P 2.54 2.84 55 P 0 0 ;0=51,1=1
P 2.54 2.9 55 P 0 0 ;0=51,1=1
P 2.54 2.96 55 P 0 0 ;0=51,1=1
P 2.54 3.17 55 P 0 0 ;0=51,1=1
P 2.54 3.29 55 P 0 0 ;0=51,1=1
P 2.54 3.35 55 P 0 0 ;0=51,1=1
P 2.54 3.41 55 P 0 0 ;0=51,1=1
P 2.54 3.53 55 P 0 0 ;0=51,1=1
P 2.54 3.62 55 P 0 0 ;0=51,1=1
P 2.54 3.74 55 P 0 0 ;0=51,1=1
P 2.54 3.8 55 P 0 0 ;0=51,1=1
P 2.54 3.86 55 P 0 0 ;0=51,1=1
P 2.555 2.87 55 P 0 0 ;0=51,1=1
P 2.555 2.93 55 P 0 0 ;0=51,1=1
P 2.555 3.26 55 P 0 0 ;0=51,1=1
P 2.555 3.32 55 P 0 0 ;0=51,1=1
P 2.555 3.38 55 P 0 0 ;0=51,1=1
P 2.555 3.44 55 P 0 0 ;0=51,1=1
P 2.555 3.71 55 P 0 0 ;0=51,1=1
P 2.555 3.77 55 P 0 0 ;0=51,1=1
P 2.555 3.83 55 P 0 0 ;0=51,1=1
P 2.55625 0.725 55 P 0 0 ;0=51,1=1
P 2.57 1.79 55 P 0 0 ;0=51,1=1
P 2.57 2.84 55 P 0 0 ;0=51,1=1
P 2.57 2.9 55 P 0 0 ;0=51,1=1
P 2.57 2.96 55 P 0 0 ;0=51,1=1
P 2.57 3.17 55 P 0 0 ;0=51,1=1
P 2.57 3.29 55 P 0 0 ;0=51,1=1
P 2.57 3.35 55 P 0 0 ;0=51,1=1
P 2.57 3.41 55 P 0 0 ;0=51,1=1
P 2.57 3.53 55 P 0 0 ;0=51,1=1
P 2.57 3.62 55 P 0 0 ;0=51,1=1
P 2.57 3.74 55 P 0 0 ;0=51,1=1
P 2.57 3.8 55 P 0 0 ;0=51,1=1
P 2.57 3.86 55 P 0 0 ;0=51,1=1
P 2.575 1.11875 55 P 0 0 ;0=51,1=1
P 2.575 1.85 55 P 0 0 ;0=51,1=1
P 2.585 2.87 55 P 0 0 ;0=51,1=1
P 2.585 2.93 55 P 0 0 ;0=51,1=1
P 2.585 3.26 55 P 0 0 ;0=51,1=1
P 2.585 3.32 55 P 0 0 ;0=51,1=1
P 2.585 3.38 55 P 0 0 ;0=51,1=1
P 2.585 3.44 55 P 0 0 ;0=51,1=1
P 2.585 3.71 55 P 0 0 ;0=51,1=1
P 2.585 3.77 55 P 0 0 ;0=51,1=1
P 2.585 3.83 55 P 0 0 ;0=51,1=1
P 2.6 0.4375 55 P 0 0 ;0=51,1=1
P 2.6 1.79 55 P 0 0 ;0=51,1=1
P 2.6 2.9 55 P 0 0 ;0=51,1=1
P 2.6 2.96 55 P 0 0 ;0=51,1=1
P 2.6 3.1750003 55 P 0 0 ;0=51,1=1
P 2.6 3.29 55 P 0 0 ;0=51,1=1
P 2.6 3.35 55 P 0 0 ;0=51,1=1
P 2.6 3.41 55 P 0 0 ;0=51,1=1
P 2.6 3.53 55 P 0 0 ;0=51,1=1
P 2.6 3.62 55 P 0 0 ;0=51,1=1
P 2.6 3.74 55 P 0 0 ;0=51,1=1
P 2.6 3.8 55 P 0 0 ;0=51,1=1
P 2.6 3.86 55 P 0 0 ;0=51,1=1
P 2.6125 2.3375 55 P 0 0 ;0=51,1=1
P 2.615 2.93 55 P 0 0 ;0=51,1=1
P 2.615 3.26 55 P 0 0 ;0=51,1=1
P 2.615 3.32 55 P 0 0 ;0=51,1=1
P 2.615 3.38 55 P 0 0 ;0=51,1=1
P 2.615 3.44 55 P 0 0 ;0=51,1=1
P 2.615 3.71 55 P 0 0 ;0=51,1=1
P 2.615 3.77 55 P 0 0 ;0=51,1=1
P 2.615 3.83 55 P 0 0 ;0=51,1=1
P 2.61875 0.725 55 P 0 0 ;0=51,1=1
P 2.625 1.2 55 P 0 0 ;0=51,1=1
P 2.63 1.79 55 P 0 0 ;0=51,1=1
P 2.63 2.9 55 P 0 0 ;0=51,1=1
P 2.63 2.96 55 P 0 0 ;0=51,1=1
P 2.63 3.17 55 P 0 0 ;0=51,1=1
P 2.63 3.29 55 P 0 0 ;0=51,1=1
P 2.63 3.35 55 P 0 0 ;0=51,1=1
P 2.63 3.41 55 P 0 0 ;0=51,1=1
P 2.63 3.53 55 P 0 0 ;0=51,1=1
P 2.63 3.62 55 P 0 0 ;0=51,1=1
P 2.63 3.74 55 P 0 0 ;0=51,1=1
P 2.63 3.8 55 P 0 0 ;0=51,1=1
P 2.63 3.86 55 P 0 0 ;0=51,1=1
P 2.645 2.93 55 P 0 0 ;0=51,1=1
P 2.645 3.26 55 P 0 0 ;0=51,1=1
P 2.645 3.32 55 P 0 0 ;0=51,1=1
P 2.645 3.38 55 P 0 0 ;0=51,1=1
P 2.645 3.44 55 P 0 0 ;0=51,1=1
P 2.645 3.71 55 P 0 0 ;0=51,1=1
P 2.645 3.77 55 P 0 0 ;0=51,1=1
P 2.645 3.83 55 P 0 0 ;0=51,1=1
P 2.66 1.79 55 P 0 0 ;0=51,1=1
P 2.66 2.9 55 P 0 0 ;0=51,1=1
P 2.66 2.96 55 P 0 0 ;0=51,1=1
P 2.66 3.17 55 P 0 0 ;0=51,1=1
P 2.66 3.29 55 P 0 0 ;0=51,1=1
P 2.66 3.35 55 P 0 0 ;0=51,1=1
P 2.66 3.41 55 P 0 0 ;0=51,1=1
P 2.66 3.53 55 P 0 0 ;0=51,1=1
P 2.66 3.62 55 P 0 0 ;0=51,1=1
P 2.66 3.74 55 P 0 0 ;0=51,1=1
P 2.66 3.8 55 P 0 0 ;0=51,1=1
P 2.66 3.86 55 P 0 0 ;0=51,1=1
P 2.6624015 2.8124015 55 P 0 0 ;0=51,1=1
P 2.6625 2.375 55 P 0 0 ;0=51,1=1
P 2.6742101 1.11875 55 P 0 0 ;0=51,1=1
P 2.6747047 0.775 55 P 0 0 ;0=51,1=1
P 2.6747047 0.81875 55 P 0 0 ;0=51,1=1
P 2.675 0.85 55 P 0 0 ;0=51,1=1
P 2.675 2.87 55 P 0 0 ;0=51,1=1
P 2.675 2.93 55 P 0 0 ;0=51,1=1
P 2.675 3.2125 55 P 0 0 ;0=51,1=1
P 2.675 3.26 55 P 0 0 ;0=51,1=1
P 2.675 3.32 55 P 0 0 ;0=51,1=1
P 2.675 3.38 55 P 0 0 ;0=51,1=1
P 2.675 3.44 55 P 0 0 ;0=51,1=1
P 2.675 3.5 55 P 0 0 ;0=51,1=1
P 2.675 3.65 55 P 0 0 ;0=51,1=1
P 2.675 3.71 55 P 0 0 ;0=51,1=1
P 2.675 3.77 55 P 0 0 ;0=51,1=1
P 2.675 3.83 55 P 0 0 ;0=51,1=1
P 2.68125 0.725 55 P 0 0 ;0=51,1=1
P 2.69 1.79 55 P 0 0 ;0=51,1=1
P 2.7 2.775 55 P 0 0 ;0=51,1=1
P 2.71875 0.4375 55 P 0 0 ;0=51,1=1
P 2.72 1.79 55 P 0 0 ;0=51,1=1
P 2.72421 1.19951 55 P 0 0 ;0=51,1=1
P 2.725 2.4125 57 P 0 0 ;0=53,1=1
P 2.725 2.4625 57 P 0 0 ;0=53,1=1
P 2.7375 2.3 55 P 0 0 ;0=51,1=1
P 2.74375 0.725 55 P 0 0 ;0=51,1=1
P 2.75 1.79 55 P 0 0 ;0=51,1=1
P 2.75 2.84 55 P 0 0 ;0=51,1=1
P 2.75 2.9 55 P 0 0 ;0=51,1=1
P 2.75 2.96 55 P 0 0 ;0=51,1=1
P 2.75 3.1375 55 P 0 0 ;0=51,1=1
P 2.75 3.17 55 P 0 0 ;0=51,1=1
P 2.75 3.23 55 P 0 0 ;0=51,1=1
P 2.75 3.29 55 P 0 0 ;0=51,1=1
P 2.75 3.35 55 P 0 0 ;0=51,1=1
P 2.75 3.41 55 P 0 0 ;0=51,1=1
P 2.75 3.47 55 P 0 0 ;0=51,1=1
P 2.75 3.53 55 P 0 0 ;0=51,1=1
P 2.75 3.62 55 P 0 0 ;0=51,1=1
P 2.75 3.6625 55 P 0 0 ;0=51,1=1
P 2.75 3.74 55 P 0 0 ;0=51,1=1
P 2.75 3.8 55 P 0 0 ;0=51,1=1
P 2.75 3.86 55 P 0 0 ;0=51,1=1
P 2.765 2.87 55 P 0 0 ;0=51,1=1
P 2.765 2.93 55 P 0 0 ;0=51,1=1
P 2.765 3.26 55 P 0 0 ;0=51,1=1
P 2.765 3.32 55 P 0 0 ;0=51,1=1
P 2.765 3.38 55 P 0 0 ;0=51,1=1
P 2.765 3.44 55 P 0 0 ;0=51,1=1
P 2.765 3.71 55 P 0 0 ;0=51,1=1
P 2.765 3.77 55 P 0 0 ;0=51,1=1
P 2.765 3.83 55 P 0 0 ;0=51,1=1
P 2.775 1.11875 55 P 0 0 ;0=51,1=1
P 2.78 1.79 55 P 0 0 ;0=51,1=1
P 2.78 2.84 55 P 0 0 ;0=51,1=1
P 2.78 2.9 55 P 0 0 ;0=51,1=1
P 2.78 2.96 55 P 0 0 ;0=51,1=1
P 2.78 3.17 55 P 0 0 ;0=51,1=1
P 2.78 3.29 55 P 0 0 ;0=51,1=1
P 2.78 3.35 55 P 0 0 ;0=51,1=1
P 2.78 3.41 55 P 0 0 ;0=51,1=1
P 2.78 3.53 55 P 0 0 ;0=51,1=1
P 2.78 3.62 55 P 0 0 ;0=51,1=1
P 2.78 3.74 55 P 0 0 ;0=51,1=1
P 2.78 3.8 55 P 0 0 ;0=51,1=1
P 2.78 3.86 55 P 0 0 ;0=51,1=1
P 2.795 2.87 55 P 0 0 ;0=51,1=1
P 2.795 2.93 55 P 0 0 ;0=51,1=1
P 2.795 3.26 55 P 0 0 ;0=51,1=1
P 2.795 3.32 55 P 0 0 ;0=51,1=1
P 2.795 3.38 55 P 0 0 ;0=51,1=1
P 2.795 3.44 55 P 0 0 ;0=51,1=1
P 2.795 3.71 55 P 0 0 ;0=51,1=1
P 2.795 3.77 55 P 0 0 ;0=51,1=1
P 2.795 3.83 55 P 0 0 ;0=51,1=1
P 2.80625 0.725 55 P 0 0 ;0=51,1=1
P 2.81 1.79 55 P 0 0 ;0=51,1=1
P 2.81 2.84 55 P 0 0 ;0=51,1=1
P 2.81 2.9 55 P 0 0 ;0=51,1=1
P 2.81 2.96 55 P 0 0 ;0=51,1=1
P 2.81 3.29 55 P 0 0 ;0=51,1=1
P 2.81 3.35 55 P 0 0 ;0=51,1=1
P 2.81 3.41 55 P 0 0 ;0=51,1=1
P 2.81 3.53 55 P 0 0 ;0=51,1=1
P 2.81 3.62 55 P 0 0 ;0=51,1=1
P 2.81 3.74 55 P 0 0 ;0=51,1=1
P 2.81 3.8 55 P 0 0 ;0=51,1=1
P 2.81 3.86 55 P 0 0 ;0=51,1=1
P 2.82421 1.19951 55 P 0 0 ;0=51,1=1
P 2.825 2.93 55 P 0 0 ;0=51,1=1
P 2.825 3.1750004 55 P 0 0 ;0=51,1=1
P 2.825 3.26 55 P 0 0 ;0=51,1=1
P 2.825 3.32 55 P 0 0 ;0=51,1=1
P 2.825 3.38 55 P 0 0 ;0=51,1=1
P 2.825 3.44 55 P 0 0 ;0=51,1=1
P 2.825 3.71 55 P 0 0 ;0=51,1=1
P 2.825 3.77 55 P 0 0 ;0=51,1=1
P 2.825 3.83 55 P 0 0 ;0=51,1=1
P 2.8375 0.4375 55 P 0 0 ;0=51,1=1
P 2.84 1.79 55 P 0 0 ;0=51,1=1
P 2.84 2.9 55 P 0 0 ;0=51,1=1
P 2.84 2.96 55 P 0 0 ;0=51,1=1
P 2.84 3.29 55 P 0 0 ;0=51,1=1
P 2.84 3.35 55 P 0 0 ;0=51,1=1
P 2.84 3.41 55 P 0 0 ;0=51,1=1
P 2.84 3.53 55 P 0 0 ;0=51,1=1
P 2.84 3.62 55 P 0 0 ;0=51,1=1
P 2.84 3.74 55 P 0 0 ;0=51,1=1
P 2.84 3.8 55 P 0 0 ;0=51,1=1
P 2.84 3.86 55 P 0 0 ;0=51,1=1
P 2.845 2.11 55 P 0 0 ;0=51,1=1
P 2.845 2.135 55 P 0 0 ;0=51,1=1
P 2.845 2.16 55 P 0 0 ;0=51,1=1
P 2.845 2.185 55 P 0 0 ;0=51,1=1
P 2.855 2.93 55 P 0 0 ;0=51,1=1
P 2.855 3.26 55 P 0 0 ;0=51,1=1
P 2.855 3.32 55 P 0 0 ;0=51,1=1
P 2.855 3.38 55 P 0 0 ;0=51,1=1
P 2.855 3.44 55 P 0 0 ;0=51,1=1
P 2.855 3.71 55 P 0 0 ;0=51,1=1
P 2.855 3.77 55 P 0 0 ;0=51,1=1
P 2.855 3.83 55 P 0 0 ;0=51,1=1
P 2.86875 0.725 55 P 0 0 ;0=51,1=1
P 2.87 2.9 55 P 0 0 ;0=51,1=1
P 2.87 2.96 55 P 0 0 ;0=51,1=1
P 2.87 3.17 55 P 0 0 ;0=51,1=1
P 2.87 3.29 55 P 0 0 ;0=51,1=1
P 2.87 3.35 55 P 0 0 ;0=51,1=1
P 2.87 3.41 55 P 0 0 ;0=51,1=1
P 2.87 3.53 55 P 0 0 ;0=51,1=1
P 2.87 3.62 55 P 0 0 ;0=51,1=1
P 2.87 3.74 55 P 0 0 ;0=51,1=1
P 2.87 3.8 55 P 0 0 ;0=51,1=1
P 2.87 3.86 55 P 0 0 ;0=51,1=1
P 2.875 1.11875 55 P 0 0 ;0=51,1=1
P 2.875 2.11 55 P 0 0 ;0=51,1=1
P 2.875 2.135 55 P 0 0 ;0=51,1=1
P 2.875 2.16 55 P 0 0 ;0=51,1=1
P 2.875 2.185 55 P 0 0 ;0=51,1=1
P 2.88125 0.81875 55 P 0 0 ;0=51,1=1
P 2.88125 0.85 55 P 0 0 ;0=51,1=1
P 2.885 2.87 55 P 0 0 ;0=51,1=1
P 2.885 2.93 55 P 0 0 ;0=51,1=1
P 2.885 3.26 55 P 0 0 ;0=51,1=1
P 2.885 3.32 55 P 0 0 ;0=51,1=1
P 2.885 3.38 55 P 0 0 ;0=51,1=1
P 2.885 3.44 55 P 0 0 ;0=51,1=1
P 2.885 3.71 55 P 0 0 ;0=51,1=1
P 2.885 3.77 55 P 0 0 ;0=51,1=1
P 2.885 3.83 55 P 0 0 ;0=51,1=1
P 2.8874015 2.8124015 55 P 0 0 ;0=51,1=1
P 2.89375 0.78125 55 P 0 0 ;0=51,1=1
P 2.9 2.84 55 P 0 0 ;0=51,1=1
P 2.9 2.9 55 P 0 0 ;0=51,1=1
P 2.9 2.96 55 P 0 0 ;0=51,1=1
P 2.9 3.17 55 P 0 0 ;0=51,1=1
P 2.9 3.2125 55 P 0 0 ;0=51,1=1
P 2.9 3.29 55 P 0 0 ;0=51,1=1
P 2.9 3.35 55 P 0 0 ;0=51,1=1
P 2.9 3.41 55 P 0 0 ;0=51,1=1
P 2.9 3.47 55 P 0 0 ;0=51,1=1
P 2.9 3.53 55 P 0 0 ;0=51,1=1
P 2.9 3.62 55 P 0 0 ;0=51,1=1
P 2.9 3.68 55 P 0 0 ;0=51,1=1
P 2.9 3.74 55 P 0 0 ;0=51,1=1
P 2.9 3.8 55 P 0 0 ;0=51,1=1
P 2.9 3.86 55 P 0 0 ;0=51,1=1
P 2.9125 0.80625 55 P 0 0 ;0=51,1=1
P 2.92421 1.19951 55 P 0 0 ;0=51,1=1
P 2.925 2.775 55 P 0 0 ;0=51,1=1
P 2.93125 0.725 55 P 0 0 ;0=51,1=1
P 2.9375 3.1875 55 P 0 0 ;0=51,1=1
P 2.95625 0.4375 55 P 0 0 ;0=51,1=1
P 2.975 1.11875 55 P 0 0 ;0=51,1=1
P 2.975 2.45 55 P 0 0 ;0=51,1=1
P 2.975 3.6625 55 P 0 0 ;0=51,1=1
P 2.99 2.84 55 P 0 0 ;0=51,1=1
P 2.99 2.9 55 P 0 0 ;0=51,1=1
P 2.99 2.96 55 P 0 0 ;0=51,1=1
P 2.99 3.17 55 P 0 0 ;0=51,1=1
P 2.99 3.29 55 P 0 0 ;0=51,1=1
P 2.99 3.35 55 P 0 0 ;0=51,1=1
P 2.99 3.41 55 P 0 0 ;0=51,1=1
P 2.99 3.53 55 P 0 0 ;0=51,1=1
P 2.99 3.62 55 P 0 0 ;0=51,1=1
P 2.99 3.74 55 P 0 0 ;0=51,1=1
P 2.99 3.8 55 P 0 0 ;0=51,1=1
P 2.99 3.86 55 P 0 0 ;0=51,1=1
P 3.005 2.19 55 P 0 0 ;0=51,1=1
P 3.005 2.2231482 55 P 0 0 ;0=51,1=1
P 3.005 2.87 55 P 0 0 ;0=51,1=1
P 3.005 2.93 55 P 0 0 ;0=51,1=1
P 3.005 3.26 55 P 0 0 ;0=51,1=1
P 3.005 3.32 55 P 0 0 ;0=51,1=1
P 3.005 3.38 55 P 0 0 ;0=51,1=1
P 3.005 3.44 55 P 0 0 ;0=51,1=1
P 3.005 3.71 55 P 0 0 ;0=51,1=1
P 3.005 3.77 55 P 0 0 ;0=51,1=1
P 3.005 3.83 55 P 0 0 ;0=51,1=1
P 3.01 2.155 55 P 0 0 ;0=51,1=1
P 3.02 2.84 55 P 0 0 ;0=51,1=1
P 3.02 2.9 55 P 0 0 ;0=51,1=1
P 3.02 2.96 55 P 0 0 ;0=51,1=1
P 3.02 3.17 55 P 0 0 ;0=51,1=1
P 3.02 3.29 55 P 0 0 ;0=51,1=1
P 3.02 3.35 55 P 0 0 ;0=51,1=1
P 3.02 3.41 55 P 0 0 ;0=51,1=1
P 3.02 3.53 55 P 0 0 ;0=51,1=1
P 3.02 3.62 55 P 0 0 ;0=51,1=1
P 3.02 3.74 55 P 0 0 ;0=51,1=1
P 3.02 3.8 55 P 0 0 ;0=51,1=1
P 3.02 3.86 55 P 0 0 ;0=51,1=1
P 3.02421 1.19951 55 P 0 0 ;0=51,1=1
P 3.035 2.87 55 P 0 0 ;0=51,1=1
P 3.035 2.93 55 P 0 0 ;0=51,1=1
P 3.035 3.26 55 P 0 0 ;0=51,1=1
P 3.035 3.32 55 P 0 0 ;0=51,1=1
P 3.035 3.38 55 P 0 0 ;0=51,1=1
P 3.035 3.44 55 P 0 0 ;0=51,1=1
P 3.035 3.71 55 P 0 0 ;0=51,1=1
P 3.035 3.77 55 P 0 0 ;0=51,1=1
P 3.035 3.83 55 P 0 0 ;0=51,1=1
P 3.0492101 3.175 55 P 0 0 ;0=51,1=1
P 3.05 2.28125 55 P 0 0 ;0=51,1=1
P 3.05 2.3144709 55 P 0 0 ;0=51,1=1
P 3.05 2.4625 55 P 0 0 ;0=51,1=1
P 3.05 2.9 55 P 0 0 ;0=51,1=1
P 3.05 2.96 55 P 0 0 ;0=51,1=1
P 3.05 3.29 55 P 0 0 ;0=51,1=1
P 3.05 3.35 55 P 0 0 ;0=51,1=1
P 3.05 3.41 55 P 0 0 ;0=51,1=1
P 3.05 3.53 55 P 0 0 ;0=51,1=1
P 3.05 3.62 55 P 0 0 ;0=51,1=1
P 3.05 3.74 55 P 0 0 ;0=51,1=1
P 3.05 3.8 55 P 0 0 ;0=51,1=1
P 3.05 3.86 55 P 0 0 ;0=51,1=1
P 3.05625 0.88125 55 P 0 0 ;0=51,1=1
P 3.065 2.93 55 P 0 0 ;0=51,1=1
P 3.065 3.26 55 P 0 0 ;0=51,1=1
P 3.065 3.32 55 P 0 0 ;0=51,1=1
P 3.065 3.38 55 P 0 0 ;0=51,1=1
P 3.065 3.44 55 P 0 0 ;0=51,1=1
P 3.065 3.71 55 P 0 0 ;0=51,1=1
P 3.065 3.77 55 P 0 0 ;0=51,1=1
P 3.065 3.83 55 P 0 0 ;0=51,1=1
P 3.075 0.4375 55 P 0 0 ;0=51,1=1
P 3.075 1.11875 55 P 0 0 ;0=51,1=1
P 3.075 2.1625 55 P 0 0 ;0=51,1=1
P 3.08 2.9 55 P 0 0 ;0=51,1=1
P 3.08 2.96 55 P 0 0 ;0=51,1=1
P 3.08 3.17 55 P 0 0 ;0=51,1=1
P 3.08 3.29 55 P 0 0 ;0=51,1=1
P 3.08 3.35 55 P 0 0 ;0=51,1=1
P 3.08 3.41 55 P 0 0 ;0=51,1=1
P 3.08 3.53 55 P 0 0 ;0=51,1=1
P 3.08 3.62 55 P 0 0 ;0=51,1=1
P 3.08 3.74 55 P 0 0 ;0=51,1=1
P 3.08 3.8 55 P 0 0 ;0=51,1=1
P 3.08 3.86 55 P 0 0 ;0=51,1=1
P 3.095 2.93 55 P 0 0 ;0=51,1=1
P 3.095 3.26 55 P 0 0 ;0=51,1=1
P 3.095 3.32 55 P 0 0 ;0=51,1=1
P 3.095 3.38 55 P 0 0 ;0=51,1=1
P 3.095 3.44 55 P 0 0 ;0=51,1=1
P 3.095 3.71 55 P 0 0 ;0=51,1=1
P 3.095 3.77 55 P 0 0 ;0=51,1=1
P 3.095 3.83 55 P 0 0 ;0=51,1=1
P 3.1 0.9125 55 P 0 0 ;0=51,1=1
P 3.1008539 2.1329535 55 P 0 0 ;0=51,1=1
P 3.10625 0.74375 55 P 0 0 ;0=51,1=1
P 3.10625 0.81875 55 P 0 0 ;0=51,1=1
P 3.11 2.9 55 P 0 0 ;0=51,1=1
P 3.11 2.96 55 P 0 0 ;0=51,1=1
P 3.11 3.17 55 P 0 0 ;0=51,1=1
P 3.11 3.29 55 P 0 0 ;0=51,1=1
P 3.11 3.35 55 P 0 0 ;0=51,1=1
P 3.11 3.41 55 P 0 0 ;0=51,1=1
P 3.11 3.53 55 P 0 0 ;0=51,1=1
P 3.11 3.62 55 P 0 0 ;0=51,1=1
P 3.11 3.74 55 P 0 0 ;0=51,1=1
P 3.11 3.8 55 P 0 0 ;0=51,1=1
P 3.11 3.86 55 P 0 0 ;0=51,1=1
P 3.1124015 2.8124015 55 P 0 0 ;0=51,1=1
P 3.12421 1.19951 55 P 0 0 ;0=51,1=1
P 3.125 2.87 55 P 0 0 ;0=51,1=1
P 3.125 2.93 55 P 0 0 ;0=51,1=1
P 3.125 3.2125 55 P 0 0 ;0=51,1=1
P 3.125 3.26 55 P 0 0 ;0=51,1=1
P 3.125 3.32 55 P 0 0 ;0=51,1=1
P 3.125 3.38 55 P 0 0 ;0=51,1=1
P 3.125 3.44 55 P 0 0 ;0=51,1=1
P 3.125 3.5 55 P 0 0 ;0=51,1=1
P 3.125 3.65 55 P 0 0 ;0=51,1=1
P 3.125 3.71 55 P 0 0 ;0=51,1=1
P 3.125 3.77 55 P 0 0 ;0=51,1=1
P 3.125 3.83 55 P 0 0 ;0=51,1=1
P 3.13455 2.113867 55 P 0 0 ;0=51,1=1
P 3.15 0.4375 55 P 0 0 ;0=51,1=1
P 3.15 2.775 55 P 0 0 ;0=51,1=1
P 3.1625 2.25625 55 P 0 0 ;0=51,1=1
P 3.16875 2.125 55 P 0 0 ;0=51,1=1
P 3.175 1.11875 55 P 0 0 ;0=51,1=1
P 3.175 1.9 55 P 0 0 ;0=51,1=1
P 3.175 1.95 55 P 0 0 ;0=51,1=1
P 3.175 2 55 P 0 0 ;0=51,1=1
P 3.175 2.05 55 P 0 0 ;0=51,1=1
P 3.1841509 0.9067702 55 P 0 0 ;0=51,1=1
P 3.1875 0.31875 55 P 0 0 ;0=51,1=1
P 3.1875 0.45625 55 P 0 0 ;0=51,1=1
P 3.1875 1.875 55 P 0 0 ;0=51,1=1
P 3.1875 1.925 55 P 0 0 ;0=51,1=1
P 3.1875 1.975 55 P 0 0 ;0=51,1=1
P 3.1875 2.025 55 P 0 0 ;0=51,1=1
P 3.2 1.9 55 P 0 0 ;0=51,1=1
P 3.2 1.95 55 P 0 0 ;0=51,1=1
P 3.2 2 55 P 0 0 ;0=51,1=1
P 3.2 2.05 55 P 0 0 ;0=51,1=1
P 3.2 2.1125 55 P 0 0 ;0=51,1=1
P 3.2 2.84 55 P 0 0 ;0=51,1=1
P 3.2 2.9 55 P 0 0 ;0=51,1=1
P 3.2 2.975 55 P 0 0 ;0=51,1=1
P 3.2 3.17 55 P 0 0 ;0=51,1=1
P 3.2 3.23 55 P 0 0 ;0=51,1=1
P 3.2 3.29 55 P 0 0 ;0=51,1=1
P 3.2 3.35 55 P 0 0 ;0=51,1=1
P 3.2 3.41 55 P 0 0 ;0=51,1=1
P 3.2 3.47 55 P 0 0 ;0=51,1=1
P 3.2 3.53 55 P 0 0 ;0=51,1=1
P 3.2 3.62 55 P 0 0 ;0=51,1=1
P 3.2 3.6625 55 P 0 0 ;0=51,1=1
P 3.2 3.74 55 P 0 0 ;0=51,1=1
P 3.2 3.8 55 P 0 0 ;0=51,1=1
P 3.2 3.86 55 P 0 0 ;0=51,1=1
P 3.2125 1.875 55 P 0 0 ;0=51,1=1
P 3.2125 1.925 55 P 0 0 ;0=51,1=1
P 3.2125 1.975 55 P 0 0 ;0=51,1=1
P 3.2125 2.025 55 P 0 0 ;0=51,1=1
P 3.215 2.87 55 P 0 0 ;0=51,1=1
P 3.215 2.93 55 P 0 0 ;0=51,1=1
P 3.215 3.26 55 P 0 0 ;0=51,1=1
P 3.215 3.32 55 P 0 0 ;0=51,1=1
P 3.215 3.38 55 P 0 0 ;0=51,1=1
P 3.215 3.44 55 P 0 0 ;0=51,1=1
P 3.215 3.71 55 P 0 0 ;0=51,1=1
P 3.215 3.77 55 P 0 0 ;0=51,1=1
P 3.215 3.83 55 P 0 0 ;0=51,1=1
P 3.22421 1.19951 55 P 0 0 ;0=51,1=1
P 3.225 1.9 55 P 0 0 ;0=51,1=1
P 3.225 1.95 55 P 0 0 ;0=51,1=1
P 3.225 2 55 P 0 0 ;0=51,1=1
P 3.225 2.05 55 P 0 0 ;0=51,1=1
P 3.23 2.84 55 P 0 0 ;0=51,1=1
P 3.23 2.9 55 P 0 0 ;0=51,1=1
P 3.23 2.96 55 P 0 0 ;0=51,1=1
P 3.23 3.17 55 P 0 0 ;0=51,1=1
P 3.23 3.29 55 P 0 0 ;0=51,1=1
P 3.23 3.35 55 P 0 0 ;0=51,1=1
P 3.23 3.41 55 P 0 0 ;0=51,1=1
P 3.23 3.53 55 P 0 0 ;0=51,1=1
P 3.23 3.62 55 P 0 0 ;0=51,1=1
P 3.23 3.74 55 P 0 0 ;0=51,1=1
P 3.23 3.8 55 P 0 0 ;0=51,1=1
P 3.23 3.86 55 P 0 0 ;0=51,1=1
P 3.2375 0.5 55 P 0 0 ;0=51,1=1
P 3.2375 1.875 55 P 0 0 ;0=51,1=1
P 3.2375 1.925 55 P 0 0 ;0=51,1=1
P 3.2375 1.975 55 P 0 0 ;0=51,1=1
P 3.2375 2.025 55 P 0 0 ;0=51,1=1
P 3.245 2.87 55 P 0 0 ;0=51,1=1
P 3.245 2.93 55 P 0 0 ;0=51,1=1
P 3.245 3.26 55 P 0 0 ;0=51,1=1
P 3.245 3.32 55 P 0 0 ;0=51,1=1
P 3.245 3.38 55 P 0 0 ;0=51,1=1
P 3.245 3.44 55 P 0 0 ;0=51,1=1
P 3.245 3.71 55 P 0 0 ;0=51,1=1
P 3.245 3.77 55 P 0 0 ;0=51,1=1
P 3.245 3.83 55 P 0 0 ;0=51,1=1
P 3.2466509 0.9067702 55 P 0 0 ;0=51,1=1
P 3.25 1.9 55 P 0 0 ;0=51,1=1
P 3.25 1.95 55 P 0 0 ;0=51,1=1
P 3.25 2 55 P 0 0 ;0=51,1=1
P 3.25 2.05 55 P 0 0 ;0=51,1=1
P 3.253193 2.3679222 55 P 0 0 ;0=51,1=1
P 3.26 2.84 55 P 0 0 ;0=51,1=1
P 3.26 2.9 55 P 0 0 ;0=51,1=1
P 3.26 2.96 55 P 0 0 ;0=51,1=1
P 3.26 3.29 55 P 0 0 ;0=51,1=1
P 3.26 3.35 55 P 0 0 ;0=51,1=1
P 3.26 3.41 55 P 0 0 ;0=51,1=1
P 3.26 3.53 55 P 0 0 ;0=51,1=1
P 3.26 3.62 55 P 0 0 ;0=51,1=1
P 3.26 3.74 55 P 0 0 ;0=51,1=1
P 3.26 3.8 55 P 0 0 ;0=51,1=1
P 3.26 3.86 55 P 0 0 ;0=51,1=1
P 3.2625 1.875 55 P 0 0 ;0=51,1=1
P 3.2625 1.925 55 P 0 0 ;0=51,1=1
P 3.2625 1.975 55 P 0 0 ;0=51,1=1
P 3.2625 2.025 55 P 0 0 ;0=51,1=1
P 3.26875 0.65625 55 P 0 0 ;0=51,1=1
P 3.275 1.11875 55 P 0 0 ;0=51,1=1
P 3.275 1.9 55 P 0 0 ;0=51,1=1
P 3.275 1.95 55 P 0 0 ;0=51,1=1
P 3.275 2 55 P 0 0 ;0=51,1=1
P 3.275 2.05 55 P 0 0 ;0=51,1=1
P 3.275 2.93 55 P 0 0 ;0=51,1=1
P 3.275 3.1750001 55 P 0 0 ;0=51,1=1
P 3.275 3.26 55 P 0 0 ;0=51,1=1
P 3.275 3.32 55 P 0 0 ;0=51,1=1
P 3.275 3.38 55 P 0 0 ;0=51,1=1
P 3.275 3.44 55 P 0 0 ;0=51,1=1
P 3.275 3.71 55 P 0 0 ;0=51,1=1
P 3.275 3.77 55 P 0 0 ;0=51,1=1
P 3.275 3.83 55 P 0 0 ;0=51,1=1
P 3.2828465 2.3778398 55 P 0 0 ;0=51,1=1
P 3.2875 1.875 55 P 0 0 ;0=51,1=1
P 3.2875 1.925 55 P 0 0 ;0=51,1=1
P 3.2875 1.975 55 P 0 0 ;0=51,1=1
P 3.2875 2.025 55 P 0 0 ;0=51,1=1
P 3.29 2.9 55 P 0 0 ;0=51,1=1
P 3.29 2.96 55 P 0 0 ;0=51,1=1
P 3.29 3.29 55 P 0 0 ;0=51,1=1
P 3.29 3.35 55 P 0 0 ;0=51,1=1
P 3.29 3.41 55 P 0 0 ;0=51,1=1
P 3.29 3.53 55 P 0 0 ;0=51,1=1
P 3.29 3.62 55 P 0 0 ;0=51,1=1
P 3.29 3.74 55 P 0 0 ;0=51,1=1
P 3.29 3.8 55 P 0 0 ;0=51,1=1
P 3.29 3.86 55 P 0 0 ;0=51,1=1
P 3.3 0.5 55 P 0 0 ;0=51,1=1
P 3.3 0.63125 55 P 0 0 ;0=51,1=1
P 3.3 1.9 55 P 0 0 ;0=51,1=1
P 3.3 1.95 55 P 0 0 ;0=51,1=1
P 3.3 2 55 P 0 0 ;0=51,1=1
P 3.3 2.05 55 P 0 0 ;0=51,1=1
P 3.3 2.2375 55 P 0 0 ;0=51,1=1
P 3.305 2.93 55 P 0 0 ;0=51,1=1
P 3.305 3.26 55 P 0 0 ;0=51,1=1
P 3.305 3.32 55 P 0 0 ;0=51,1=1
P 3.305 3.38 55 P 0 0 ;0=51,1=1
P 3.305 3.44 55 P 0 0 ;0=51,1=1
P 3.305 3.71 55 P 0 0 ;0=51,1=1
P 3.305 3.77 55 P 0 0 ;0=51,1=1
P 3.305 3.83 55 P 0 0 ;0=51,1=1
P 3.3099409 0.9067702 55 P 0 0 ;0=51,1=1
P 3.3125 1.875 55 P 0 0 ;0=51,1=1
P 3.3125 1.925 55 P 0 0 ;0=51,1=1
P 3.3125 1.975 55 P 0 0 ;0=51,1=1
P 3.3125 2.025 55 P 0 0 ;0=51,1=1
P 3.3125 2.3778398 55 P 0 0 ;0=51,1=1
P 3.32 2.9 55 P 0 0 ;0=51,1=1
P 3.32 2.96 55 P 0 0 ;0=51,1=1
P 3.32 3.17 55 P 0 0 ;0=51,1=1
P 3.32 3.29 55 P 0 0 ;0=51,1=1
P 3.32 3.35 55 P 0 0 ;0=51,1=1
P 3.32 3.41 55 P 0 0 ;0=51,1=1
P 3.32 3.53 55 P 0 0 ;0=51,1=1
P 3.32 3.62 55 P 0 0 ;0=51,1=1
P 3.32 3.74 55 P 0 0 ;0=51,1=1
P 3.32 3.8 55 P 0 0 ;0=51,1=1
P 3.32 3.86 55 P 0 0 ;0=51,1=1
P 3.32421 1.19951 55 P 0 0 ;0=51,1=1
P 3.325 1.9 55 P 0 0 ;0=51,1=1
P 3.325 1.95 55 P 0 0 ;0=51,1=1
P 3.325 2 55 P 0 0 ;0=51,1=1
P 3.325 2.05 55 P 0 0 ;0=51,1=1
P 3.330027 2.248777 55 P 0 0 ;0=51,1=1
P 3.335 2.87 55 P 0 0 ;0=51,1=1
P 3.335 2.93 55 P 0 0 ;0=51,1=1
P 3.335 3.26 55 P 0 0 ;0=51,1=1
P 3.335 3.32 55 P 0 0 ;0=51,1=1
P 3.335 3.38 55 P 0 0 ;0=51,1=1
P 3.335 3.44 55 P 0 0 ;0=51,1=1
P 3.335 3.71 55 P 0 0 ;0=51,1=1
P 3.335 3.77 55 P 0 0 ;0=51,1=1
P 3.335 3.83 55 P 0 0 ;0=51,1=1
P 3.3375 0.5110593 55 P 0 0 ;0=51,1=1
P 3.3375 1.875 55 P 0 0 ;0=51,1=1
P 3.3375 1.925 55 P 0 0 ;0=51,1=1
P 3.3375 1.975 55 P 0 0 ;0=51,1=1
P 3.3375 2.025 55 P 0 0 ;0=51,1=1
P 3.3375 2.8125 55 P 0 0 ;0=51,1=1
P 3.35 1.9 55 P 0 0 ;0=51,1=1
P 3.35 1.95 55 P 0 0 ;0=51,1=1
P 3.35 2 55 P 0 0 ;0=51,1=1
P 3.35 2.05 55 P 0 0 ;0=51,1=1
P 3.35 2.84 55 P 0 0 ;0=51,1=1
P 3.35 2.9 55 P 0 0 ;0=51,1=1
P 3.35 2.96 55 P 0 0 ;0=51,1=1
P 3.35 3.2125 55 P 0 0 ;0=51,1=1
P 3.35 3.29 55 P 0 0 ;0=51,1=1
P 3.35 3.35 55 P 0 0 ;0=51,1=1
P 3.35 3.41 55 P 0 0 ;0=51,1=1
P 3.35 3.47 55 P 0 0 ;0=51,1=1
P 3.35 3.53 55 P 0 0 ;0=51,1=1
P 3.35 3.62 55 P 0 0 ;0=51,1=1
P 3.35 3.68 55 P 0 0 ;0=51,1=1
P 3.35 3.74 55 P 0 0 ;0=51,1=1
P 3.35 3.8 55 P 0 0 ;0=51,1=1
P 3.35 3.86 55 P 0 0 ;0=51,1=1
P 3.3625 0.6 55 P 0 0 ;0=51,1=1
P 3.3625 2.2473753 55 P 0 0 ;0=51,1=1
P 3.3716509 0.4375302 55 P 0 0 ;0=51,1=1
P 3.3724409 0.9067702 55 P 0 0 ;0=51,1=1
P 3.375 1.11875 55 P 0 0 ;0=51,1=1
P 3.375 2.125 55 P 0 0 ;0=51,1=1
P 3.3750001 2.775 55 P 0 0 ;0=51,1=1
P 3.42421 1.19951 55 P 0 0 ;0=51,1=1
P 3.425 2.9754064 55 P 0 0 ;0=51,1=1
P 3.425 3.6625 55 P 0 0 ;0=51,1=1
P 3.4349409 0.9067702 55 P 0 0 ;0=51,1=1
P 3.4375 2.2473753 55 P 0 0 ;0=51,1=1
P 3.44 2.84 55 P 0 0 ;0=51,1=1
P 3.44 2.9 55 P 0 0 ;0=51,1=1
P 3.44 3.17 55 P 0 0 ;0=51,1=1
P 3.44 3.29 55 P 0 0 ;0=51,1=1
P 3.44 3.35 55 P 0 0 ;0=51,1=1
P 3.44 3.41 55 P 0 0 ;0=51,1=1
P 3.44 3.53 55 P 0 0 ;0=51,1=1
P 3.44 3.62 55 P 0 0 ;0=51,1=1
P 3.44 3.74 55 P 0 0 ;0=51,1=1
P 3.44 3.8 55 P 0 0 ;0=51,1=1
P 3.44 3.86 55 P 0 0 ;0=51,1=1
P 3.45 0.55 55 P 0 0 ;0=51,1=1
P 3.455 2.87 55 P 0 0 ;0=51,1=1
P 3.455 2.93 55 P 0 0 ;0=51,1=1
P 3.455 3.26 55 P 0 0 ;0=51,1=1
P 3.455 3.32 55 P 0 0 ;0=51,1=1
P 3.455 3.38 55 P 0 0 ;0=51,1=1
P 3.455 3.44 55 P 0 0 ;0=51,1=1
P 3.455 3.71 55 P 0 0 ;0=51,1=1
P 3.455 3.77 55 P 0 0 ;0=51,1=1
P 3.455 3.83 55 P 0 0 ;0=51,1=1
P 3.47 2.84 55 P 0 0 ;0=51,1=1
P 3.47 2.9 55 P 0 0 ;0=51,1=1
P 3.47 2.96 55 P 0 0 ;0=51,1=1
P 3.47 3.17 55 P 0 0 ;0=51,1=1
P 3.47 3.29 55 P 0 0 ;0=51,1=1
P 3.47 3.35 55 P 0 0 ;0=51,1=1
P 3.47 3.41 55 P 0 0 ;0=51,1=1
P 3.47 3.53 55 P 0 0 ;0=51,1=1
P 3.47 3.62 55 P 0 0 ;0=51,1=1
P 3.47 3.74 55 P 0 0 ;0=51,1=1
P 3.47 3.8 55 P 0 0 ;0=51,1=1
P 3.47 3.86 55 P 0 0 ;0=51,1=1
P 3.475 1.11875 55 P 0 0 ;0=51,1=1
P 3.4841509 0.4375302 55 P 0 0 ;0=51,1=1
P 3.485 2.87 55 P 0 0 ;0=51,1=1
P 3.485 2.93 55 P 0 0 ;0=51,1=1
P 3.485 3.26 55 P 0 0 ;0=51,1=1
P 3.485 3.32 55 P 0 0 ;0=51,1=1
P 3.485 3.38 55 P 0 0 ;0=51,1=1
P 3.485 3.44 55 P 0 0 ;0=51,1=1
P 3.485 3.71 55 P 0 0 ;0=51,1=1
P 3.485 3.77 55 P 0 0 ;0=51,1=1
P 3.485 3.83 55 P 0 0 ;0=51,1=1
P 3.4974409 0.9067702 55 P 0 0 ;0=51,1=1
P 3.5 0.55 55 P 0 0 ;0=51,1=1
P 3.5 2.9 55 P 0 0 ;0=51,1=1
P 3.5 2.96 55 P 0 0 ;0=51,1=1
P 3.5 3.1750002 55 P 0 0 ;0=51,1=1
P 3.5 3.29 55 P 0 0 ;0=51,1=1
P 3.5 3.35 55 P 0 0 ;0=51,1=1
P 3.5 3.41 55 P 0 0 ;0=51,1=1
P 3.5 3.53 55 P 0 0 ;0=51,1=1
P 3.5 3.62 55 P 0 0 ;0=51,1=1
P 3.5 3.74 55 P 0 0 ;0=51,1=1
P 3.5 3.8 55 P 0 0 ;0=51,1=1
P 3.5 3.86 55 P 0 0 ;0=51,1=1
P 3.5125 2.2473753 55 P 0 0 ;0=51,1=1
P 3.515 2.93 55 P 0 0 ;0=51,1=1
P 3.515 3.26 55 P 0 0 ;0=51,1=1
P 3.515 3.32 55 P 0 0 ;0=51,1=1
P 3.515 3.38 55 P 0 0 ;0=51,1=1
P 3.515 3.44 55 P 0 0 ;0=51,1=1
P 3.515 3.71 55 P 0 0 ;0=51,1=1
P 3.515 3.77 55 P 0 0 ;0=51,1=1
P 3.515 3.83 55 P 0 0 ;0=51,1=1
P 3.52421 1.19951 55 P 0 0 ;0=51,1=1
P 3.53 2.9 55 P 0 0 ;0=51,1=1
P 3.53 2.96 55 P 0 0 ;0=51,1=1
P 3.53 3.17 55 P 0 0 ;0=51,1=1
P 3.53 3.29 55 P 0 0 ;0=51,1=1
P 3.53 3.35 55 P 0 0 ;0=51,1=1
P 3.53 3.41 55 P 0 0 ;0=51,1=1
P 3.53 3.53 55 P 0 0 ;0=51,1=1
P 3.53 3.62 55 P 0 0 ;0=51,1=1
P 3.53 3.74 55 P 0 0 ;0=51,1=1
P 3.53 3.8 55 P 0 0 ;0=51,1=1
P 3.53 3.86 55 P 0 0 ;0=51,1=1
P 3.5375 1.975 55 P 0 0 ;0=51,1=1
P 3.545 2.93 55 P 0 0 ;0=51,1=1
P 3.545 3.26 55 P 0 0 ;0=51,1=1
P 3.545 3.32 55 P 0 0 ;0=51,1=1
P 3.545 3.38 55 P 0 0 ;0=51,1=1
P 3.545 3.44 55 P 0 0 ;0=51,1=1
P 3.545 3.71 55 P 0 0 ;0=51,1=1
P 3.545 3.77 55 P 0 0 ;0=51,1=1
P 3.545 3.83 55 P 0 0 ;0=51,1=1
P 3.55 2.0375 55 P 0 0 ;0=51,1=1
P 3.5599409 0.9067702 55 P 0 0 ;0=51,1=1
P 3.56 2.26 55 P 0 0 ;0=51,1=1
P 3.56 2.9 55 P 0 0 ;0=51,1=1
P 3.56 2.96 55 P 0 0 ;0=51,1=1
P 3.56 3.17 55 P 0 0 ;0=51,1=1
P 3.56 3.29 55 P 0 0 ;0=51,1=1
P 3.56 3.35 55 P 0 0 ;0=51,1=1
P 3.56 3.41 55 P 0 0 ;0=51,1=1
P 3.56 3.53 55 P 0 0 ;0=51,1=1
P 3.56 3.62 55 P 0 0 ;0=51,1=1
P 3.56 3.74 55 P 0 0 ;0=51,1=1
P 3.56 3.8 55 P 0 0 ;0=51,1=1
P 3.56 3.86 55 P 0 0 ;0=51,1=1
P 3.5625 2.125 55 P 0 0 ;0=51,1=1
P 3.5625 2.8125 55 P 0 0 ;0=51,1=1
P 3.56875 1.96875 55 P 0 0 ;0=51,1=1
P 3.5688913 2.0670776 55 P 0 0 ;0=51,1=1
P 3.57421 1.11875 55 P 0 0 ;0=51,1=1
P 3.575 1.9375 55 P 0 0 ;0=51,1=1
P 3.575 2.1625 55 P 0 0 ;0=51,1=1
P 3.575 2.21 55 P 0 0 ;0=51,1=1
P 3.575 2.2875 55 P 0 0 ;0=51,1=1
P 3.575 2.35625 55 P 0 0 ;0=51,1=1
P 3.575 2.87 55 P 0 0 ;0=51,1=1
P 3.575 2.93 55 P 0 0 ;0=51,1=1
P 3.575 3.2125 55 P 0 0 ;0=51,1=1
P 3.575 3.26 55 P 0 0 ;0=51,1=1
P 3.575 3.32 55 P 0 0 ;0=51,1=1
P 3.575 3.38 55 P 0 0 ;0=51,1=1
P 3.575 3.44 55 P 0 0 ;0=51,1=1
P 3.575 3.5 55 P 0 0 ;0=51,1=1
P 3.575 3.65 55 P 0 0 ;0=51,1=1
P 3.575 3.71 55 P 0 0 ;0=51,1=1
P 3.575 3.77 55 P 0 0 ;0=51,1=1
P 3.575 3.83 55 P 0 0 ;0=51,1=1
P 3.5761674 2.0967311 55 P 0 0 ;0=51,1=1
P 3.58125 2.0375 55 P 0 0 ;0=51,1=1
P 3.5966509 0.4375302 55 P 0 0 ;0=51,1=1
P 3.6 2.775 55 P 0 0 ;0=51,1=1
P 3.61875 0.725 55 P 0 0 ;0=51,1=1
P 3.6224409 0.9067702 55 P 0 0 ;0=51,1=1
P 3.62421 1.19951 55 P 0 0 ;0=51,1=1
P 3.65 2.84 55 P 0 0 ;0=51,1=1
P 3.65 2.9 55 P 0 0 ;0=51,1=1
P 3.65 2.975 55 P 0 0 ;0=51,1=1
P 3.65 3.17 55 P 0 0 ;0=51,1=1
P 3.65 3.23 55 P 0 0 ;0=51,1=1
P 3.65 3.29 55 P 0 0 ;0=51,1=1
P 3.65 3.35 55 P 0 0 ;0=51,1=1
P 3.65 3.41 55 P 0 0 ;0=51,1=1
P 3.65 3.47 55 P 0 0 ;0=51,1=1
P 3.65 3.53 55 P 0 0 ;0=51,1=1
P 3.65 3.62 55 P 0 0 ;0=51,1=1
P 3.65 3.6625 55 P 0 0 ;0=51,1=1
P 3.65 3.74 55 P 0 0 ;0=51,1=1
P 3.65 3.8 55 P 0 0 ;0=51,1=1
P 3.65 3.86 55 P 0 0 ;0=51,1=1
P 3.665 2.87 55 P 0 0 ;0=51,1=1
P 3.665 2.93 55 P 0 0 ;0=51,1=1
P 3.665 3.26 55 P 0 0 ;0=51,1=1
P 3.665 3.32 55 P 0 0 ;0=51,1=1
P 3.665 3.38 55 P 0 0 ;0=51,1=1
P 3.665 3.44 55 P 0 0 ;0=51,1=1
P 3.665 3.71 55 P 0 0 ;0=51,1=1
P 3.665 3.77 55 P 0 0 ;0=51,1=1
P 3.665 3.83 55 P 0 0 ;0=51,1=1
P 3.66624 1.74375 55 P 0 0 ;0=51,1=1
P 3.675 0.725 55 P 0 0 ;0=51,1=1
P 3.675 1.11875 55 P 0 0 ;0=51,1=1
P 3.675 2.5125 55 P 0 0 ;0=51,1=1
P 3.68 2.84 55 P 0 0 ;0=51,1=1
P 3.68 2.9 55 P 0 0 ;0=51,1=1
P 3.68 2.96 55 P 0 0 ;0=51,1=1
P 3.68 3.17 55 P 0 0 ;0=51,1=1
P 3.68 3.29 55 P 0 0 ;0=51,1=1
P 3.68 3.35 55 P 0 0 ;0=51,1=1
P 3.68 3.41 55 P 0 0 ;0=51,1=1
P 3.68 3.53 55 P 0 0 ;0=51,1=1
P 3.68 3.62 55 P 0 0 ;0=51,1=1
P 3.68 3.74 55 P 0 0 ;0=51,1=1
P 3.68 3.8 55 P 0 0 ;0=51,1=1
P 3.68 3.86 55 P 0 0 ;0=51,1=1
P 3.69375 1.8875 55 P 0 0 ;0=51,1=1
P 3.69421 2.29451 55 P 0 0 ;0=51,1=1
P 3.695 2.87 55 P 0 0 ;0=51,1=1
P 3.695 2.93 55 P 0 0 ;0=51,1=1
P 3.695 3.26 55 P 0 0 ;0=51,1=1
P 3.695 3.32 55 P 0 0 ;0=51,1=1
P 3.695 3.38 55 P 0 0 ;0=51,1=1
P 3.695 3.44 55 P 0 0 ;0=51,1=1
P 3.695 3.71 55 P 0 0 ;0=51,1=1
P 3.695 3.77 55 P 0 0 ;0=51,1=1
P 3.695 3.83 55 P 0 0 ;0=51,1=1
P 3.7 2.0125 55 P 0 0 ;0=51,1=1
P 3.7 2.05 55 P 0 0 ;0=51,1=1
P 3.7 2.1 55 P 0 0 ;0=51,1=1
P 3.7 2.175 55 P 0 0 ;0=51,1=1
P 3.7 2.225 55 P 0 0 ;0=51,1=1
P 3.7 2.3625 55 P 0 0 ;0=51,1=1
P 3.7 2.40625 55 P 0 0 ;0=51,1=1
P 3.7009842 2.13563 55 P 0 0 ;0=51,1=1
P 3.7091509 0.4375302 55 P 0 0 ;0=51,1=1
P 3.7091509 1.8102362 55 P 0 0 ;0=51,1=1
P 3.71 2.84 55 P 0 0 ;0=51,1=1
P 3.71 2.9 55 P 0 0 ;0=51,1=1
P 3.71 2.96 55 P 0 0 ;0=51,1=1
P 3.71 3.29 55 P 0 0 ;0=51,1=1
P 3.71 3.35 55 P 0 0 ;0=51,1=1
P 3.71 3.41 55 P 0 0 ;0=51,1=1
P 3.71 3.53 55 P 0 0 ;0=51,1=1
P 3.71 3.62 55 P 0 0 ;0=51,1=1
P 3.71 3.74 55 P 0 0 ;0=51,1=1
P 3.71 3.8 55 P 0 0 ;0=51,1=1
P 3.71 3.86 55 P 0 0 ;0=51,1=1
P 3.72421 1.125 55 P 0 0 ;0=51,1=1
P 3.72421 1.19951 55 P 0 0 ;0=51,1=1
P 3.725 2.93 55 P 0 0 ;0=51,1=1
P 3.725 3.1750003 55 P 0 0 ;0=51,1=1
P 3.725 3.26 55 P 0 0 ;0=51,1=1
P 3.725 3.32 55 P 0 0 ;0=51,1=1
P 3.725 3.38 55 P 0 0 ;0=51,1=1
P 3.725 3.44 55 P 0 0 ;0=51,1=1
P 3.725 3.71 55 P 0 0 ;0=51,1=1
P 3.725 3.77 55 P 0 0 ;0=51,1=1
P 3.725 3.83 55 P 0 0 ;0=51,1=1
P 3.73671 1.9583634 55 P 0 0 ;0=51,1=1
P 3.74 2.9 55 P 0 0 ;0=51,1=1
P 3.74 2.96 55 P 0 0 ;0=51,1=1
P 3.74 3.29 55 P 0 0 ;0=51,1=1
P 3.74 3.35 55 P 0 0 ;0=51,1=1
P 3.74 3.41 55 P 0 0 ;0=51,1=1
P 3.74 3.53 55 P 0 0 ;0=51,1=1
P 3.74 3.62 55 P 0 0 ;0=51,1=1
P 3.74 3.74 55 P 0 0 ;0=51,1=1
P 3.74 3.8 55 P 0 0 ;0=51,1=1
P 3.74 3.86 55 P 0 0 ;0=51,1=1
P 3.74375 0.725 55 P 0 0 ;0=51,1=1
P 3.755 2.93 55 P 0 0 ;0=51,1=1
P 3.755 3.26 55 P 0 0 ;0=51,1=1
P 3.755 3.32 55 P 0 0 ;0=51,1=1
P 3.755 3.38 55 P 0 0 ;0=51,1=1
P 3.755 3.44 55 P 0 0 ;0=51,1=1
P 3.755 3.71 55 P 0 0 ;0=51,1=1
P 3.755 3.77 55 P 0 0 ;0=51,1=1
P 3.755 3.83 55 P 0 0 ;0=51,1=1
P 3.77 2.9 55 P 0 0 ;0=51,1=1
P 3.77 2.96 55 P 0 0 ;0=51,1=1
P 3.77 3.17 55 P 0 0 ;0=51,1=1
P 3.77 3.29 55 P 0 0 ;0=51,1=1
P 3.77 3.35 55 P 0 0 ;0=51,1=1
P 3.77 3.41 55 P 0 0 ;0=51,1=1
P 3.77 3.53 55 P 0 0 ;0=51,1=1
P 3.77 3.62 55 P 0 0 ;0=51,1=1
P 3.77 3.74 55 P 0 0 ;0=51,1=1
P 3.77 3.8 55 P 0 0 ;0=51,1=1
P 3.77 3.86 55 P 0 0 ;0=51,1=1
P 3.775 1.11875 55 P 0 0 ;0=51,1=1
P 3.775 1.8653543 55 P 0 0 ;0=51,1=1
P 3.78125 0.8875 55 P 0 0 ;0=51,1=1
P 3.785 2.87 55 P 0 0 ;0=51,1=1
P 3.785 2.93 55 P 0 0 ;0=51,1=1
P 3.785 3.26 55 P 0 0 ;0=51,1=1
P 3.785 3.32 55 P 0 0 ;0=51,1=1
P 3.785 3.38 55 P 0 0 ;0=51,1=1
P 3.785 3.44 55 P 0 0 ;0=51,1=1
P 3.785 3.71 55 P 0 0 ;0=51,1=1
P 3.785 3.77 55 P 0 0 ;0=51,1=1
P 3.785 3.83 55 P 0 0 ;0=51,1=1
P 3.7874015 2.8125 55 P 0 0 ;0=51,1=1
P 3.7875 0.79375 55 P 0 0 ;0=51,1=1
P 3.7927166 2.182185 55 P 0 0 ;0=51,1=1
P 3.79921 2.2187734 55 P 0 0 ;0=51,1=1
P 3.8 2.5125 55 P 0 0 ;0=51,1=1
P 3.8 2.84 55 P 0 0 ;0=51,1=1
P 3.8 2.9 55 P 0 0 ;0=51,1=1
P 3.8 2.96 55 P 0 0 ;0=51,1=1
P 3.8 3.2125 55 P 0 0 ;0=51,1=1
P 3.8 3.29 55 P 0 0 ;0=51,1=1
P 3.8 3.35 55 P 0 0 ;0=51,1=1
P 3.8 3.41 55 P 0 0 ;0=51,1=1
P 3.8 3.47 55 P 0 0 ;0=51,1=1
P 3.8 3.53 55 P 0 0 ;0=51,1=1
P 3.8 3.62 55 P 0 0 ;0=51,1=1
P 3.8 3.68 55 P 0 0 ;0=51,1=1
P 3.8 3.74 55 P 0 0 ;0=51,1=1
P 3.8 3.8 55 P 0 0 ;0=51,1=1
P 3.8 3.86 55 P 0 0 ;0=51,1=1
P 3.80625 0.725 55 P 0 0 ;0=51,1=1
P 3.8099435 1.7380905 55 P 0 0 ;0=51,1=1
P 3.82421 1.125 55 P 0 0 ;0=51,1=1
P 3.82421 1.19951 55 P 0 0 ;0=51,1=1
P 3.82421 1.9362204 55 P 0 0 ;0=51,1=1
P 3.825 0.84375 55 P 0 0 ;0=51,1=1
P 3.825 2.775 55 P 0 0 ;0=51,1=1
P 3.8341509 0.4375302 55 P 0 0 ;0=51,1=1
P 3.8461869 2.1775224 55 P 0 0 ;0=51,1=1
P 3.85 2.58 55 P 0 0 ;0=51,1=1
P 3.8625 2.125 55 P 0 0 ;0=51,1=1
P 3.86875 0.725 55 P 0 0 ;0=51,1=1
P 3.87421 2.9754064 55 P 0 0 ;0=51,1=1
P 3.875 3.6625 55 P 0 0 ;0=51,1=1
P 3.87736 2.1875 55 P 0 0 ;0=51,1=1
P 3.8875 2.375 55 P 0 0 ;0=51,1=1
P 3.89 2.84 55 P 0 0 ;0=51,1=1
P 3.89 2.9 55 P 0 0 ;0=51,1=1
P 3.89 3.17 55 P 0 0 ;0=51,1=1
P 3.89 3.29 55 P 0 0 ;0=51,1=1
P 3.89 3.35 55 P 0 0 ;0=51,1=1
P 3.89 3.41 55 P 0 0 ;0=51,1=1
P 3.89 3.53 55 P 0 0 ;0=51,1=1
P 3.89 3.62 55 P 0 0 ;0=51,1=1
P 3.89 3.74 55 P 0 0 ;0=51,1=1
P 3.89 3.8 55 P 0 0 ;0=51,1=1
P 3.89 3.86 55 P 0 0 ;0=51,1=1
P 3.905 2.87 55 P 0 0 ;0=51,1=1
P 3.905 2.93 55 P 0 0 ;0=51,1=1
P 3.905 3.26 55 P 0 0 ;0=51,1=1
P 3.905 3.32 55 P 0 0 ;0=51,1=1
P 3.905 3.38 55 P 0 0 ;0=51,1=1
P 3.905 3.44 55 P 0 0 ;0=51,1=1
P 3.905 3.71 55 P 0 0 ;0=51,1=1
P 3.905 3.77 55 P 0 0 ;0=51,1=1
P 3.905 3.83 55 P 0 0 ;0=51,1=1
P 3.9125 1.125 55 P 0 0 ;0=51,1=1
P 3.92 2.84 55 P 0 0 ;0=51,1=1
P 3.92 2.9 55 P 0 0 ;0=51,1=1
P 3.92 2.96 55 P 0 0 ;0=51,1=1
P 3.92 3.17 55 P 0 0 ;0=51,1=1
P 3.92 3.29 55 P 0 0 ;0=51,1=1
P 3.92 3.35 55 P 0 0 ;0=51,1=1
P 3.92 3.41 55 P 0 0 ;0=51,1=1
P 3.92 3.53 55 P 0 0 ;0=51,1=1
P 3.92 3.62 55 P 0 0 ;0=51,1=1
P 3.92 3.74 55 P 0 0 ;0=51,1=1
P 3.92 3.8 55 P 0 0 ;0=51,1=1
P 3.92 3.86 55 P 0 0 ;0=51,1=1
P 3.93125 0.725 55 P 0 0 ;0=51,1=1
P 3.935 2.87 55 P 0 0 ;0=51,1=1
P 3.935 2.93 55 P 0 0 ;0=51,1=1
P 3.935 3.26 55 P 0 0 ;0=51,1=1
P 3.935 3.32 55 P 0 0 ;0=51,1=1
P 3.935 3.38 55 P 0 0 ;0=51,1=1
P 3.935 3.44 55 P 0 0 ;0=51,1=1
P 3.935 3.71 55 P 0 0 ;0=51,1=1
P 3.935 3.77 55 P 0 0 ;0=51,1=1
P 3.935 3.83 55 P 0 0 ;0=51,1=1
P 3.9401989 1.7380905 55 P 0 0 ;0=51,1=1
P 3.95 1.2 57 P 0 0 ;0=53,1=1
P 3.95 1.7817647 57 P 0 0 ;0=53,1=1
P 3.95 2.9 55 P 0 0 ;0=51,1=1
P 3.95 2.96 55 P 0 0 ;0=51,1=1
P 3.95 3.29 55 P 0 0 ;0=51,1=1
P 3.95 3.35 55 P 0 0 ;0=51,1=1
P 3.95 3.41 55 P 0 0 ;0=51,1=1
P 3.95 3.53 55 P 0 0 ;0=51,1=1
P 3.95 3.62 55 P 0 0 ;0=51,1=1
P 3.95 3.74 55 P 0 0 ;0=51,1=1
P 3.95 3.8 55 P 0 0 ;0=51,1=1
P 3.95 3.86 55 P 0 0 ;0=51,1=1
P 3.9501942 3.175 55 P 0 0 ;0=51,1=1
P 3.9591509 0.4375302 55 P 0 0 ;0=51,1=1
P 3.965 2.93 55 P 0 0 ;0=51,1=1
P 3.965 3.26 55 P 0 0 ;0=51,1=1
P 3.965 3.32 55 P 0 0 ;0=51,1=1
P 3.965 3.38 55 P 0 0 ;0=51,1=1
P 3.965 3.44 55 P 0 0 ;0=51,1=1
P 3.965 3.71 55 P 0 0 ;0=51,1=1
P 3.965 3.77 55 P 0 0 ;0=51,1=1
P 3.965 3.83 55 P 0 0 ;0=51,1=1
P 3.975 1.8625 55 P 0 0 ;0=51,1=1
P 3.98 2.9 55 P 0 0 ;0=51,1=1
P 3.98 2.96 55 P 0 0 ;0=51,1=1
P 3.98 3.17 55 P 0 0 ;0=51,1=1
P 3.98 3.29 55 P 0 0 ;0=51,1=1
P 3.98 3.35 55 P 0 0 ;0=51,1=1
P 3.98 3.41 55 P 0 0 ;0=51,1=1
P 3.98 3.53 55 P 0 0 ;0=51,1=1
P 3.98 3.62 55 P 0 0 ;0=51,1=1
P 3.98 3.74 55 P 0 0 ;0=51,1=1
P 3.98 3.8 55 P 0 0 ;0=51,1=1
P 3.98 3.86 55 P 0 0 ;0=51,1=1
P 3.99375 0.725 55 P 0 0 ;0=51,1=1
P 3.995 2.93 55 P 0 0 ;0=51,1=1
P 3.995 3.26 55 P 0 0 ;0=51,1=1
P 3.995 3.32 55 P 0 0 ;0=51,1=1
P 3.995 3.38 55 P 0 0 ;0=51,1=1
P 3.995 3.44 55 P 0 0 ;0=51,1=1
P 3.995 3.71 55 P 0 0 ;0=51,1=1
P 3.995 3.77 55 P 0 0 ;0=51,1=1
P 3.995 3.83 55 P 0 0 ;0=51,1=1
P 3.9991116 2.1491116 55 P 0 0 ;0=51,1=1
P 3.9991116 2.1888801 55 P 0 0 ;0=51,1=1
P 4 2.0125 55 P 0 0 ;0=51,1=1
P 4.00625 0.8622048 55 P 0 0 ;0=51,1=1
P 4.01 2.9 55 P 0 0 ;0=51,1=1
P 4.01 2.96 55 P 0 0 ;0=51,1=1
P 4.01 3.17 55 P 0 0 ;0=51,1=1
P 4.01 3.29 55 P 0 0 ;0=51,1=1
P 4.01 3.35 55 P 0 0 ;0=51,1=1
P 4.01 3.41 55 P 0 0 ;0=51,1=1
P 4.01 3.53 55 P 0 0 ;0=51,1=1
P 4.01 3.62 55 P 0 0 ;0=51,1=1
P 4.01 3.74 55 P 0 0 ;0=51,1=1
P 4.01 3.8 55 P 0 0 ;0=51,1=1
P 4.01 3.86 55 P 0 0 ;0=51,1=1
P 4.0125 0.7875 55 P 0 0 ;0=51,1=1
P 4.0125 0.825 55 P 0 0 ;0=51,1=1
P 4.0125 2.8125 55 P 0 0 ;0=51,1=1
P 4.025 1.8625 55 P 0 0 ;0=51,1=1
P 4.025 2.87 55 P 0 0 ;0=51,1=1
P 4.025 2.93 55 P 0 0 ;0=51,1=1
P 4.025 3.2125 55 P 0 0 ;0=51,1=1
P 4.025 3.26 55 P 0 0 ;0=51,1=1
P 4.025 3.32 55 P 0 0 ;0=51,1=1
P 4.025 3.38 55 P 0 0 ;0=51,1=1
P 4.025 3.44 55 P 0 0 ;0=51,1=1
P 4.025 3.5 55 P 0 0 ;0=51,1=1
P 4.025 3.65 55 P 0 0 ;0=51,1=1
P 4.025 3.71 55 P 0 0 ;0=51,1=1
P 4.025 3.77 55 P 0 0 ;0=51,1=1
P 4.025 3.83 55 P 0 0 ;0=51,1=1
P 4.0375 0.76875 55 P 0 0 ;0=51,1=1
P 4.05 0.725 55 P 0 0 ;0=51,1=1
P 4.05 2.25 55 P 0 0 ;0=51,1=1
P 4.05 2.775 55 P 0 0 ;0=51,1=1
P 4.0716509 0.4375302 55 P 0 0 ;0=51,1=1
P 4.075 1.5875 55 P 0 0 ;0=51,1=1
P 4.1 2.84 55 P 0 0 ;0=51,1=1
P 4.1 2.9 55 P 0 0 ;0=51,1=1
P 4.1 2.9754064 55 P 0 0 ;0=51,1=1
P 4.1 3.17 55 P 0 0 ;0=51,1=1
P 4.1 3.23 55 P 0 0 ;0=51,1=1
P 4.1 3.29 55 P 0 0 ;0=51,1=1
P 4.1 3.35 55 P 0 0 ;0=51,1=1
P 4.1 3.41 55 P 0 0 ;0=51,1=1
P 4.1 3.47 55 P 0 0 ;0=51,1=1
P 4.1 3.53 55 P 0 0 ;0=51,1=1
P 4.1 3.62 55 P 0 0 ;0=51,1=1
P 4.1 3.6625 55 P 0 0 ;0=51,1=1
P 4.1 3.74 55 P 0 0 ;0=51,1=1
P 4.1 3.8 55 P 0 0 ;0=51,1=1
P 4.1 3.86 55 P 0 0 ;0=51,1=1
P 4.1125 2.0625 57 P 0 0 ;0=53,1=1
P 4.115 2.87 55 P 0 0 ;0=51,1=1
P 4.115 2.93 55 P 0 0 ;0=51,1=1
P 4.115 3.26 55 P 0 0 ;0=51,1=1
P 4.115 3.32 55 P 0 0 ;0=51,1=1
P 4.115 3.38 55 P 0 0 ;0=51,1=1
P 4.115 3.44 55 P 0 0 ;0=51,1=1
P 4.115 3.71 55 P 0 0 ;0=51,1=1
P 4.115 3.77 55 P 0 0 ;0=51,1=1
P 4.115 3.83 55 P 0 0 ;0=51,1=1
P 4.13 2.84 55 P 0 0 ;0=51,1=1
P 4.13 2.9 55 P 0 0 ;0=51,1=1
P 4.13 2.96 55 P 0 0 ;0=51,1=1
P 4.13 3.17 55 P 0 0 ;0=51,1=1
P 4.13 3.29 55 P 0 0 ;0=51,1=1
P 4.13 3.35 55 P 0 0 ;0=51,1=1
P 4.13 3.41 55 P 0 0 ;0=51,1=1
P 4.13 3.53 55 P 0 0 ;0=51,1=1
P 4.13 3.62 55 P 0 0 ;0=51,1=1
P 4.13 3.74 55 P 0 0 ;0=51,1=1
P 4.13 3.8 55 P 0 0 ;0=51,1=1
P 4.13 3.86 55 P 0 0 ;0=51,1=1
P 4.145 2.87 55 P 0 0 ;0=51,1=1
P 4.145 2.93 55 P 0 0 ;0=51,1=1
P 4.145 3.26 55 P 0 0 ;0=51,1=1
P 4.145 3.32 55 P 0 0 ;0=51,1=1
P 4.145 3.38 55 P 0 0 ;0=51,1=1
P 4.145 3.44 55 P 0 0 ;0=51,1=1
P 4.145 3.71 55 P 0 0 ;0=51,1=1
P 4.145 3.77 55 P 0 0 ;0=51,1=1
P 4.145 3.83 55 P 0 0 ;0=51,1=1
P 4.15 1.8839567 55 P 0 0 ;0=51,1=1
P 4.16 2.84 55 P 0 0 ;0=51,1=1
P 4.16 2.9 55 P 0 0 ;0=51,1=1
P 4.16 2.96 55 P 0 0 ;0=51,1=1
P 4.16 3.29 55 P 0 0 ;0=51,1=1
P 4.16 3.35 55 P 0 0 ;0=51,1=1
P 4.16 3.41 55 P 0 0 ;0=51,1=1
P 4.16 3.53 55 P 0 0 ;0=51,1=1
P 4.16 3.62 55 P 0 0 ;0=51,1=1
P 4.16 3.74 55 P 0 0 ;0=51,1=1
P 4.16 3.8 55 P 0 0 ;0=51,1=1
P 4.16 3.86 55 P 0 0 ;0=51,1=1
P 4.1625 1.6375 55 P 0 0 ;0=51,1=1
P 4.1625 1.95 55 P 0 0 ;0=51,1=1
P 4.175 1.9125 55 P 0 0 ;0=51,1=1
P 4.175 2.93 55 P 0 0 ;0=51,1=1
P 4.175 3.1748058 55 P 0 0 ;0=51,1=1
P 4.175 3.26 55 P 0 0 ;0=51,1=1
P 4.175 3.32 55 P 0 0 ;0=51,1=1
P 4.175 3.38 55 P 0 0 ;0=51,1=1
P 4.175 3.44 55 P 0 0 ;0=51,1=1
P 4.175 3.71 55 P 0 0 ;0=51,1=1
P 4.175 3.77 55 P 0 0 ;0=51,1=1
P 4.175 3.83 55 P 0 0 ;0=51,1=1
P 4.18125 0.85625 55 P 0 0 ;0=51,1=1
P 4.1841509 0.4375302 55 P 0 0 ;0=51,1=1
P 4.19 2.9 55 P 0 0 ;0=51,1=1
P 4.19 2.96 55 P 0 0 ;0=51,1=1
P 4.19 3.29 55 P 0 0 ;0=51,1=1
P 4.19 3.35 55 P 0 0 ;0=51,1=1
P 4.19 3.41 55 P 0 0 ;0=51,1=1
P 4.19 3.53 55 P 0 0 ;0=51,1=1
P 4.19 3.62 55 P 0 0 ;0=51,1=1
P 4.19 3.74 55 P 0 0 ;0=51,1=1
P 4.19 3.8 55 P 0 0 ;0=51,1=1
P 4.19 3.86 55 P 0 0 ;0=51,1=1
P 4.2 1.625 55 P 0 0 ;0=51,1=1
P 4.205 2.18 55 P 0 0 ;0=51,1=1
P 4.205 2.93 55 P 0 0 ;0=51,1=1
P 4.205 3.26 55 P 0 0 ;0=51,1=1
P 4.205 3.32 55 P 0 0 ;0=51,1=1
P 4.205 3.38 55 P 0 0 ;0=51,1=1
P 4.205 3.44 55 P 0 0 ;0=51,1=1
P 4.205 3.71 55 P 0 0 ;0=51,1=1
P 4.205 3.77 55 P 0 0 ;0=51,1=1
P 4.205 3.83 55 P 0 0 ;0=51,1=1
P 4.2125 1.8125 57 P 0 0 ;0=53,1=1
P 4.22 2.9 55 P 0 0 ;0=51,1=1
P 4.22 2.96 55 P 0 0 ;0=51,1=1
P 4.22 3.17 55 P 0 0 ;0=51,1=1
P 4.22 3.29 55 P 0 0 ;0=51,1=1
P 4.22 3.35 55 P 0 0 ;0=51,1=1
P 4.22 3.41 55 P 0 0 ;0=51,1=1
P 4.22 3.53 55 P 0 0 ;0=51,1=1
P 4.22 3.62 55 P 0 0 ;0=51,1=1
P 4.22 3.74 55 P 0 0 ;0=51,1=1
P 4.22 3.8 55 P 0 0 ;0=51,1=1
P 4.22 3.86 55 P 0 0 ;0=51,1=1
P 4.225 1.2 55 P 0 0 ;0=51,1=1
P 4.23125 0.7375 55 P 0 0 ;0=51,1=1
P 4.235 2.18 55 P 0 0 ;0=51,1=1
P 4.235 2.87 55 P 0 0 ;0=51,1=1
P 4.235 2.93 55 P 0 0 ;0=51,1=1
P 4.235 3.26 55 P 0 0 ;0=51,1=1
P 4.235 3.32 55 P 0 0 ;0=51,1=1
P 4.235 3.38 55 P 0 0 ;0=51,1=1
P 4.235 3.44 55 P 0 0 ;0=51,1=1
P 4.235 3.71 55 P 0 0 ;0=51,1=1
P 4.235 3.77 55 P 0 0 ;0=51,1=1
P 4.235 3.83 55 P 0 0 ;0=51,1=1
P 4.2366115 2.8116115 55 P 0 0 ;0=51,1=1
P 4.25 2.84 55 P 0 0 ;0=51,1=1
P 4.25 2.9 55 P 0 0 ;0=51,1=1
P 4.25 2.96 55 P 0 0 ;0=51,1=1
P 4.25 3.2125 55 P 0 0 ;0=51,1=1
P 4.25 3.29 55 P 0 0 ;0=51,1=1
P 4.25 3.35 55 P 0 0 ;0=51,1=1
P 4.25 3.41 55 P 0 0 ;0=51,1=1
P 4.25 3.47 55 P 0 0 ;0=51,1=1
P 4.25 3.53 55 P 0 0 ;0=51,1=1
P 4.25 3.62 55 P 0 0 ;0=51,1=1
P 4.25 3.68 55 P 0 0 ;0=51,1=1
P 4.25 3.74 55 P 0 0 ;0=51,1=1
P 4.25 3.8 55 P 0 0 ;0=51,1=1
P 4.25 3.86 55 P 0 0 ;0=51,1=1
P 4.265 2.18 55 P 0 0 ;0=51,1=1
P 4.275 2.775 55 P 0 0 ;0=51,1=1
P 4.28 2.15 55 P 0 0 ;0=51,1=1
P 4.28125 0.4375 55 P 0 0 ;0=51,1=1
P 4.2875 0.81875 55 P 0 0 ;0=51,1=1
P 4.295 2.18 55 P 0 0 ;0=51,1=1
P 4.30625 0.85 55 P 0 0 ;0=51,1=1
P 4.31 2.15 55 P 0 0 ;0=51,1=1
P 4.31875 0.31875 55 P 0 0 ;0=51,1=1
P 4.31875 0.45625 55 P 0 0 ;0=51,1=1
P 4.324508 2.9754064 55 P 0 0 ;0=51,1=1
P 4.325 1.2 55 P 0 0 ;0=51,1=1
P 4.325 2.18 55 P 0 0 ;0=51,1=1
P 4.325 3.6625 55 P 0 0 ;0=51,1=1
P 4.34 2.15 55 P 0 0 ;0=51,1=1
P 4.34 2.84 55 P 0 0 ;0=51,1=1
P 4.34 2.9 55 P 0 0 ;0=51,1=1
P 4.34 3.29 55 P 0 0 ;0=51,1=1
P 4.34 3.35 55 P 0 0 ;0=51,1=1
P 4.34 3.41 55 P 0 0 ;0=51,1=1
P 4.34 3.53 55 P 0 0 ;0=51,1=1
P 4.34 3.62 55 P 0 0 ;0=51,1=1
P 4.34 3.74 55 P 0 0 ;0=51,1=1
P 4.34 3.8 55 P 0 0 ;0=51,1=1
P 4.34 3.86 55 P 0 0 ;0=51,1=1
P 4.355 2.12 55 P 0 0 ;0=51,1=1
P 4.355 2.18 55 P 0 0 ;0=51,1=1
P 4.355 2.87 55 P 0 0 ;0=51,1=1
P 4.355 2.93 55 P 0 0 ;0=51,1=1
P 4.355 3.26 55 P 0 0 ;0=51,1=1
P 4.355 3.32 55 P 0 0 ;0=51,1=1
P 4.355 3.38 55 P 0 0 ;0=51,1=1
P 4.355 3.44 55 P 0 0 ;0=51,1=1
P 4.355 3.71 55 P 0 0 ;0=51,1=1
P 4.355 3.77 55 P 0 0 ;0=51,1=1
P 4.355 3.83 55 P 0 0 ;0=51,1=1
P 4.3625 1.8375 55 P 0 0 ;0=51,1=1
P 4.37 2.15 55 P 0 0 ;0=51,1=1
P 4.37 2.84 55 P 0 0 ;0=51,1=1
P 4.37 2.9 55 P 0 0 ;0=51,1=1
P 4.37 2.96 55 P 0 0 ;0=51,1=1
P 4.37 3.29 55 P 0 0 ;0=51,1=1
P 4.37 3.35 55 P 0 0 ;0=51,1=1
P 4.37 3.41 55 P 0 0 ;0=51,1=1
P 4.37 3.53 55 P 0 0 ;0=51,1=1
P 4.37 3.62 55 P 0 0 ;0=51,1=1
P 4.37 3.74 55 P 0 0 ;0=51,1=1
P 4.37 3.8 55 P 0 0 ;0=51,1=1
P 4.37 3.86 55 P 0 0 ;0=51,1=1
P 4.375 1.7625 55 P 0 0 ;0=51,1=1
P 4.3816929 1.981693 55 P 0 0 ;0=51,1=1
P 4.3816929 2.025 55 P 0 0 ;0=51,1=1
P 4.3816929 2.0683071 55 P 0 0 ;0=51,1=1
P 4.385 1.82 55 P 0 0 ;0=51,1=1
P 4.385 1.88 55 P 0 0 ;0=51,1=1
P 4.385 1.94 55 P 0 0 ;0=51,1=1
P 4.385 2.12 55 P 0 0 ;0=51,1=1
P 4.385 2.18 55 P 0 0 ;0=51,1=1
P 4.385 2.87 55 P 0 0 ;0=51,1=1
P 4.385 2.93 55 P 0 0 ;0=51,1=1
P 4.385 3.26 55 P 0 0 ;0=51,1=1
P 4.385 3.32 55 P 0 0 ;0=51,1=1
P 4.385 3.38 55 P 0 0 ;0=51,1=1
P 4.385 3.44 55 P 0 0 ;0=51,1=1
P 4.385 3.71 55 P 0 0 ;0=51,1=1
P 4.385 3.77 55 P 0 0 ;0=51,1=1
P 4.385 3.83 55 P 0 0 ;0=51,1=1
P 4.4 1.79 55 P 0 0 ;0=51,1=1
P 4.4 1.85 55 P 0 0 ;0=51,1=1
P 4.4 1.91 55 P 0 0 ;0=51,1=1
P 4.4 2.15 55 P 0 0 ;0=51,1=1
P 4.4 2.9 55 P 0 0 ;0=51,1=1
P 4.4 2.96 55 P 0 0 ;0=51,1=1
P 4.4 3.29 55 P 0 0 ;0=51,1=1
P 4.4 3.35 55 P 0 0 ;0=51,1=1
P 4.4 3.41 55 P 0 0 ;0=51,1=1
P 4.4 3.53 55 P 0 0 ;0=51,1=1
P 4.4 3.62 55 P 0 0 ;0=51,1=1
P 4.4 3.74 55 P 0 0 ;0=51,1=1
P 4.4 3.8 55 P 0 0 ;0=51,1=1
P 4.4 3.86 55 P 0 0 ;0=51,1=1
P 4.40012 3.1748059 55 P 0 0 ;0=51,1=1
P 4.415 1.82 55 P 0 0 ;0=51,1=1
P 4.415 1.88 55 P 0 0 ;0=51,1=1
P 4.415 1.94 55 P 0 0 ;0=51,1=1
P 4.415 2.12 55 P 0 0 ;0=51,1=1
P 4.415 2.18 55 P 0 0 ;0=51,1=1
P 4.415 2.93 55 P 0 0 ;0=51,1=1
P 4.415 3.26 55 P 0 0 ;0=51,1=1
P 4.415 3.32 55 P 0 0 ;0=51,1=1
P 4.415 3.38 55 P 0 0 ;0=51,1=1
P 4.415 3.44 55 P 0 0 ;0=51,1=1
P 4.415 3.71 55 P 0 0 ;0=51,1=1
P 4.415 3.77 55 P 0 0 ;0=51,1=1
P 4.415 3.83 55 P 0 0 ;0=51,1=1
P 4.425 1.2 55 P 0 0 ;0=51,1=1
P 4.425 1.981693 55 P 0 0 ;0=51,1=1
P 4.425 2.025 55 P 0 0 ;0=51,1=1
P 4.425 2.0683071 55 P 0 0 ;0=51,1=1
P 4.43 1.79 55 P 0 0 ;0=51,1=1
P 4.43 1.85 55 P 0 0 ;0=51,1=1
P 4.43 1.91 55 P 0 0 ;0=51,1=1
P 4.43 2.15 55 P 0 0 ;0=51,1=1
P 4.43 2.9 55 P 0 0 ;0=51,1=1
P 4.43 2.96 55 P 0 0 ;0=51,1=1
P 4.43 3.29 55 P 0 0 ;0=51,1=1
P 4.43 3.35 55 P 0 0 ;0=51,1=1
P 4.43 3.41 55 P 0 0 ;0=51,1=1
P 4.43 3.53 55 P 0 0 ;0=51,1=1
P 4.43 3.62 55 P 0 0 ;0=51,1=1
P 4.43 3.74 55 P 0 0 ;0=51,1=1
P 4.43 3.8 55 P 0 0 ;0=51,1=1
P 4.43 3.86 55 P 0 0 ;0=51,1=1
P 4.445 1.82 55 P 0 0 ;0=51,1=1
P 4.445 1.88 55 P 0 0 ;0=51,1=1
P 4.445 1.94 55 P 0 0 ;0=51,1=1
P 4.445 2.12 55 P 0 0 ;0=51,1=1
P 4.445 2.18 55 P 0 0 ;0=51,1=1
P 4.445 2.93 55 P 0 0 ;0=51,1=1
P 4.445 3.26 55 P 0 0 ;0=51,1=1
P 4.445 3.32 55 P 0 0 ;0=51,1=1
P 4.445 3.38 55 P 0 0 ;0=51,1=1
P 4.445 3.44 55 P 0 0 ;0=51,1=1
P 4.445 3.71 55 P 0 0 ;0=51,1=1
P 4.445 3.77 55 P 0 0 ;0=51,1=1
P 4.445 3.83 55 P 0 0 ;0=51,1=1
P 4.46 1.79 55 P 0 0 ;0=51,1=1
P 4.46 1.85 55 P 0 0 ;0=51,1=1
P 4.46 1.91 55 P 0 0 ;0=51,1=1
P 4.46 2.15 55 P 0 0 ;0=51,1=1
P 4.46 2.9 55 P 0 0 ;0=51,1=1
P 4.46 2.96 55 P 0 0 ;0=51,1=1
P 4.46 3.29 55 P 0 0 ;0=51,1=1
P 4.46 3.35 55 P 0 0 ;0=51,1=1
P 4.46 3.41 55 P 0 0 ;0=51,1=1
P 4.46 3.53 55 P 0 0 ;0=51,1=1
P 4.46 3.62 55 P 0 0 ;0=51,1=1
P 4.46 3.74 55 P 0 0 ;0=51,1=1
P 4.46 3.8 55 P 0 0 ;0=51,1=1
P 4.46 3.86 55 P 0 0 ;0=51,1=1
P 4.4625 2.8125 55 P 0 0 ;0=51,1=1
P 4.4683071 1.981693 55 P 0 0 ;0=51,1=1
P 4.4683071 2.025 55 P 0 0 ;0=51,1=1
P 4.4683071 2.0683071 55 P 0 0 ;0=51,1=1
P 4.475 1.82 55 P 0 0 ;0=51,1=1
P 4.475 1.88 55 P 0 0 ;0=51,1=1
P 4.475 2.12 55 P 0 0 ;0=51,1=1
P 4.475 2.18 55 P 0 0 ;0=51,1=1
P 4.475 2.87 55 P 0 0 ;0=51,1=1
P 4.475 2.93 55 P 0 0 ;0=51,1=1
P 4.475 3.2125 55 P 0 0 ;0=51,1=1
P 4.475 3.26 55 P 0 0 ;0=51,1=1
P 4.475 3.32 55 P 0 0 ;0=51,1=1
P 4.475 3.38 55 P 0 0 ;0=51,1=1
P 4.475 3.44 55 P 0 0 ;0=51,1=1
P 4.475 3.5 55 P 0 0 ;0=51,1=1
P 4.475 3.65 55 P 0 0 ;0=51,1=1
P 4.475 3.71 55 P 0 0 ;0=51,1=1
P 4.475 3.77 55 P 0 0 ;0=51,1=1
P 4.475 3.83 55 P 0 0 ;0=51,1=1
P 4.49 1.79 55 P 0 0 ;0=51,1=1
P 4.49 1.85 55 P 0 0 ;0=51,1=1
P 4.5001201 2.775 55 P 0 0 ;0=51,1=1
P 4.505 1.82 55 P 0 0 ;0=51,1=1
P 4.52 1.79 55 P 0 0 ;0=51,1=1
P 4.525 1.2 55 P 0 0 ;0=51,1=1
P 4.525 1.9125 55 P 0 0 ;0=51,1=1
P 4.535 1.82 55 P 0 0 ;0=51,1=1
P 4.55 0.86875 56 P 0 0 ;0=52,1=1
P 4.55 1.79 55 P 0 0 ;0=51,1=1
P 4.55 2.84 55 P 0 0 ;0=51,1=1
P 4.55 2.9 55 P 0 0 ;0=51,1=1
P 4.55 2.9754064 55 P 0 0 ;0=51,1=1
P 4.55 3.23 55 P 0 0 ;0=51,1=1
P 4.55 3.29 55 P 0 0 ;0=51,1=1
P 4.55 3.35 55 P 0 0 ;0=51,1=1
P 4.55 3.41 55 P 0 0 ;0=51,1=1
P 4.55 3.47 55 P 0 0 ;0=51,1=1
P 4.55 3.53 55 P 0 0 ;0=51,1=1
P 4.55 3.62 55 P 0 0 ;0=51,1=1
P 4.55 3.6625 55 P 0 0 ;0=51,1=1
P 4.55 3.74 55 P 0 0 ;0=51,1=1
P 4.55 3.8 55 P 0 0 ;0=51,1=1
P 4.55 3.86 55 P 0 0 ;0=51,1=1
P 4.565 1.82 55 P 0 0 ;0=51,1=1
P 4.565 1.88 55 P 0 0 ;0=51,1=1
P 4.565 2.87 55 P 0 0 ;0=51,1=1
P 4.565 2.93 55 P 0 0 ;0=51,1=1
P 4.565 3.26 55 P 0 0 ;0=51,1=1
P 4.565 3.32 55 P 0 0 ;0=51,1=1
P 4.565 3.38 55 P 0 0 ;0=51,1=1
P 4.565 3.44 55 P 0 0 ;0=51,1=1
P 4.565 3.71 55 P 0 0 ;0=51,1=1
P 4.565 3.77 55 P 0 0 ;0=51,1=1
P 4.565 3.83 55 P 0 0 ;0=51,1=1
P 4.58 1.79 55 P 0 0 ;0=51,1=1
P 4.58 2.84 55 P 0 0 ;0=51,1=1
P 4.58 2.9 55 P 0 0 ;0=51,1=1
P 4.58 2.96 55 P 0 0 ;0=51,1=1
P 4.58 3.29 55 P 0 0 ;0=51,1=1
P 4.58 3.35 55 P 0 0 ;0=51,1=1
P 4.58 3.41 55 P 0 0 ;0=51,1=1
P 4.58 3.53 55 P 0 0 ;0=51,1=1
P 4.58 3.62 55 P 0 0 ;0=51,1=1
P 4.58 3.74 55 P 0 0 ;0=51,1=1
P 4.58 3.8 55 P 0 0 ;0=51,1=1
P 4.58 3.86 55 P 0 0 ;0=51,1=1
P 4.595 1.82 55 P 0 0 ;0=51,1=1
P 4.595 1.88 55 P 0 0 ;0=51,1=1
P 4.595 2.87 55 P 0 0 ;0=51,1=1
P 4.595 2.93 55 P 0 0 ;0=51,1=1
P 4.595 3.26 55 P 0 0 ;0=51,1=1
P 4.595 3.32 55 P 0 0 ;0=51,1=1
P 4.595 3.38 55 P 0 0 ;0=51,1=1
P 4.595 3.44 55 P 0 0 ;0=51,1=1
P 4.595 3.71 55 P 0 0 ;0=51,1=1
P 4.595 3.77 55 P 0 0 ;0=51,1=1
P 4.595 3.83 55 P 0 0 ;0=51,1=1
P 4.61 1.79 55 P 0 0 ;0=51,1=1
P 4.61 2.84 55 P 0 0 ;0=51,1=1
P 4.61 2.9 55 P 0 0 ;0=51,1=1
P 4.61 2.96 55 P 0 0 ;0=51,1=1
P 4.61 3.29 55 P 0 0 ;0=51,1=1
P 4.61 3.35 55 P 0 0 ;0=51,1=1
P 4.61 3.41 55 P 0 0 ;0=51,1=1
P 4.61 3.53 55 P 0 0 ;0=51,1=1
P 4.61 3.62 55 P 0 0 ;0=51,1=1
P 4.61 3.74 55 P 0 0 ;0=51,1=1
P 4.61 3.8 55 P 0 0 ;0=51,1=1
P 4.61 3.86 55 P 0 0 ;0=51,1=1
P 4.625 0.88125 56 P 0 0 ;0=52,1=1
P 4.625 1.2 55 P 0 0 ;0=51,1=1
P 4.625 1.82 55 P 0 0 ;0=51,1=1
P 4.625 1.88 55 P 0 0 ;0=51,1=1
P 4.625 2.93 55 P 0 0 ;0=51,1=1
P 4.625 3.26 55 P 0 0 ;0=51,1=1
P 4.625 3.32 55 P 0 0 ;0=51,1=1
P 4.625 3.38 55 P 0 0 ;0=51,1=1
P 4.625 3.4375001 55 P 0 0 ;0=51,1=1
P 4.625 3.71 55 P 0 0 ;0=51,1=1
P 4.625 3.77 55 P 0 0 ;0=51,1=1
P 4.625 3.83 55 P 0 0 ;0=51,1=1
P 4.64 1.79 55 P 0 0 ;0=51,1=1
P 4.64 2.9 55 P 0 0 ;0=51,1=1
P 4.64 2.96 55 P 0 0 ;0=51,1=1
P 4.64 3.29 55 P 0 0 ;0=51,1=1
P 4.64 3.35 55 P 0 0 ;0=51,1=1
P 4.64 3.41 55 P 0 0 ;0=51,1=1
P 4.64 3.53 55 P 0 0 ;0=51,1=1
P 4.64 3.62 55 P 0 0 ;0=51,1=1
P 4.64 3.74 55 P 0 0 ;0=51,1=1
P 4.64 3.8 55 P 0 0 ;0=51,1=1
P 4.64 3.86 55 P 0 0 ;0=51,1=1
P 4.655 1.82 55 P 0 0 ;0=51,1=1
P 4.655 1.88 55 P 0 0 ;0=51,1=1
P 4.655 2.93 55 P 0 0 ;0=51,1=1
P 4.655 3.26 55 P 0 0 ;0=51,1=1
P 4.655 3.32 55 P 0 0 ;0=51,1=1
P 4.655 3.38 55 P 0 0 ;0=51,1=1
P 4.655 3.44 55 P 0 0 ;0=51,1=1
P 4.655 3.71 55 P 0 0 ;0=51,1=1
P 4.655 3.77 55 P 0 0 ;0=51,1=1
P 4.655 3.83 55 P 0 0 ;0=51,1=1
P 4.67 1.79 55 P 0 0 ;0=51,1=1
P 4.67 2.9 55 P 0 0 ;0=51,1=1
P 4.67 2.96 55 P 0 0 ;0=51,1=1
P 4.67 3.29 55 P 0 0 ;0=51,1=1
P 4.67 3.35 55 P 0 0 ;0=51,1=1
P 4.67 3.41 55 P 0 0 ;0=51,1=1
P 4.67 3.53 55 P 0 0 ;0=51,1=1
P 4.67 3.62 55 P 0 0 ;0=51,1=1
P 4.67 3.74 55 P 0 0 ;0=51,1=1
P 4.67 3.8 55 P 0 0 ;0=51,1=1
P 4.67 3.86 55 P 0 0 ;0=51,1=1
P 4.685 1.82 55 P 0 0 ;0=51,1=1
P 4.685 2.87 55 P 0 0 ;0=51,1=1
P 4.685 2.93 55 P 0 0 ;0=51,1=1
P 4.685 3.26 55 P 0 0 ;0=51,1=1
P 4.685 3.32 55 P 0 0 ;0=51,1=1
P 4.685 3.38 55 P 0 0 ;0=51,1=1
P 4.685 3.44 55 P 0 0 ;0=51,1=1
P 4.685 3.71 55 P 0 0 ;0=51,1=1
P 4.685 3.77 55 P 0 0 ;0=51,1=1
P 4.685 3.83 55 P 0 0 ;0=51,1=1
P 4.6874015 2.8125 55 P 0 0 ;0=51,1=1
P 4.7 0.8875 56 P 0 0 ;0=52,1=1
P 4.7 1.79 55 P 0 0 ;0=51,1=1
P 4.7 2.84 55 P 0 0 ;0=51,1=1
P 4.7 2.9 55 P 0 0 ;0=51,1=1
P 4.7 2.96 55 P 0 0 ;0=51,1=1
P 4.7 3.2125 55 P 0 0 ;0=51,1=1
P 4.7 3.29 55 P 0 0 ;0=51,1=1
P 4.7 3.35 55 P 0 0 ;0=51,1=1
P 4.7 3.41 55 P 0 0 ;0=51,1=1
P 4.7 3.53 55 P 0 0 ;0=51,1=1
P 4.7 3.62 55 P 0 0 ;0=51,1=1
P 4.7 3.68 55 P 0 0 ;0=51,1=1
P 4.7 3.74 55 P 0 0 ;0=51,1=1
P 4.7 3.8 55 P 0 0 ;0=51,1=1
P 4.7 3.86 55 P 0 0 ;0=51,1=1
P 4.725 1.2 55 P 0 0 ;0=51,1=1
P 4.725 1.85 55 P 0 0 ;0=51,1=1
P 4.725 2.775 55 P 0 0 ;0=51,1=1
P 4.73 1.79 55 P 0 0 ;0=51,1=1
P 4.76 1.79 55 P 0 0 ;0=51,1=1
P 4.775 0.8875 56 P 0 0 ;0=52,1=1
P 4.775 2.9761964 55 P 0 0 ;0=51,1=1
P 4.775 3.6625 55 P 0 0 ;0=51,1=1
P 4.79 1.79 55 P 0 0 ;0=51,1=1
P 4.79 2.84 55 P 0 0 ;0=51,1=1
P 4.79 2.9 55 P 0 0 ;0=51,1=1
P 4.79 3.29 55 P 0 0 ;0=51,1=1
P 4.79 3.35 55 P 0 0 ;0=51,1=1
P 4.79 3.41 55 P 0 0 ;0=51,1=1
P 4.79 3.53 55 P 0 0 ;0=51,1=1
P 4.79 3.62 55 P 0 0 ;0=51,1=1
P 4.79 3.74 55 P 0 0 ;0=51,1=1
P 4.79 3.8 55 P 0 0 ;0=51,1=1
P 4.79 3.86 55 P 0 0 ;0=51,1=1
P 4.805 2.87 55 P 0 0 ;0=51,1=1
P 4.805 2.93 55 P 0 0 ;0=51,1=1
P 4.805 3.26 55 P 0 0 ;0=51,1=1
P 4.805 3.32 55 P 0 0 ;0=51,1=1
P 4.805 3.38 55 P 0 0 ;0=51,1=1
P 4.805 3.44 55 P 0 0 ;0=51,1=1
P 4.805 3.71 55 P 0 0 ;0=51,1=1
P 4.805 3.77 55 P 0 0 ;0=51,1=1
P 4.805 3.83 55 P 0 0 ;0=51,1=1
P 4.82 1.79 55 P 0 0 ;0=51,1=1
P 4.82 2.84 55 P 0 0 ;0=51,1=1
P 4.82 2.9 55 P 0 0 ;0=51,1=1
P 4.82 2.96 55 P 0 0 ;0=51,1=1
P 4.82 3.29 55 P 0 0 ;0=51,1=1
P 4.82 3.35 55 P 0 0 ;0=51,1=1
P 4.82 3.41 55 P 0 0 ;0=51,1=1
P 4.82 3.53 55 P 0 0 ;0=51,1=1
P 4.82 3.62 55 P 0 0 ;0=51,1=1
P 4.82 3.74 55 P 0 0 ;0=51,1=1
P 4.82 3.8 55 P 0 0 ;0=51,1=1
P 4.82 3.86 55 P 0 0 ;0=51,1=1
P 4.825 1.2 55 P 0 0 ;0=51,1=1
P 4.8302165 2.325 55 P 0 0 ;0=51,1=1
P 4.8302165 2.45 55 P 0 0 ;0=51,1=1
P 4.835 2.87 55 P 0 0 ;0=51,1=1
P 4.835 2.93 55 P 0 0 ;0=51,1=1
P 4.835 3.26 55 P 0 0 ;0=51,1=1
P 4.835 3.32 55 P 0 0 ;0=51,1=1
P 4.835 3.38 55 P 0 0 ;0=51,1=1
P 4.835 3.44 55 P 0 0 ;0=51,1=1
P 4.835 3.71 55 P 0 0 ;0=51,1=1
P 4.835 3.77 55 P 0 0 ;0=51,1=1
P 4.835 3.83 55 P 0 0 ;0=51,1=1
P 4.85 0.8875 56 P 0 0 ;0=52,1=1
P 4.85 1.79 55 P 0 0 ;0=51,1=1
P 4.85 2.4875 57 P 0 0 ;0=53,1=1
P 4.85 2.9 55 P 0 0 ;0=51,1=1
P 4.85 2.96 55 P 0 0 ;0=51,1=1
P 4.85 3.29 55 P 0 0 ;0=51,1=1
P 4.85 3.35 55 P 0 0 ;0=51,1=1
P 4.85 3.41 55 P 0 0 ;0=51,1=1
P 4.85 3.525 55 P 0 0 ;0=51,1=1
P 4.85 3.62 55 P 0 0 ;0=51,1=1
P 4.85 3.74 55 P 0 0 ;0=51,1=1
P 4.85 3.8 55 P 0 0 ;0=51,1=1
P 4.85 3.86 55 P 0 0 ;0=51,1=1
P 4.865 2.93 55 P 0 0 ;0=51,1=1
P 4.865 3.26 55 P 0 0 ;0=51,1=1
P 4.865 3.32 55 P 0 0 ;0=51,1=1
P 4.865 3.38 55 P 0 0 ;0=51,1=1
P 4.865 3.44 55 P 0 0 ;0=51,1=1
P 4.865 3.71 55 P 0 0 ;0=51,1=1
P 4.865 3.77 55 P 0 0 ;0=51,1=1
P 4.865 3.83 55 P 0 0 ;0=51,1=1
P 4.88 1.79 55 P 0 0 ;0=51,1=1
P 4.88 2.9 55 P 0 0 ;0=51,1=1
P 4.88 2.96 55 P 0 0 ;0=51,1=1
P 4.88 3.29 55 P 0 0 ;0=51,1=1
P 4.88 3.35 55 P 0 0 ;0=51,1=1
P 4.88 3.41 55 P 0 0 ;0=51,1=1
P 4.88 3.53 55 P 0 0 ;0=51,1=1
P 4.88 3.62 55 P 0 0 ;0=51,1=1
P 4.88 3.74 55 P 0 0 ;0=51,1=1
P 4.88 3.8 55 P 0 0 ;0=51,1=1
P 4.88 3.86 55 P 0 0 ;0=51,1=1
P 4.8875 2.225 55 P 0 0 ;0=51,1=1
P 4.895 2.93 55 P 0 0 ;0=51,1=1
P 4.895 3.26 55 P 0 0 ;0=51,1=1
P 4.895 3.32 55 P 0 0 ;0=51,1=1
P 4.895 3.38 55 P 0 0 ;0=51,1=1
P 4.895 3.44 55 P 0 0 ;0=51,1=1
P 4.895 3.71 55 P 0 0 ;0=51,1=1
P 4.895 3.77 55 P 0 0 ;0=51,1=1
P 4.895 3.83 55 P 0 0 ;0=51,1=1
P 4.91 1.79 55 P 0 0 ;0=51,1=1
P 4.91 2.9 55 P 0 0 ;0=51,1=1
P 4.91 2.96 55 P 0 0 ;0=51,1=1
P 4.91 3.29 55 P 0 0 ;0=51,1=1
P 4.91 3.35 55 P 0 0 ;0=51,1=1
P 4.91 3.41 55 P 0 0 ;0=51,1=1
P 4.91 3.53 55 P 0 0 ;0=51,1=1
P 4.91 3.62 55 P 0 0 ;0=51,1=1
P 4.91 3.74 55 P 0 0 ;0=51,1=1
P 4.91 3.8 55 P 0 0 ;0=51,1=1
P 4.91 3.86 55 P 0 0 ;0=51,1=1
P 4.9125 2.8125 55 P 0 0 ;0=51,1=1
P 4.92421 1.19951 55 P 0 0 ;0=51,1=1
P 4.925 0.8875 56 P 0 0 ;0=52,1=1
P 4.925 2.225 57 P 0 0 ;0=53,1=1
P 4.925 2.87 55 P 0 0 ;0=51,1=1
P 4.925 2.93 55 P 0 0 ;0=51,1=1
P 4.925 3.2125 55 P 0 0 ;0=51,1=1
P 4.925 3.26 55 P 0 0 ;0=51,1=1
P 4.925 3.32 55 P 0 0 ;0=51,1=1
P 4.925 3.38 55 P 0 0 ;0=51,1=1
P 4.925 3.44 55 P 0 0 ;0=51,1=1
P 4.925 3.65 55 P 0 0 ;0=51,1=1
P 4.925 3.71 55 P 0 0 ;0=51,1=1
P 4.925 3.77 55 P 0 0 ;0=51,1=1
P 4.925 3.83 55 P 0 0 ;0=51,1=1
P 4.95 2.775 55 P 0 0 ;0=51,1=1
P 4.985 2.12 55 P 0 0 ;0=51,1=1
P 4.985 2.18 55 P 0 0 ;0=51,1=1
P 4.9875 2.5125 55 P 0 0 ;0=51,1=1
P 4.9992755 2.9761964 55 P 0 0 ;0=51,1=1
P 5 0.8875 56 P 0 0 ;0=52,1=1
P 5 2.09 55 P 0 0 ;0=51,1=1
P 5 2.15 55 P 0 0 ;0=51,1=1
P 5 2.84 55 P 0 0 ;0=51,1=1
P 5 2.9 55 P 0 0 ;0=51,1=1
P 5 3.23 55 P 0 0 ;0=51,1=1
P 5 3.29 55 P 0 0 ;0=51,1=1
P 5 3.35 55 P 0 0 ;0=51,1=1
P 5 3.41 55 P 0 0 ;0=51,1=1
P 5 3.53 55 P 0 0 ;0=51,1=1
P 5 3.62 55 P 0 0 ;0=51,1=1
P 5 3.6625 55 P 0 0 ;0=51,1=1
P 5 3.74 55 P 0 0 ;0=51,1=1
P 5 3.8 55 P 0 0 ;0=51,1=1
P 5 3.86 55 P 0 0 ;0=51,1=1
P 5.0125 2.4875 55 P 0 0 ;0=51,1=1
P 5.015 2.12 55 P 0 0 ;0=51,1=1
P 5.015 2.18 55 P 0 0 ;0=51,1=1
P 5.015 2.87 55 P 0 0 ;0=51,1=1
P 5.015 2.93 55 P 0 0 ;0=51,1=1
P 5.015 3.26 55 P 0 0 ;0=51,1=1
P 5.015 3.32 55 P 0 0 ;0=51,1=1
P 5.015 3.38 55 P 0 0 ;0=51,1=1
P 5.015 3.44 55 P 0 0 ;0=51,1=1
P 5.015 3.71 55 P 0 0 ;0=51,1=1
P 5.015 3.77 55 P 0 0 ;0=51,1=1
P 5.015 3.83 55 P 0 0 ;0=51,1=1
P 5.02421 1.20625 55 P 0 0 ;0=51,1=1
P 5.03 2.84 55 P 0 0 ;0=51,1=1
P 5.03 2.9 55 P 0 0 ;0=51,1=1
P 5.03 2.96 55 P 0 0 ;0=51,1=1
P 5.03 3.29 55 P 0 0 ;0=51,1=1
P 5.03 3.35 55 P 0 0 ;0=51,1=1
P 5.03 3.41 55 P 0 0 ;0=51,1=1
P 5.03 3.53 55 P 0 0 ;0=51,1=1
P 5.03 3.62 55 P 0 0 ;0=51,1=1
P 5.03 3.74 55 P 0 0 ;0=51,1=1
P 5.03 3.8 55 P 0 0 ;0=51,1=1
P 5.03 3.86 55 P 0 0 ;0=51,1=1
P 5.0375 2.5125 55 P 0 0 ;0=51,1=1
P 5.045 2.87 55 P 0 0 ;0=51,1=1
P 5.045 2.93 55 P 0 0 ;0=51,1=1
P 5.045 3.26 55 P 0 0 ;0=51,1=1
P 5.045 3.32 55 P 0 0 ;0=51,1=1
P 5.045 3.38 55 P 0 0 ;0=51,1=1
P 5.045 3.44 55 P 0 0 ;0=51,1=1
P 5.045 3.71 55 P 0 0 ;0=51,1=1
P 5.045 3.77 55 P 0 0 ;0=51,1=1
P 5.045 3.83 55 P 0 0 ;0=51,1=1
P 5.06 2.84 55 P 0 0 ;0=51,1=1
P 5.06 2.9 55 P 0 0 ;0=51,1=1
P 5.06 2.96 55 P 0 0 ;0=51,1=1
P 5.06 3.29 55 P 0 0 ;0=51,1=1
P 5.06 3.35 55 P 0 0 ;0=51,1=1
P 5.06 3.41 55 P 0 0 ;0=51,1=1
P 5.06 3.62 55 P 0 0 ;0=51,1=1
P 5.06 3.74 55 P 0 0 ;0=51,1=1
P 5.06 3.8 55 P 0 0 ;0=51,1=1
P 5.06 3.86 55 P 0 0 ;0=51,1=1
P 5.0625 2.4875 55 P 0 0 ;0=51,1=1
P 5.075 0.8875 56 P 0 0 ;0=52,1=1
P 5.075 2.93 55 P 0 0 ;0=51,1=1
P 5.075 3.26 55 P 0 0 ;0=51,1=1
P 5.075 3.32 55 P 0 0 ;0=51,1=1
P 5.075 3.38 55 P 0 0 ;0=51,1=1
P 5.075 3.44 55 P 0 0 ;0=51,1=1
P 5.075 3.5249999 55 P 0 0 ;0=51,1=1
P 5.075 3.71 55 P 0 0 ;0=51,1=1
P 5.075 3.77 55 P 0 0 ;0=51,1=1
P 5.075 3.83 55 P 0 0 ;0=51,1=1
P 5.08 2.0572298 55 P 0 0 ;0=51,1=1
P 5.0875 2.5125 55 P 0 0 ;0=51,1=1
P 5.09 2.9 55 P 0 0 ;0=51,1=1
P 5.09 2.96 55 P 0 0 ;0=51,1=1
P 5.09 3.29 55 P 0 0 ;0=51,1=1
P 5.09 3.35 55 P 0 0 ;0=51,1=1
P 5.09 3.41 55 P 0 0 ;0=51,1=1
P 5.09 3.62 55 P 0 0 ;0=51,1=1
P 5.09 3.74 55 P 0 0 ;0=51,1=1
P 5.09 3.8 55 P 0 0 ;0=51,1=1
P 5.09 3.86 55 P 0 0 ;0=51,1=1
P 5.105 2.93 55 P 0 0 ;0=51,1=1
P 5.105 3.26 55 P 0 0 ;0=51,1=1
P 5.105 3.32 55 P 0 0 ;0=51,1=1
P 5.105 3.38 55 P 0 0 ;0=51,1=1
P 5.105 3.44 55 P 0 0 ;0=51,1=1
P 5.105 3.71 55 P 0 0 ;0=51,1=1
P 5.105 3.77 55 P 0 0 ;0=51,1=1
P 5.105 3.83 55 P 0 0 ;0=51,1=1
P 5.12 2.9 55 P 0 0 ;0=51,1=1
P 5.12 2.96 55 P 0 0 ;0=51,1=1
P 5.12 3.29 55 P 0 0 ;0=51,1=1
P 5.12 3.35 55 P 0 0 ;0=51,1=1
P 5.12 3.41 55 P 0 0 ;0=51,1=1
P 5.12 3.53 55 P 0 0 ;0=51,1=1
P 5.12 3.62 55 P 0 0 ;0=51,1=1
P 5.12 3.74 55 P 0 0 ;0=51,1=1
P 5.12 3.8 55 P 0 0 ;0=51,1=1
P 5.12 3.86 55 P 0 0 ;0=51,1=1
P 5.125 1.20625 55 P 0 0 ;0=51,1=1
P 5.125 2.225 55 P 0 0 ;0=51,1=1
P 5.135 2.87 55 P 0 0 ;0=51,1=1
P 5.135 2.93 55 P 0 0 ;0=51,1=1
P 5.135 3.26 55 P 0 0 ;0=51,1=1
P 5.135 3.32 55 P 0 0 ;0=51,1=1
P 5.135 3.38 55 P 0 0 ;0=51,1=1
P 5.135 3.44 55 P 0 0 ;0=51,1=1
P 5.135 3.71 55 P 0 0 ;0=51,1=1
P 5.135 3.77 55 P 0 0 ;0=51,1=1
P 5.135 3.83 55 P 0 0 ;0=51,1=1
P 5.1375 2.8125 55 P 0 0 ;0=51,1=1
P 5.15 0.8875 56 P 0 0 ;0=52,1=1
P 5.15 2.84 55 P 0 0 ;0=51,1=1
P 5.15 2.9 55 P 0 0 ;0=51,1=1
P 5.15 2.96 55 P 0 0 ;0=51,1=1
P 5.15 3.2125 55 P 0 0 ;0=51,1=1
P 5.15 3.29 55 P 0 0 ;0=51,1=1
P 5.15 3.35 55 P 0 0 ;0=51,1=1
P 5.15 3.41 55 P 0 0 ;0=51,1=1
P 5.15 3.53 55 P 0 0 ;0=51,1=1
P 5.15 3.62 55 P 0 0 ;0=51,1=1
P 5.15 3.68 55 P 0 0 ;0=51,1=1
P 5.15 3.74 55 P 0 0 ;0=51,1=1
P 5.15 3.8 55 P 0 0 ;0=51,1=1
P 5.15 3.86 55 P 0 0 ;0=51,1=1
P 5.1560692 2.2130631 55 P 0 0 ;0=51,1=1
P 5.172441 2.2790984 55 P 0 0 ;0=51,1=1
P 5.172441 2.3125 55 P 0 0 ;0=51,1=1
P 5.175 2.48125 55 P 0 0 ;0=51,1=1
P 5.175 2.775 55 P 0 0 ;0=51,1=1
P 5.1875 1.83455 55 P 0 0 ;0=51,1=1
P 5.1875 1.8875 55 P 0 0 ;0=51,1=1
P 5.1875 1.925 55 P 0 0 ;0=51,1=1
P 5.1875 1.9625 55 P 0 0 ;0=51,1=1
P 5.1875 2 55 P 0 0 ;0=51,1=1
P 5.1875 2.03125 55 P 0 0 ;0=51,1=1
P 5.1875 2.2125 55 P 0 0 ;0=51,1=1
P 5.2148623 2.1375 55 P 0 0 ;0=51,1=1
P 5.22421 1.20625 55 P 0 0 ;0=51,1=1
P 5.225 0.8875 56 P 0 0 ;0=52,1=1
P 5.225 2.975 55 P 0 0 ;0=51,1=1
P 5.225 3.6625 55 P 0 0 ;0=51,1=1
P 5.2375 2.4625 55 P 0 0 ;0=51,1=1
P 5.24 2.84 55 P 0 0 ;0=51,1=1
P 5.24 2.9 55 P 0 0 ;0=51,1=1
P 5.24 3.29 55 P 0 0 ;0=51,1=1
P 5.24 3.35 55 P 0 0 ;0=51,1=1
P 5.24 3.41 55 P 0 0 ;0=51,1=1
P 5.24 3.62 55 P 0 0 ;0=51,1=1
P 5.24 3.74 55 P 0 0 ;0=51,1=1
P 5.24 3.8 55 P 0 0 ;0=51,1=1
P 5.24 3.86 55 P 0 0 ;0=51,1=1
P 5.25 2.1 55 P 0 0 ;0=51,1=1
P 5.255 2.87 55 P 0 0 ;0=51,1=1
P 5.255 2.93 55 P 0 0 ;0=51,1=1
P 5.255 3.26 55 P 0 0 ;0=51,1=1
P 5.255 3.32 55 P 0 0 ;0=51,1=1
P 5.255 3.38 55 P 0 0 ;0=51,1=1
P 5.255 3.44 55 P 0 0 ;0=51,1=1
P 5.255 3.71 55 P 0 0 ;0=51,1=1
P 5.255 3.77 55 P 0 0 ;0=51,1=1
P 5.255 3.83 55 P 0 0 ;0=51,1=1
P 5.27 2.84 55 P 0 0 ;0=51,1=1
P 5.27 2.9 55 P 0 0 ;0=51,1=1
P 5.27 2.96 55 P 0 0 ;0=51,1=1
P 5.27 3.29 55 P 0 0 ;0=51,1=1
P 5.27 3.35 55 P 0 0 ;0=51,1=1
P 5.27 3.41 55 P 0 0 ;0=51,1=1
P 5.27 3.62 55 P 0 0 ;0=51,1=1
P 5.27 3.74 55 P 0 0 ;0=51,1=1
P 5.27 3.8 55 P 0 0 ;0=51,1=1
P 5.27 3.86 55 P 0 0 ;0=51,1=1
P 5.275 2.25625 55 P 0 0 ;0=51,1=1
P 5.275 2.5125 55 P 0 0 ;0=51,1=1
P 5.285 2.87 55 P 0 0 ;0=51,1=1
P 5.285 2.93 55 P 0 0 ;0=51,1=1
P 5.285 3.26 55 P 0 0 ;0=51,1=1
P 5.285 3.32 55 P 0 0 ;0=51,1=1
P 5.285 3.38 55 P 0 0 ;0=51,1=1
P 5.285 3.44 55 P 0 0 ;0=51,1=1
P 5.285 3.71 55 P 0 0 ;0=51,1=1
P 5.285 3.77 55 P 0 0 ;0=51,1=1
P 5.285 3.83 55 P 0 0 ;0=51,1=1
P 5.2875 1.825 55 P 0 0 ;0=51,1=1
P 5.2875 1.875 55 P 0 0 ;0=51,1=1
P 5.2875 1.925 55 P 0 0 ;0=51,1=1
P 5.2875 1.975 55 P 0 0 ;0=51,1=1
P 5.2875 2.025 55 P 0 0 ;0=51,1=1
P 5.2875 2.1 55 P 0 0 ;0=51,1=1
P 5.3 0.8875 56 P 0 0 ;0=52,1=1
P 5.3 1.9 55 P 0 0 ;0=51,1=1
P 5.3 1.95 55 P 0 0 ;0=51,1=1
P 5.3 2 55 P 0 0 ;0=51,1=1
P 5.3 2.9 55 P 0 0 ;0=51,1=1
P 5.3 2.96 55 P 0 0 ;0=51,1=1
P 5.3 3.29 55 P 0 0 ;0=51,1=1
P 5.3 3.35 55 P 0 0 ;0=51,1=1
P 5.3 3.41 55 P 0 0 ;0=51,1=1
P 5.3 3.5625 55 P 0 0 ;0=51,1=1
P 5.3 3.62 55 P 0 0 ;0=51,1=1
P 5.3 3.74 55 P 0 0 ;0=51,1=1
P 5.3 3.8 55 P 0 0 ;0=51,1=1
P 5.3 3.86 55 P 0 0 ;0=51,1=1
P 5.3125 1.8 55 P 0 0 ;0=51,1=1
P 5.3125 1.875 55 P 0 0 ;0=51,1=1
P 5.3125 1.925 55 P 0 0 ;0=51,1=1
P 5.3125 1.975 55 P 0 0 ;0=51,1=1
P 5.3125 2.025 55 P 0 0 ;0=51,1=1
P 5.3125 2.1375 55 P 0 0 ;0=51,1=1
P 5.315 2.93 55 P 0 0 ;0=51,1=1
P 5.315 3.26 55 P 0 0 ;0=51,1=1
P 5.315 3.32 55 P 0 0 ;0=51,1=1
P 5.315 3.38 55 P 0 0 ;0=51,1=1
P 5.315 3.44 55 P 0 0 ;0=51,1=1
P 5.315 3.71 55 P 0 0 ;0=51,1=1
P 5.315 3.77 55 P 0 0 ;0=51,1=1
P 5.315 3.83 55 P 0 0 ;0=51,1=1
P 5.325 1.9 55 P 0 0 ;0=51,1=1
P 5.325 1.95 55 P 0 0 ;0=51,1=1
P 5.325 2 55 P 0 0 ;0=51,1=1
P 5.325 2.05 55 P 0 0 ;0=51,1=1
P 5.32549 1.20625 55 P 0 0 ;0=51,1=1
P 5.33 2.9 55 P 0 0 ;0=51,1=1
P 5.33 2.96 55 P 0 0 ;0=51,1=1
P 5.33 3.29 55 P 0 0 ;0=51,1=1
P 5.33 3.35 55 P 0 0 ;0=51,1=1
P 5.33 3.41 55 P 0 0 ;0=51,1=1
P 5.33 3.62 55 P 0 0 ;0=51,1=1
P 5.33 3.74 55 P 0 0 ;0=51,1=1
P 5.33 3.8 55 P 0 0 ;0=51,1=1
P 5.33 3.86 55 P 0 0 ;0=51,1=1
P 5.3375 1.875 55 P 0 0 ;0=51,1=1
P 5.3375 1.925 55 P 0 0 ;0=51,1=1
P 5.3375 1.975 55 P 0 0 ;0=51,1=1
P 5.3375 2.025 55 P 0 0 ;0=51,1=1
P 5.345 2.93 55 P 0 0 ;0=51,1=1
P 5.345 3.26 55 P 0 0 ;0=51,1=1
P 5.345 3.32 55 P 0 0 ;0=51,1=1
P 5.345 3.38 55 P 0 0 ;0=51,1=1
P 5.345 3.44 55 P 0 0 ;0=51,1=1
P 5.345 3.71 55 P 0 0 ;0=51,1=1
P 5.345 3.77 55 P 0 0 ;0=51,1=1
P 5.345 3.83 55 P 0 0 ;0=51,1=1
P 5.35 1.7875 55 P 0 0 ;0=51,1=1
P 5.35 1.9 55 P 0 0 ;0=51,1=1
P 5.35 1.95 55 P 0 0 ;0=51,1=1
P 5.35 2 55 P 0 0 ;0=51,1=1
P 5.35 2.05 55 P 0 0 ;0=51,1=1
P 5.35 2.38 55 P 0 0 ;0=51,1=1
P 5.36 2.9 55 P 0 0 ;0=51,1=1
P 5.36 2.96 55 P 0 0 ;0=51,1=1
P 5.36 3.29 55 P 0 0 ;0=51,1=1
P 5.36 3.35 55 P 0 0 ;0=51,1=1
P 5.36 3.41 55 P 0 0 ;0=51,1=1
P 5.36 3.62 55 P 0 0 ;0=51,1=1
P 5.36 3.74 55 P 0 0 ;0=51,1=1
P 5.36 3.8 55 P 0 0 ;0=51,1=1
P 5.36 3.86 55 P 0 0 ;0=51,1=1
P 5.3625 1.875 55 P 0 0 ;0=51,1=1
P 5.3625 1.925 55 P 0 0 ;0=51,1=1
P 5.3625 1.975 55 P 0 0 ;0=51,1=1
P 5.3625 2.025 55 P 0 0 ;0=51,1=1
P 5.3628915 2.8121085 55 P 0 0 ;0=51,1=1
P 5.375 0.8875 56 P 0 0 ;0=52,1=1
P 5.375 1.9 55 P 0 0 ;0=51,1=1
P 5.375 1.95 55 P 0 0 ;0=51,1=1
P 5.375 2 55 P 0 0 ;0=51,1=1
P 5.375 2.05 55 P 0 0 ;0=51,1=1
P 5.375 2.87 55 P 0 0 ;0=51,1=1
P 5.375 2.93 55 P 0 0 ;0=51,1=1
P 5.375 3.2125 55 P 0 0 ;0=51,1=1
P 5.375 3.26 55 P 0 0 ;0=51,1=1
P 5.375 3.32 55 P 0 0 ;0=51,1=1
P 5.375 3.38 55 P 0 0 ;0=51,1=1
P 5.375 3.44 55 P 0 0 ;0=51,1=1
P 5.375 3.65 55 P 0 0 ;0=51,1=1
P 5.375 3.71 55 P 0 0 ;0=51,1=1
P 5.375 3.77 55 P 0 0 ;0=51,1=1
P 5.375 3.83 55 P 0 0 ;0=51,1=1
P 5.3875 1.875 55 P 0 0 ;0=51,1=1
P 5.3875 1.925 55 P 0 0 ;0=51,1=1
P 5.3875 1.975 55 P 0 0 ;0=51,1=1
P 5.3875 2.025 55 P 0 0 ;0=51,1=1
P 5.3878823 1.7875 55 P 0 0 ;0=51,1=1
P 5.39094 2.38 55 P 0 0 ;0=51,1=1
P 5.3920276 2.124 55 P 0 0 ;0=51,1=1
P 5.4 1.9 55 P 0 0 ;0=51,1=1
P 5.4 1.95 55 P 0 0 ;0=51,1=1
P 5.4 2 55 P 0 0 ;0=51,1=1
P 5.4 2.05 55 P 0 0 ;0=51,1=1
P 5.4 2.775 55 P 0 0 ;0=51,1=1
P 5.4125 1.875 55 P 0 0 ;0=51,1=1
P 5.4125 1.925 55 P 0 0 ;0=51,1=1
P 5.4125 1.975 55 P 0 0 ;0=51,1=1
P 5.4125 2.025 55 P 0 0 ;0=51,1=1
P 5.422 2.243 55 P 0 0 ;0=51,1=1
P 5.42421 1.20625 55 P 0 0 ;0=51,1=1
P 5.425 1.7875 55 P 0 0 ;0=51,1=1
P 5.425 1.9 55 P 0 0 ;0=51,1=1
P 5.425 1.95 55 P 0 0 ;0=51,1=1
P 5.425 2 55 P 0 0 ;0=51,1=1
P 5.425 2.05 55 P 0 0 ;0=51,1=1
P 5.4375 1.875 55 P 0 0 ;0=51,1=1
P 5.4375 1.925 55 P 0 0 ;0=51,1=1
P 5.4375 1.975 55 P 0 0 ;0=51,1=1
P 5.4375 2.025 55 P 0 0 ;0=51,1=1
P 5.45 0.8875 56 P 0 0 ;0=52,1=1
P 5.45 1.9 55 P 0 0 ;0=51,1=1
P 5.45 1.95 55 P 0 0 ;0=51,1=1
P 5.45 2 55 P 0 0 ;0=51,1=1
P 5.45 2.05 55 P 0 0 ;0=51,1=1
P 5.45 2.84 55 P 0 0 ;0=51,1=1
P 5.45 2.9 55 P 0 0 ;0=51,1=1
P 5.45 2.975 55 P 0 0 ;0=51,1=1
P 5.45 3.23 55 P 0 0 ;0=51,1=1
P 5.45 3.29 55 P 0 0 ;0=51,1=1
P 5.45 3.35 55 P 0 0 ;0=51,1=1
P 5.45 3.41 55 P 0 0 ;0=51,1=1
P 5.45 3.62 55 P 0 0 ;0=51,1=1
P 5.45 3.6625 55 P 0 0 ;0=51,1=1
P 5.45 3.74 55 P 0 0 ;0=51,1=1
P 5.45 3.8 55 P 0 0 ;0=51,1=1
P 5.45 3.86 55 P 0 0 ;0=51,1=1
P 5.4564935 1.7875 55 P 0 0 ;0=51,1=1
P 5.465 2.87 55 P 0 0 ;0=51,1=1
P 5.465 2.93 55 P 0 0 ;0=51,1=1
P 5.465 3.26 55 P 0 0 ;0=51,1=1
P 5.465 3.32 55 P 0 0 ;0=51,1=1
P 5.465 3.38 55 P 0 0 ;0=51,1=1
P 5.465 3.44 55 P 0 0 ;0=51,1=1
P 5.465 3.71 55 P 0 0 ;0=51,1=1
P 5.465 3.77 55 P 0 0 ;0=51,1=1
P 5.465 3.83 55 P 0 0 ;0=51,1=1
P 5.47077 2.24173 55 P 0 0 ;0=51,1=1
P 5.48 2.84 55 P 0 0 ;0=51,1=1
P 5.48 2.9 55 P 0 0 ;0=51,1=1
P 5.48 2.96 55 P 0 0 ;0=51,1=1
P 5.48 3.29 55 P 0 0 ;0=51,1=1
P 5.48 3.35 55 P 0 0 ;0=51,1=1
P 5.48 3.41 55 P 0 0 ;0=51,1=1
P 5.48 3.62 55 P 0 0 ;0=51,1=1
P 5.48 3.74 55 P 0 0 ;0=51,1=1
P 5.48 3.8 55 P 0 0 ;0=51,1=1
P 5.48 3.86 55 P 0 0 ;0=51,1=1
P 5.4875 2.4125 55 P 0 0 ;0=51,1=1
P 5.49045 2.09705 55 P 0 0 ;0=51,1=1
P 5.495 2.87 55 P 0 0 ;0=51,1=1
P 5.495 2.93 55 P 0 0 ;0=51,1=1
P 5.495 3.26 55 P 0 0 ;0=51,1=1
P 5.495 3.32 55 P 0 0 ;0=51,1=1
P 5.495 3.38 55 P 0 0 ;0=51,1=1
P 5.495 3.44 55 P 0 0 ;0=51,1=1
P 5.495 3.71 55 P 0 0 ;0=51,1=1
P 5.495 3.77 55 P 0 0 ;0=51,1=1
P 5.495 3.83 55 P 0 0 ;0=51,1=1
P 5.51 2.84 55 P 0 0 ;0=51,1=1
P 5.51 2.9 55 P 0 0 ;0=51,1=1
P 5.51 2.96 55 P 0 0 ;0=51,1=1
P 5.51 3.29 55 P 0 0 ;0=51,1=1
P 5.51 3.35 55 P 0 0 ;0=51,1=1
P 5.51 3.41 55 P 0 0 ;0=51,1=1
P 5.51 3.62 55 P 0 0 ;0=51,1=1
P 5.51 3.74 55 P 0 0 ;0=51,1=1
P 5.51 3.8 55 P 0 0 ;0=51,1=1
P 5.51 3.86 55 P 0 0 ;0=51,1=1
P 5.5225 2.249209 55 P 0 0 ;0=51,1=1
P 5.52421 1.20625 55 P 0 0 ;0=51,1=1
P 5.525 0.8875 56 P 0 0 ;0=52,1=1
P 5.525 2.93 55 P 0 0 ;0=51,1=1
P 5.525 3.26 55 P 0 0 ;0=51,1=1
P 5.525 3.32 55 P 0 0 ;0=51,1=1
P 5.525 3.38 55 P 0 0 ;0=51,1=1
P 5.525 3.44 55 P 0 0 ;0=51,1=1
P 5.525 3.5875 55 P 0 0 ;0=51,1=1
P 5.525 3.71 55 P 0 0 ;0=51,1=1
P 5.525 3.77 55 P 0 0 ;0=51,1=1
P 5.525 3.83 55 P 0 0 ;0=51,1=1
P 5.5375 1.7820865 55 P 0 0 ;0=51,1=1
P 5.5375 1.909807 55 P 0 0 ;0=51,1=1
P 5.54 2.9 55 P 0 0 ;0=51,1=1
P 5.54 2.96 55 P 0 0 ;0=51,1=1
P 5.54 3.29 55 P 0 0 ;0=51,1=1
P 5.54 3.35 55 P 0 0 ;0=51,1=1
P 5.54 3.41 55 P 0 0 ;0=51,1=1
P 5.54 3.62 55 P 0 0 ;0=51,1=1
P 5.54 3.74 55 P 0 0 ;0=51,1=1
P 5.54 3.8 55 P 0 0 ;0=51,1=1
P 5.54 3.86 55 P 0 0 ;0=51,1=1
P 5.540193 1.9875 55 P 0 0 ;0=51,1=1
P 5.5419265 2.1526832 55 P 0 0 ;0=51,1=1
P 5.555 2.93 55 P 0 0 ;0=51,1=1
P 5.555 3.26 55 P 0 0 ;0=51,1=1
P 5.555 3.32 55 P 0 0 ;0=51,1=1
P 5.555 3.38 55 P 0 0 ;0=51,1=1
P 5.555 3.44 55 P 0 0 ;0=51,1=1
P 5.555 3.71 55 P 0 0 ;0=51,1=1
P 5.555 3.77 55 P 0 0 ;0=51,1=1
P 5.555 3.83 55 P 0 0 ;0=51,1=1
P 5.5625 2.4 55 P 0 0 ;0=51,1=1
P 5.565 2.2316323 55 P 0 0 ;0=51,1=1
P 5.57 2.9 55 P 0 0 ;0=51,1=1
P 5.57 2.96 55 P 0 0 ;0=51,1=1
P 5.57 3.29 55 P 0 0 ;0=51,1=1
P 5.57 3.35 55 P 0 0 ;0=51,1=1
P 5.57 3.41 55 P 0 0 ;0=51,1=1
P 5.57 3.62 55 P 0 0 ;0=51,1=1
P 5.57 3.74 55 P 0 0 ;0=51,1=1
P 5.57 3.8 55 P 0 0 ;0=51,1=1
P 5.57 3.86 55 P 0 0 ;0=51,1=1
P 5.585 2.87 55 P 0 0 ;0=51,1=1
P 5.585 2.93 55 P 0 0 ;0=51,1=1
P 5.585 3.26 55 P 0 0 ;0=51,1=1
P 5.585 3.32 55 P 0 0 ;0=51,1=1
P 5.585 3.38 55 P 0 0 ;0=51,1=1
P 5.585 3.44 55 P 0 0 ;0=51,1=1
P 5.585 3.71 55 P 0 0 ;0=51,1=1
P 5.585 3.77 55 P 0 0 ;0=51,1=1
P 5.585 3.83 55 P 0 0 ;0=51,1=1
P 5.5875 2.43125 55 P 0 0 ;0=51,1=1
P 5.5875 2.8125 55 P 0 0 ;0=51,1=1
P 5.6 0.8875 56 P 0 0 ;0=52,1=1
P 5.6 2.84 55 P 0 0 ;0=51,1=1
P 5.6 2.9 55 P 0 0 ;0=51,1=1
P 5.6 2.96 55 P 0 0 ;0=51,1=1
P 5.6 3.2125 55 P 0 0 ;0=51,1=1
P 5.6 3.29 55 P 0 0 ;0=51,1=1
P 5.6 3.35 55 P 0 0 ;0=51,1=1
P 5.6 3.41 55 P 0 0 ;0=51,1=1
P 5.6 3.62 55 P 0 0 ;0=51,1=1
P 5.6 3.68 55 P 0 0 ;0=51,1=1
P 5.6 3.74 55 P 0 0 ;0=51,1=1
P 5.6 3.8 55 P 0 0 ;0=51,1=1
P 5.6 3.86 55 P 0 0 ;0=51,1=1
P 5.6125 2.4125 55 P 0 0 ;0=51,1=1
P 5.625 1.20625 55 P 0 0 ;0=51,1=1
P 5.625 1.7747 55 P 0 0 ;0=51,1=1
P 5.6250001 2.77 55 P 0 0 ;0=51,1=1
P 5.63 2.15 55 P 0 0 ;0=51,1=1
P 5.63 2.18 55 P 0 0 ;0=51,1=1
P 5.6375 2.025 55 P 0 0 ;0=51,1=1
P 5.6405 1.9624655 55 P 0 0 ;0=51,1=1
P 5.6413337 2.1161663 55 P 0 0 ;0=51,1=1
P 5.6424171 2.0718534 55 P 0 0 ;0=51,1=1
P 5.64375 2.2846456 55 P 0 0 ;0=51,1=1
P 5.65 1.8375 55 P 0 0 ;0=51,1=1
P 5.65 2.225 55 P 0 0 ;0=51,1=1
P 5.65 2.4375 55 P 0 0 ;0=51,1=1
P 5.66 2.185 55 P 0 0 ;0=51,1=1
P 5.6625 1.89375 55 P 0 0 ;0=51,1=1
P 5.6625 2.05 55 P 0 0 ;0=51,1=1
P 5.6625 2.0937068 55 P 0 0 ;0=51,1=1
P 5.6625 2.35625 55 P 0 0 ;0=51,1=1
P 5.66875 2.30625 55 P 0 0 ;0=51,1=1
P 5.675 0.8875 56 P 0 0 ;0=52,1=1
P 5.675 1.9625 55 P 0 0 ;0=51,1=1
P 5.675 2.975 55 P 0 0 ;0=51,1=1
P 5.675 3.6625 55 P 0 0 ;0=51,1=1
P 5.69 2.84 55 P 0 0 ;0=51,1=1
P 5.69 2.9 55 P 0 0 ;0=51,1=1
P 5.69 3.29 55 P 0 0 ;0=51,1=1
P 5.69 3.35 55 P 0 0 ;0=51,1=1
P 5.69 3.41 55 P 0 0 ;0=51,1=1
P 5.69 3.62 55 P 0 0 ;0=51,1=1
P 5.69 3.74 55 P 0 0 ;0=51,1=1
P 5.69 3.8 55 P 0 0 ;0=51,1=1
P 5.69 3.86 55 P 0 0 ;0=51,1=1
P 5.7 2.5125 55 P 0 0 ;0=51,1=1
P 5.705 2.87 55 P 0 0 ;0=51,1=1
P 5.705 2.93 55 P 0 0 ;0=51,1=1
P 5.705 3.26 55 P 0 0 ;0=51,1=1
P 5.705 3.32 55 P 0 0 ;0=51,1=1
P 5.705 3.38 55 P 0 0 ;0=51,1=1
P 5.705 3.44 55 P 0 0 ;0=51,1=1
P 5.705 3.71 55 P 0 0 ;0=51,1=1
P 5.705 3.77 55 P 0 0 ;0=51,1=1
P 5.705 3.83 55 P 0 0 ;0=51,1=1
P 5.72 2.84 55 P 0 0 ;0=51,1=1
P 5.72 2.9 55 P 0 0 ;0=51,1=1
P 5.72 2.96 55 P 0 0 ;0=51,1=1
P 5.72 3.29 55 P 0 0 ;0=51,1=1
P 5.72 3.35 55 P 0 0 ;0=51,1=1
P 5.72 3.41 55 P 0 0 ;0=51,1=1
P 5.72 3.62 55 P 0 0 ;0=51,1=1
P 5.72 3.74 55 P 0 0 ;0=51,1=1
P 5.72 3.8 55 P 0 0 ;0=51,1=1
P 5.72 3.86 55 P 0 0 ;0=51,1=1
P 5.72766 1.20625 55 P 0 0 ;0=51,1=1
P 5.735 2.87 55 P 0 0 ;0=51,1=1
P 5.735 2.93 55 P 0 0 ;0=51,1=1
P 5.735 3.26 55 P 0 0 ;0=51,1=1
P 5.735 3.32 55 P 0 0 ;0=51,1=1
P 5.735 3.38 55 P 0 0 ;0=51,1=1
P 5.735 3.44 55 P 0 0 ;0=51,1=1
P 5.735 3.71 55 P 0 0 ;0=51,1=1
P 5.735 3.77 55 P 0 0 ;0=51,1=1
P 5.735 3.83 55 P 0 0 ;0=51,1=1
P 5.74 2.1406732 55 P 0 0 ;0=51,1=1
P 5.74016 1.7472 55 P 0 0 ;0=51,1=1
P 5.745 2.0096079 55 P 0 0 ;0=51,1=1
P 5.75 0.8875 56 P 0 0 ;0=52,1=1
P 5.75 2.9 55 P 0 0 ;0=51,1=1
P 5.75 2.96 55 P 0 0 ;0=51,1=1
P 5.75 3.29 55 P 0 0 ;0=51,1=1
P 5.75 3.35 55 P 0 0 ;0=51,1=1
P 5.75 3.41 55 P 0 0 ;0=51,1=1
P 5.75 3.6125 55 P 0 0 ;0=51,1=1
P 5.75 3.74 55 P 0 0 ;0=51,1=1
P 5.75 3.8 55 P 0 0 ;0=51,1=1
P 5.75 3.86 55 P 0 0 ;0=51,1=1
P 5.765 2.93 55 P 0 0 ;0=51,1=1
P 5.765 3.26 55 P 0 0 ;0=51,1=1
P 5.765 3.32 55 P 0 0 ;0=51,1=1
P 5.765 3.38 55 P 0 0 ;0=51,1=1
P 5.765 3.44 55 P 0 0 ;0=51,1=1
P 5.765 3.71 55 P 0 0 ;0=51,1=1
P 5.765 3.77 55 P 0 0 ;0=51,1=1
P 5.765 3.83 55 P 0 0 ;0=51,1=1
P 5.78 2.9 55 P 0 0 ;0=51,1=1
P 5.78 2.96 55 P 0 0 ;0=51,1=1
P 5.78 3.29 55 P 0 0 ;0=51,1=1
P 5.78 3.35 55 P 0 0 ;0=51,1=1
P 5.78 3.41 55 P 0 0 ;0=51,1=1
P 5.78 3.74 55 P 0 0 ;0=51,1=1
P 5.78 3.8 55 P 0 0 ;0=51,1=1
P 5.78 3.86 55 P 0 0 ;0=51,1=1
P 5.79375 1.88125 55 P 0 0 ;0=51,1=1
P 5.79375 2.475 55 P 0 0 ;0=51,1=1
P 5.795 2.93 55 P 0 0 ;0=51,1=1
P 5.795 3.26 55 P 0 0 ;0=51,1=1
P 5.795 3.32 55 P 0 0 ;0=51,1=1
P 5.795 3.38 55 P 0 0 ;0=51,1=1
P 5.795 3.44 55 P 0 0 ;0=51,1=1
P 5.795 3.71 55 P 0 0 ;0=51,1=1
P 5.795 3.77 55 P 0 0 ;0=51,1=1
P 5.795 3.83 55 P 0 0 ;0=51,1=1
P 5.79921 2.01201 55 P 0 0 ;0=51,1=1
P 5.79921 2.065 55 P 0 0 ;0=51,1=1
P 5.79921 2.12 55 P 0 0 ;0=51,1=1
P 5.79921 2.22451 55 P 0 0 ;0=51,1=1
P 5.8 2.19 55 P 0 0 ;0=51,1=1
P 5.8 2.3 55 P 0 0 ;0=51,1=1
P 5.8 2.40625 55 P 0 0 ;0=51,1=1
P 5.8061516 1.7999508 55 P 0 0 ;0=51,1=1
P 5.81 2.9 55 P 0 0 ;0=51,1=1
P 5.81 2.96 55 P 0 0 ;0=51,1=1
P 5.81 3.29 55 P 0 0 ;0=51,1=1
P 5.81 3.35 55 P 0 0 ;0=51,1=1
P 5.81 3.41 55 P 0 0 ;0=51,1=1
P 5.81 3.74 55 P 0 0 ;0=51,1=1
P 5.81 3.8 55 P 0 0 ;0=51,1=1
P 5.81 3.86 55 P 0 0 ;0=51,1=1
P 5.8125 2.8125 55 P 0 0 ;0=51,1=1
P 5.82077 1.20625 55 P 0 0 ;0=51,1=1
P 5.825 0.89375 56 P 0 0 ;0=52,1=1
P 5.825 2.87 55 P 0 0 ;0=51,1=1
P 5.825 2.93 55 P 0 0 ;0=51,1=1
P 5.825 3.26 55 P 0 0 ;0=51,1=1
P 5.825 3.32 55 P 0 0 ;0=51,1=1
P 5.825 3.38 55 P 0 0 ;0=51,1=1
P 5.825 3.44 55 P 0 0 ;0=51,1=1
P 5.825 3.65 55 P 0 0 ;0=51,1=1
P 5.825 3.71 55 P 0 0 ;0=51,1=1
P 5.825 3.77 55 P 0 0 ;0=51,1=1
P 5.825 3.83 55 P 0 0 ;0=51,1=1
P 5.8375 1.96358 55 P 0 0 ;0=51,1=1
P 5.86 1.9125 55 P 0 0 ;0=51,1=1
P 5.875 2.065 55 P 0 0 ;0=51,1=1
P 5.88 1.89 55 P 0 0 ;0=51,1=1
P 5.8875 1.84375 55 P 0 0 ;0=51,1=1
P 5.89 1.7 55 P 0 0 ;0=51,1=1
P 5.9 0.8625 56 P 0 0 ;0=52,1=1
P 5.9 1.73125 55 P 0 0 ;0=51,1=1
P 5.9027533 2.275 55 P 0 0 ;0=51,1=1
P 5.9125 1.96875 55 P 0 0 ;0=51,1=1
P 5.9125 2.2375 55 P 0 0 ;0=51,1=1
P 5.915 2.205 55 P 0 0 ;0=51,1=1
P 5.91875 1.21875 55 P 0 0 ;0=51,1=1
P 5.91875 2.172343 55 P 0 0 ;0=51,1=1
P 5.92421 1.93 55 P 0 0 ;0=51,1=1
P 5.975 0.875 55 P 0 0 ;0=51,1=1
P 6.025 0.875 55 P 0 0 ;0=51,1=1
P 6.075 0.875 55 P 0 0 ;0=51,1=1
